#sample_id	predicted_ancestry	given_ancestry	EAS_prob	AFR_prob	AMR_prob	SAS_prob	EUR_prob	PC1	PC2	PC3	PC4	PC5	PC6	PC7	PC8	PC9	PC10
NA12762	EUR	EUR	0	0	0.0148	0	0.9852	-0.1299	11.5037	5.2216	8.6843	3.5507	-0.732	-6.8395	6.484	1.6649	-0.8884
NA07048	EUR	EUR	0	0	3e-4	0	0.9997	0.5988	11.561	4.0837	11.3448	-0.3338	-0.8951	-7.4584	10.4938	-1.7819	-5.3405
NA18960	EAS	EAS	1	0	0	0	0	-6.6972	-43.7709	4.0644	5.7997	-4.9543	-2.0043	-7.3475	4.4446	-1.3463	-0.3268
NA21097	SAS	SAS	0	0	0	1	0	1.2531	-3.9743	-17.9558	-4.0277	2.6623	-2.1068	-2.5153	4.7398	1.2696	2.4385
HG02646	AFR	AFR	0	1	0	0	0	61.6489	-17.3654	0.5678	1.7442	0.8992	-1.9938	-1.1006	7.0386	-2.3263	-1.0091
HG00285	EUR	EUR	0	0	0	0	1	-1.3906	7.896	3.4403	6.8203	3.8576	10.3092	-3.0833	0.8705	-0.8394	-1.1
HG02778	SAS	SAS	0	0	0	1	0	1.5003	-8.6303	-19.2347	-3.8222	-0.0099	-4.0212	-0.3858	-0.1598	0.4528	-4.1159
NA18498	AFR	AFR	0	1	0	0	0	63.4719	-17.8365	-0.6316	1.6539	3.4898	-2.0653	-6.2548	2.7314	-0.4713	-1.1613
HG03673	SAS	SAS	0	0	0	1	0	2.7791	-9.8111	-19.4623	-4.2887	-1.6265	-3.4741	-6.5742	3.1648	-2.7801	-2.1592
HG00190	EUR	EUR	0	0	0.0249	0	0.9751	-0.5351	9.8621	5.0245	8.4693	3.654	4.7958	-7.065	3.4014	-0.5056	-4.8939
HG02337	AFR	AFR	0	0.9992	8e-4	0	0	53.8198	-15.0318	0.6811	1.4334	2.9646	-1.1704	-4.5868	5.4931	-0.7121	0.0034
HG03652	SAS	SAS	0	0	0	1	0	1.9666	-4.9806	-16.8441	-3.7022	2.5659	-5.2291	-6.084	1.201	-2.0411	0.3935
NA20891	SAS	SAS	0	0	0	1	0	0.7969	-2.7994	-14.4224	-2.8656	-3.5136	0.2167	-2.9595	1.2895	2.1054	1.4009
HG01392	AMR	AMR	0	0	0.9991	0	9e-4	10.0203	1.4319	8.4719	-2.0301	4.8309	-6.08	-4.0774	9.635	-2.3733	2.521
NA18638	EAS	EAS	1	0	0	0	0	-6.3092	-43.398	2.186	7.5249	0.0827	-3.5603	-6.7653	5.4926	-1.4702	-3.3353
NA18635	EAS	EAS	1	0	0	0	0	-6.9883	-42.8544	4.6493	6.5121	-5.3138	1.7008	-4.5022	2.696	-2.251	-2.2996
NA19722	AMR	AMR	0	1e-4	0.9999	0	0	-1.5932	-6.4853	13.6475	-10.7062	-0.9958	-3.2591	-7.1818	1.0285	-4.4187	1.5967
HG03754	SAS	SAS	0	0	0	1	0	2.2158	-5.9148	-19.6029	-5.6622	0.5591	-2.3138	2.4272	5.2497	-5.9066	0.9445
NA20878	SAS	SAS	0	0	0	1	0	-1.0372	-7.042	-20.4831	-3.4638	1.8665	-2.7192	-8.2406	5.9728	-2.6633	-3.3889
HG00101	EUR	EUR	0	0	0.049	0	0.951	0.8227	12.7249	6.634	7.334	5.1036	-1.4392	-5.6088	4.5252	0.8294	0.4183
NA20884	SAS	SAS	0	0	0	1	0	-0.1824	-7.3636	-20.2594	-5.2491	3.4533	-0.2582	-5.4393	10.3014	-4.4244	0.4322
NA20765	EUR	EUR	0	0	0.0593	0	0.9407	2.0717	11.5918	4.5071	9.192	2.4909	-9.3936	-3.9123	3.447	2.1616	-2.1205
HG02734	SAS	SAS	0	0	0	1	0	2.4512	-1.6769	-11.518	-3.1978	-0.4864	-0.0111	0.3262	6.0366	-0.5547	-0.1034
HG01770	EUR	EUR	0	0	0.0173	0	0.9827	1.152	12.5089	5.4574	9.6721	1.809	-3.352	-5.6258	6.6515	0.8476	-1.5858
NA20510	EUR	EUR	0	1e-4	0.2712	1e-4	0.7287	2.4262	12.4203	2.3485	8.3239	2.9199	-5.39	-2.4923	4.5032	2.9507	1.0627
HG01205	AMR	AMR	0	0	0.6846	1e-4	0.3154	6.8375	5.8312	6.6329	3.4308	1.939	-1.2882	-5.6569	7.129	-2.0957	-1.5199
HG00097	EUR	EUR	0	0	6e-4	0	0.9994	0.8977	14.6913	5.3686	10.6666	2.9986	-1.4314	0.5676	9.2422	5.0716	-4.4425
NA20888	SAS	SAS	0	0	0	1	0	0.4617	-5.9073	-19.1644	-4.4153	5.1195	-3.4261	-4.3882	3.0778	-4.3158	-1.4532
HG01958	AFR	AFR	0	0.9994	6e-4	0	0	53.2704	-14.8	1.7241	1.4667	3.7948	-2.0202	-3.4292	1.7556	-0.4833	-4.9816
NA19043	AFR	AFR	0	1	0	0	0	60.0071	-17.233	-0.7986	-0.1937	3.5441	-1.1888	-6.1432	2.2902	-1.9847	-2.5396
NA18954	EAS	EAS	1	0	0	0	0	-7.976	-42.4234	4.7987	5.8551	-3.3105	-0.8063	-2.4897	1.8899	1.2685	-7.6211
HG03246	AFR	AFR	0	1	0	0	0	60.9716	-16.6458	-1.1804	0.7125	2.7249	-3.5453	0.0378	3.162	-3.5265	-0.0514
NA19655	AMR	AMR	0	0	1	0	0	2.797	-1.4767	10.0655	-7.7991	-5.5148	-3.1332	-4.0768	3.3974	4.2565	-0.6369
HG00332	EUR	EUR	0	0	0.0141	0	0.9859	-0.8333	7.726	4.4651	8.4513	4.716	5.7703	-1.5831	3.1124	-2.4576	1.9767
HG00126	EUR	EUR	0	0	0.0022	0	0.9978	0.2093	13.8982	6.2526	9.4107	2.2089	-3.5272	-1.8785	3.7968	-2.0258	-1.8436
HG04158	SAS	SAS	0	0	0	1	0	0.2535	-10.1921	-15.1204	-3.1202	2.595	0.0847	-3.833	-0.2313	-3.5695	-1.2926
HG02060	EAS	EAS	1	0	0	0	0	-7.7795	-43.1824	1.7779	6.7479	6.6119	-3.2018	-3.9558	4.8621	-0.4815	-0.2188
HG00158	EUR	EUR	0	0	0.0254	0	0.9746	-0.0754	10.4409	5.3375	7.088	0.3709	-2.983	-5.6275	1.4935	2.1316	0.4317
HG01356	AMR	AMR	0	0	0.9997	2e-4	1e-4	3.1793	2.6194	9.7666	-3.896	2.9679	-4.4801	-6.3631	8.3062	0.8278	1.5033
NA18573	EAS	EAS	1	0	0	0	0	-7.7323	-43.8318	1.6918	5.5451	1.0228	-1.1697	-2.3513	6.3105	-2.3623	-2.7923
NA20752	EUR	EUR	0	0	0.0011	0	0.9989	2.6523	13.7599	4.7127	9.9129	0.6429	-7.935	-4.0263	2.5165	-1.5864	-2.8358
HG03117	AFR	AFR	0	1	0	0	0	62.8494	-15.8651	-0.0772	1.8584	1.0697	-2.2494	-5.6513	7.3976	-0.1484	-2.1337
HG01393	AMR	AMR	0	0.0119	0.9881	0	0	13.6169	-0.1314	6.6481	0.0761	5.6496	-2.5481	-5.8985	7.4565	-1.6615	-4.6817
HG02116	EAS	EAS	1	0	0	0	0	-7.1614	-42.5558	1.561	8.5266	9.5244	-3.5824	-2.6659	3.0395	1.9664	-3.6289
HG04042	SAS	SAS	0	0	0	1	0	1.9454	-7.9325	-19.6395	-5.9741	-2.9822	-0.7126	-6.826	3.6002	-1.1361	-2.2532
HG00978	EAS	EAS	1	0	0	0	0	-8.7215	-43.246	1.0173	8.596	6.2161	-5.2575	-6.439	4.9939	0.5506	-1.2559
NA19385	AFR	AFR	0	0.9999	1e-4	0	0	59.2542	-17.214	-0.5348	1.8017	4.6129	-6.9751	-8.6841	-0.7161	-0.593	3.0127
HG01607	EUR	EUR	0	0	0.2579	1e-4	0.742	2.0404	11.586	4.9027	9.6854	5.937	-4.8821	-6.5764	9.1877	-0.4259	-3.4769
NA18574	EAS	EAS	1	0	0	0	0	-9.0224	-44.9511	2.7311	5.4743	-0.523	-2.2397	-0.5698	3.6808	-2.377	-3.6948
HG01489	AMR	AMR	0	0	0.933	0.0013	0.0657	1.8243	4.8921	5.8326	2.5561	0.9784	-4.175	-5.3431	6.6223	-1.0971	-1.1534
HG02318	AFR	AFR	0	1	0	0	0	58.9837	-17.2234	0.2399	2.1324	0.8846	-1.9303	-3.034	5.281	-0.1319	-1.9828
HG01973	AMR	AMR	0	7e-4	0.9993	0	0	-5.4502	-19.2876	21.6409	-31.764	2.7779	-1.9381	-5.662	8.579	-0.7187	-4.9739
HG03052	AFR	AFR	0	1	0	0	0	62.3128	-16.776	-1.3633	2.1092	1.1926	-3.957	-2.1117	2.8088	-2.4463	0.1386
HG03297	AFR	AFR	0	0.9999	1e-4	0	0	63.4334	-18.1238	0.4275	1.1949	1.8132	-3.9579	-7.0502	3.7098	0.1966	-1.1312
HG02837	AFR	AFR	0	1	0	0	0	61.6136	-16.9221	-1.9587	2.0359	3.1356	-2.5213	-0.5838	8.0864	-3.2187	-1.495
HG00651	EAS	EAS	1	0	0	0	0	-7.4042	-45.6703	4.8896	6.7461	4.8962	-4.7259	-4.3632	1.0851	0.0206	-5.4937
NA20589	EUR	EUR	0	0	0.0292	0	0.9708	1.4325	12.2144	2.0072	7.9141	-0.1274	-7.7022	-2.9457	6.7913	-1.9537	-2.796
HG03163	AFR	AFR	0	1	0	0	0	63.7799	-17.8652	-0.2573	1.7907	3.5662	-3.5232	-4.1696	5.4687	-0.4972	-2.0291
HG03473	AFR	AFR	0	1	0	0	0	63.9671	-17.3443	-0.8448	-0.0202	3.7427	-1.7874	-2.5448	5.6935	0.3872	0.9737
HG01802	EAS	EAS	1	0	0	0	0	-7.0825	-44.9911	0.9321	7.5344	7.0072	-1.6051	-3.1733	5.5919	-3.2703	-1.7928
HG04054	SAS	SAS	0	0	0	1	0	2.3515	-9.9244	-22.0626	-6.2723	6.2453	-4.3069	-1.9926	4.1234	4.2518	3.6118
NA19131	AFR	AFR	0	0.9998	2e-4	0	0	63.0597	-17.8629	0.9191	1.4756	-0.3769	-1.2526	-2.4441	7.2234	-1.3532	-3.2303
HG00119	EUR	EUR	0	0	0.0185	0	0.9815	-0.5903	12.3084	6.5057	9.9012	3.0427	-0.8898	-6.4779	2.6854	-0.9736	-2.9161
NA19058	EAS	EAS	1	0	0	0	0	-7.3204	-42.9823	3.3331	4.789	-1.4447	-0.9777	-8.2034	0.983	2.6398	1.6894
NA07357	EUR	EUR	0	0	0.001	0	0.999	-0.4514	13.0848	5.484	8.1962	4.905	-0.5741	-4.7611	5.6444	-8.2284	1.3417
HG02974	AFR	AFR	0	0.9999	1e-4	0	0	62.2437	-17.9819	-0.0146	3.2044	1.7009	-4.3259	-5.058	2.8262	2.826	-4.489
HG00881	EAS	EAS	1	0	0	0	0	-6.7623	-44.6133	0.4173	10.0569	10.0505	-4.0071	-3.1671	5.1456	-1.9176	-1.2981
NA19728	AMR	AMR	0	0.002	0.998	0	0	-6.4579	-22.1321	21.2762	-33.3499	2.9812	2.9996	-2.2993	2.2047	-3.4813	-1.8584
HG02259	AMR	AMR	0	1e-4	0.9999	0	0	-8.8765	-26.2217	23.2864	-38.6032	3.7546	-1.6419	-4.6775	8.1934	1.9786	-2.709
NA20802	EUR	EUR	0	0	0.1091	0	0.8909	2.1698	12.4587	5.4861	9.5522	1.2866	-8.179	-4.5239	11.1569	-2.2845	3.7064
HG03995	SAS	SAS	0	0	0	1	0	1.8165	-9.6034	-21.7942	-4.2478	2.7917	0.5738	-4.1199	5.2847	0.5614	-3.2106
HG01874	EAS	EAS	1	0	0	0	0	-7.9218	-42.4447	1.1417	5.7768	6.2594	-2.4225	-6.052	5.1969	0.6063	-1.8673
HG03452	AFR	AFR	0	1	0	0	0	61.8579	-17.5418	0.1423	1.0475	0.5435	-3.8826	-2.604	6.5549	-3.5686	-4.7333
HG02699	SAS	SAS	0	0	0	1	0	0.197	0.5072	-11.6192	-1.9693	2.2371	-0.7133	-6.2301	4.6139	-3.2148	-2.2004
HG02102	AMR	AMR	0	2e-4	0.9998	0	0	-5.6316	-21.1618	21.2121	-30.9394	1.2429	-2.7791	-0.9402	1.9504	-2.58	-0.5645
HG03644	SAS	SAS	0	0	0	1	0	1.4483	-9.1542	-18.7333	-4.3077	-1.2724	-2.422	0.5556	7.5431	-4.8239	-3.8032
HG03672	SAS	SAS	0	0	0	1	0	1.6049	-9.9532	-19.3723	-7.1574	0.8373	-1.3598	-4.3564	2.6159	1.5283	-2.3754
HG03048	AFR	AFR	0	1	0	0	0	62.1596	-16.7324	0.253	1.2795	-1.2447	-2.0409	-0.9522	3.9821	-4.4545	1.9571
HG01992	AMR	AMR	0	0.0045	0.9955	0	0	-6.1933	-19.8277	23.3998	-34.9755	2.6705	-2.1842	-5.4362	2.3478	-0.0641	-3.91
HG01515	EUR	EUR	0	0	0.0047	0	0.9953	0.3433	14.6988	6.3611	9.8308	1.2539	-3.8334	-3.4729	3.9584	0.9166	0.3264
HG00620	EAS	EAS	1	0	0	0	0	-7.51	-45.9644	1.7194	8.0374	2.5454	-0.8311	-1.3423	2.8905	-0.7579	-1.5354
HG03919	SAS	SAS	0	0	0	1	0	0.743	-8.1824	-16.3008	-4.9143	0.3123	-1.1798	-0.7824	5.5054	0.1785	0.8351
HG03691	SAS	SAS	0	0	0	1	0	0.9215	-11.2771	-18.9678	-4.3617	-1.875	-1.8811	-3.7766	4.7232	0.2165	0.9235
HG00137	EUR	EUR	0	0	0.0225	0.0028	0.9747	-0.6236	11.7471	3.6374	8.3132	-0.767	-0.6498	-7.0624	9.6121	-1.0541	0.0338
NA19401	AFR	AFR	0	0.9999	1e-4	0	0	59.0832	-17.3524	0.0734	0.7812	4.4762	-2.1123	-2.4007	1.8579	-0.6593	-2.0229
HG01766	EUR	EUR	1e-4	2e-4	0.0255	0	0.9741	1.7668	12.4928	5.8457	9.2021	-1.7315	-6.1308	-1.4074	3.7401	1.9798	-2.4057
HG02790	SAS	SAS	0	0	0	1	0	0.8851	-6.9947	-18.5502	-5.9661	2.4584	-1.4253	-3.8979	5.4669	-3.6341	-2.781
HG02285	AMR	AMR	0	0.0023	0.9977	0	0	-3.9869	-16.2705	21.4056	-29.7725	3.3334	-2.7943	-4.578	3.13	-0.7403	-3.7707
HG04227	SAS	SAS	0	0	0	1	0	0.895	-9.5758	-21.7804	-3.1187	4.3342	-2.511	-4.5691	5.512	-3.4941	-0.5597
HG01702	EUR	EUR	0	0	0.0648	0	0.9352	-0.1437	11.9224	7.3634	10.3524	1.838	-4.3619	-6.1973	3.5676	-0.8543	-1.5416
HG01500	EUR	EUR	0	0	0.0022	0	0.9978	3.1618	10.4261	6.7057	10.2641	-0.803	-8.1749	-0.7832	5.5711	3.5299	0.2144
NA19000	EAS	EAS	1	0	0	0	0	-6.7363	-43.8459	4.7356	4.6143	-4.834	-0.085	-6.3144	2.4424	-2.9426	-0.59
NA19031	AFR	AFR	0	0.9999	1e-4	0	0	59.3943	-16.1178	0.648	1.097	2.6837	-4.014	-4.3567	0.824	-1.3186	-0.7652
HG04176	SAS	SAS	0	0	0	1	0	1.2853	-12.1824	-15.6032	-1.7735	4.9938	-1.7511	-0.8777	7.764	-0.9234	-1.5536
NA21130	SAS	SAS	0	0	0	1	0	0.9964	-4.6344	-18.1605	-5.5126	3.6252	0.1629	-7.536	6.2098	-1.8195	0.0563
HG00343	EUR	EUR	0	0	1e-4	0	0.9999	-0.2807	8.9888	7.0191	8.8843	2.1029	9.0929	-5.2298	-0.3206	-2.5574	2.0713
HG01805	EAS	EAS	1	0	0	0	0	-7.1668	-43.0536	1.0472	8.2993	9.6493	-5.2253	-3.6777	5.7998	-3.0056	-0.8817
NA18510	AFR	AFR	0	1	0	0	0	63.149	-18.6236	0.6178	1.2606	4.3856	0.5431	-4.0281	4.7334	-0.2541	-2.9721
HG01513	EUR	EUR	0	0	0.0578	0	0.9422	0.4341	12.3543	6.2639	9.6506	4.2394	-3.4943	-4.4351	0.8445	0.4352	-4.9523
NA21129	SAS	SAS	0	0	0	1	0	-0.1798	-6.0662	-19.0643	-5.4823	3.6767	0.3043	-8.0458	5.5097	-3.5142	-3.8728
HG03012	SAS	SAS	0	0	0	1	0	1.9732	-13.366	-18.2282	-1.3834	-1.1579	-7.6012	-7.5443	5.2774	2.513	-0.941
HG01840	EAS	EAS	1	0	0	0	0	-8.0348	-43.2413	1.4852	8.5173	3.4151	0.1487	0.8634	0.118	-0.2937	-2.5503
HG00407	EAS	EAS	1	0	0	0	0	-7.7003	-44.9833	1.1168	7.1737	2.3792	-1.2777	-7.3991	1.35	0.0248	-1.8971
HG01624	EUR	EUR	0	0	0.062	0	0.938	4.0964	12.9877	5.7907	8.9243	0.4834	-10.1559	-3.2252	3.1553	2.8441	-1.2688
HG01134	AMR	AMR	0	8e-4	0.9991	0	0	5.8761	0.5798	9.1407	-1.6705	3.9926	-7.4208	-2.2599	4.5025	-0.5573	-4.1335
HG03687	SAS	SAS	0	0	0	1	0	1.3411	-7.9134	-19.3326	-4.3944	3.5402	-2.5228	-3.2782	4.4552	3.8272	-0.129
NA18626	EAS	EAS	1	0	0	0	0	-6.783	-44.1273	2.7357	6.994	-3.9943	0.6251	-7.6022	2.2435	-2.5924	-2.0281
HG00265	EUR	EUR	0	0	0.0084	0	0.9916	0.1121	12.5239	5.8853	9.7738	-1.5733	-2.7511	0.6288	8.2431	1.3538	0.6367
HG02398	EAS	EAS	1	0	0	0	0	-6.9722	-43.7074	1.6588	7.6486	7.5425	-6.4709	-2.5931	3.9113	1.9506	-1.785
NA12414	EUR	EUR	0	0	4e-4	0	0.9996	-1.496	11.4834	3.5632	6.3579	2.4127	1.6883	-1.3923	3.1932	-0.6094	-2.0013
HG03196	AFR	AFR	0	0.9996	4e-4	0	0	61.904	-16.9459	0.0015	0.4686	1.5701	-0.8257	-8.4094	4.3844	-1.6417	-1.4625
HG03823	SAS	SAS	0	0	0	1	0	-0.2983	-10.4548	-16.8502	-3.055	0.6064	-5.2563	-0.2576	2.8206	-1.9932	-1.3671
NA18745	EAS	EAS	1	0	0	0	0	-8.7845	-44.1372	3.1371000000000002	6.5256	-0.7721	-3.0838	-3.7237	8.7757	-5.878	0.1407
HG02667	AFR	AFR	0	0.9999	1e-4	0	0	60.4733	-16.6454	0.8184	0.8633	2.2305	-0.0487	2.8654	3.5572	-1.219	-1.611
NA18995	EAS	EAS	1	0	0	0	0	-7.2468	-42.5843	3.4768	6.1733	-2.2631	-1.8037	-5.4524	6.5958	-4.7773	-2.917
HG03235	SAS	SAS	0	0	0	1	0	0.4951	-2.4225	-13.0117	-3.5398	2.0187	-2.7019	-3.3326	4.9514	-0.7577	-1.2414
HG01961	AMR	AMR	0	0.0012	0.9988	0	0	-8.4867	-24.566	23.4316	-39.5991	5.6272	-1.4813	-0.5455	3.1347	-0.2584	-2.6928
HG01684	EUR	EUR	0	0	0.008	0	0.992	1.1066	13.5715	6.2357	8.9458	-1.8097	-4.8394	-2.0235	6.5607	-4.4338	-1.0332
HG01257	EUR	AMR	0	0	0.4383	0	0.5617	-0.8236	3.5682	9.6278	-3.2739	5.0162	-5.795	-3.6906	7.1295	-0.5507	-1.5844
HG01402	AMR	AMR	0	0	0.9601	0	0.0399	10.195	1.5102	7.2504	-1.889	0.2985	-3.3658	-2.8864	1.7501	-1.1449	-1.7736
NA18874	AFR	AFR	0	0.9999	1e-4	0	0	62.3909	-17.8522	-0.6963	1.1988	-1.1194	-2.1295	-3.3984	5.8136	-2.8019	-0.6872
HG01342	AMR	AMR	0	0.049	0.951	0	0	19.4312	-6.2429	5.9116	-5.2068	4.2317	-0.6018	-6.9606	3.5502	-2.2125	-3.555
HG00342	EUR	EUR	0	0	0.0404	0	0.9596	-2.0568	7.5992	4.6373	10.8242	7.8689	6.8911	-4.2074	3.7367	-2.2301	-4.0582
NA18963	EAS	EAS	1	0	0	0	0	-7.5287	-43.4464	2.7318	6.3948	-7.6816	-2.915	-11.023	3.9088	-3.2729	-2.1782
NA18570	EAS	EAS	1	0	0	0	0	-8.7362	-44.7852	3.5695	7.8633	2.1289	-2.2666	-4.0971	6.8691	-1.5191	-3.3601
NA18599	EAS	EAS	1	0	0	0	0	-6.8836	-43.4446	3.4674	5.254	-3.7499	0.1357	-2.7479	5.1801	-3.223	-0.4923
HG01137	AMR	AMR	0	0	1	0	0	-1.4914	-0.114	11.3025	-9.6814	1.2493	-6.7475	-6.0001	8.4269	-2.8141	-4.6758
HG00613	EAS	EAS	1	0	0	0	0	-8.3734	-44.0882	2.0988	6.6792	0.7286	-4.2869	0.9143	3.3564	-4.2035	-2.8703
HG01672	EUR	EUR	0	0	0.0094	0	0.9906	0.4232	13.7126	5.9564	7.4907	0.5917	-3.1812	-2.3686	5.7631	-1.1136	-0.5364
HG01067	AMR	AMR	1e-4	0.0234	0.9764	0	0	5.9499	3.4063	6.6713	3.5212	3.8163	-5.5041	-6.6437	3.6455	-0.9088	-4.0878
HG03789	SAS	SAS	0	0	0	1	0	0.3899	-5.5872	-15.3493	-4.7163	0.2279	-3.7495	0.4425	2.8004	-0.8321	-3.186
HG03999	SAS	SAS	0	0	0	1	0	3.1882	-9.5072	-20.471800000000002	-6.0656	-0.5487	-0.8623	-7.1912	4.2855	-2.3355	-2.3187
NA18945	EAS	EAS	1	0	0	0	0	-7.2948	-42.414	3.5878	5.5943	-5.7955	-4.3221	-6.2846	0.3348	1.9691	1.9113
HG03772	SAS	SAS	0	0	0	1	0	1.0675	-8.5681	-23.1143	-6.4077	1.0891	-4.1877	-0.6877	6.6483	-3.6518	5.341
NA20901	SAS	SAS	0	0	0	1	0	-0.0058	-4.9763	-15.4102	-6.5407	-2.5724	-2.2564	-5.1335	3.283	-0.6693	-0.7373
NA18867	AFR	AFR	0	1	0	0	0	62.6695	-17.6042	-0.4194	1.9075	2.3801	-3.0923	-5.4754	5.3703	-1.2537	1.3953
NA11881	EUR	EUR	0	0	0.0188	0	0.9812	0.9744	13.5315	5.358	8.1792	0.2907	0.9182	-5.6357	8.3828	-2.4696	-0.452
HG00109	EUR	EUR	0	0	0.1988	0	0.8011	0.6788	14.5562	7.1394	8.3806	3.4687	1.3299	-1.9917	1.7427	-1.4967	-1.7913
NA19383	AFR	AFR	0	1	0	0	0	59.3257	-17.9899	0.0864	2.2648	4.5802	-6.3711	-3.4759	2.5082	-2.6413	0.6847
HG03745	SAS	SAS	0	0	0	1	0	1.2308	-8.1337	-21.378	-4.3916	0.7922	-3.6159	-3.4704	-0.5231	-3.1914	-3.6386
NA19025	AFR	AFR	0	1	0	0	0	59.2491	-15.734	0.2975	2.1775	5.3851	-3.215	-6.6963	-0.7947	1.7234	-3.8119
NA18566	EAS	EAS	1	0	0	0	0	-7.7843	-43.6249	3.0562	5.5553	-1.2607	-2.2709	-4.203	2.1628	-0.8248	1.4503
NA19026	AFR	AFR	0	0.9989	0.0011	0	0	59.6324	-15.3354	0.5549	0.6448	1.7147	-3.7276	-4.0132	-0.2139	-2.7576	-0.5734
HG03848	SAS	SAS	0	0	0	1	0	1.5986	-8.2464	-20.6961	-4.7105	1.3489	-3.1577	-2.7471	0.6952	0.0617	3.7357
NA20541	EUR	EUR	0	0	0.0033	0	0.9967	0.4809	11.5002	3.9907	8.4297	-0.2845	-8.537	-7.8921	3.6896	-4.9072	-0.2315
NA19759	AMR	AMR	0	7e-4	0.9993	0	0	-3.4312	-18.5481	16.9002	-25.5522	1.2973	0.0221	-6.7514	0.5193	-3.3446	1.1397
HG01108	AFR	AMR	0	0.7226	0.2774	0	0	39.2826	-9.7786	2.8928	-0.2993	0.6067	-4.0772	-1.819	5.4984	-5.2159	-6.6041
HG04060	SAS	SAS	0	0	0	1	0	1.6213	-5.4956	-15.8082	-4.0704	1.6801	-3.8909	-3.684	6.4134	-2.8806	-2.0432
HG03604	SAS	SAS	0	0	0	1	0	1.5627	-11.732	-16.5647	-4.5743	3.5966	-1.19	-2.2758	6.5951	-3.6598	-1.8496
HG03830	SAS	SAS	0	0	0	1	0	0.6211	-14.1373	-15.5954	-1.7677	3.4185	-0.9625	-4.1985	5.7076	0.6812	-2.9806
HG01566	AMR	AMR	0	0.0084	0.9916	0	0	-2.2342	-6.083	15.0321	-12.4892	0.5641	-4.4775	-3.6421	6.5369	-1.0295	-2.8003
HG02654	SAS	SAS	0	0	0	1	0	0.7277	1.1554	-13.1064	-2.8574	2.334	2.4708	-4.6176	5.7868	-2.7328	2.3073
HG02073	EAS	EAS	1	0	0	0	0	-7.7279	-43.9937	-0.2105	7.0177	5.3699	-5.3898	-3.4469	4.5921	-2.8378	-1.3116
HG01699	EUR	EUR	0	0	0.0328	0	0.9672	2.7547	13.0199	3.8424	7.6545	0.9769	-6.5046	-4.6394	6.1264	-0.054	-2.5368
HG01586	SAS	SAS	0	0	0	1	0	2.5559	-2.0223	-12.661	-2.2879	1.2417	-6.1503	-4.3749	-0.1979	-4.5873	4.5257
HG02401	EAS	EAS	1	0	0	0	0	-8.4378	-44.6956	1.2937	8.1977	8.9322	-7.2899	-6.4553	5.127	-0.8052	-0.5431
HG01064	AMR	AMR	1e-4	0.0025	0.8648	0.0017	0.131	10.8871	5.7639	5.759	3.5555	1.8671	-8.935	-1.7424	5.15	-1.1334	-1.0874
HG00513	EAS	EAS	1	0	0	0	0	-7.0845	-45.0209	2.731	8.307	0.1849	-1.2619	-3.1438	4.3095	-0.9505	0.1639
NA12829	EUR	EUR	0	0	0.0013	0	0.9987	2.0983	13.1688	3.9999	8.9841	2.7636	-2.0562	-3.9019	0.7842	-0.5683	-4.2429
NA19764	AMR	AMR	0	0.0319	0.9681	0	0	0.021	-4.5866	11.8831	-8.9064	-2.6116	-1.1495	-0.9596	6.4769	-1.0094	-5.4232
HG03856	SAS	SAS	0	0	0	1	0	0.92490000000000006	-10.834	-21.0607	-6.9527	-3.8203	-1.9153	-2.7015	4.3128	1.7946	3.7113
NA20755	EUR	EUR	0	0	0.0037	0	0.9963	2.927	14.0532	3.4772	10.1246	1.6605	-8.0604	-3.5635	4.1129	-1.2309	2.3477
HG04238	SAS	SAS	0	0	0	1	0	1.362	-6.9345	-20.2332	-4.9357	5.421	-4.9011	-5.8459	0.1369	1.7053	2.4362
HG02878	AFR	AFR	0	1	0	0	0	60.872	-18.4321	0.7369	1.2301	1.1224	-1.2419	1.417	8.1681	-3.7629	-0.9909
NA19160	AFR	AFR	0	0.9996	4e-4	0	0	62.3331	-17.3009	1.4968	1.6164	1.9766	-0.375	-5.105	6.2332	-0.9137	-1.7386
HG03790	SAS	SAS	0	0	0	1	0	0.9994	-8.0126	-21.7737	-5.2829	-1.7816	-1.7321	-5.2744	2.8802	-0.9079	3.8643
NA19818	AFR	AFR	0	0.9785	0.0215	0	0	45.2043	-8.8288	2.1533	2.6884	-1.2041	-0.746	-5.436	4.8316	1.7455	-4.5616
HG02784	SAS	SAS	0	0	0	1	0	0.7673	-7.3148	-19.5069	-5.8636	2.4991	-3.5127	-7.1322	2.8172	-4.9775	-5.5089
HG01791	EUR	EUR	0	0	4e-4	0	0.9996	1.0094	12.5483	3.2471	8.4395	-0.8103	-3.7066	-5.6509	-0.3822	0.3079	1.9964
HG01700	EUR	EUR	0	0	0.0561	0	0.9439	-0.6786	12.0234	6.3742	9.3554	0.1874	-3.1062	-0.4227	5.9836	-0.0678	-0.2619
HG00335	EUR	EUR	0	0	2e-4	0	0.9998	-2.9299	10.7488	7.8469	8.074	1.7203	5.4764	-1.1043	4.4823	-2.3483	-3.7384
NA19121	AFR	AFR	0	1	0	0	0	63.0455	-18.8482	-1.3465	0.5256	1.1009	-3.2554	-3.8808	2.719	-0.1796	-0.7078
HG01277	AMR	AMR	0	0.0056	0.9944	0	0	-2.9253	-2.6657	12.8763	-8.5408	3.7747	-5.1048	-3.1408	5.2152	-7.3062	-2.5272
NA18634	EAS	EAS	1	0	0	0	0	-6.7998	-44.202	2.8658	6.4023	-0.1171	-3.348	-2.8345	3.093	-2.7974	-2.6859
HG03796	SAS	SAS	0	0	0	1	0	0.3517	-15.8476	-14.6255	-2.9242	1.8378	0.1144	-5.5513	2.9136	-3.7198	-3.8298
NA19256	AFR	AFR	0	1	0	0	0	63.0211	-17.9822	-0.0997	0.557	0.604	-1.748	-5.4821	3.2878	-1.5914	-0.2331
HG01104	AMR	AMR	0	0	0.9972	0	0.0028	3.4132	4.2932	6.1406	3.381	5.6419	-4.8614	0.2709	5.6796	0.6826	0.0896
NA21142	SAS	SAS	0	0	0	1	0	1.028	-6.434	-17.6723	-5.1381	1.7335	-1.565	-9.3727	9.9252	0.683	-0.9168
NA20818	AMR	EUR	0	0	0.7356	0	0.2643	0.881	10.8087	4.2465	7.3885	1.8793	-7.9834	-6.1489	-2.1769	1.4645	1.9357
NA12399	EUR	EUR	0	0	0.0931	0	0.9069	1.0349	13.6187	4.7072	7.4593	0.2201	-3.4579	-5.9727	9.8442	0.1779	0.0349
HG02688	SAS	SAS	0	0	0	1	0	0.4433	-8.3234	-19.6414	-4.3378	1.8223	-0.2332	-6.9893	5.9701	-2.4454	-4.4398
NA19749	AMR	AMR	0	0.001	0.9989	0	0	-1.598	-5.7346	9.1554	-5.275	3.8046	-3.851	-7.147	3.3097	0.8556	-3.778
NA19750	AMR	AMR	0	4e-4	0.9994	2e-4	0	0.7254	-1.478	10.4229	-6.318	2.9645	-2.867	-0.9268	3.901	3.0177	-0.7341
NA18972	EAS	EAS	1	0	0	0	0	-7.1088	-42.6362	3.6208	6.1731	-7.7544	-1.5138	-5.5248	5.4214	1.9839	1.867
HG02002	AMR	AMR	0	3e-4	0.9997	0	0	-4.9665	-17.213	20.3447	-30.036	3.3484	-3.2913	-3.8446	5.7652	3.1384	-1.8119
HG03733	SAS	SAS	0	0	0	1	0	0.4708	-8.2381	-21.3416	-4.6056	-1.8798	-3.2075	-2.8773	2.3495	-0.0481	-4.3926
NA19114	AFR	AFR	0	0.9988	0.0012	0	0	63.2276	-18.0128	-0.4466	1.2873000000000001	0.4242	-2.2025	-2.1618	5.3782	0.777	-4.3266
NA19147	AFR	AFR	0	0.9999	1e-4	0	0	62.234	-17.3307	-0.2576	0.3859	2.2593	-4.3691	-6.1165	2.8141	0.3428	0.2235
HG00179	EUR	EUR	0	0	1e-4	0	0.9999	-0.663	8.3479	6.4835	9.8651	4.8996	9.7169	-0.492	6.8633	-2.9033	0.2003
HG04189	SAS	SAS	0	0	0	1	0	1.4893	-12.018	-16.8277	-5.6606	2.8608	-4.434	-4.837	2.4282	-1.6384	-1.3218
HG02380	EAS	EAS	1	0	0	0	0	-6.5789	-46.5004	1.2339	8.3035	8.1203	-2.4013	-4.8894	5.7961	-2.5225	4.4357
NA20342	AFR	AFR	0	0.9171	0.0829	0	0	37.2119	-5.9878	3.1778	4.2545	0.5427	-2.9979	-7.7929	5.2305	-0.4121	1.1219
HG01269	AMR	AMR	0	0.0116	0.9884	0	0	4.8331	2.2383	9.5863	-3.5612	2.8389	-3.249	-1.9772	1.8527	-6.7073	-1.5382
NA12005	EUR	EUR	0	0	0.0128	0	0.9872	-0.7706	12.6511	5.3282	7.4247	-5.2607	0.9347	-2.286	5.141	1.5625	-1.7844
HG01456	AMR	AMR	0	3e-4	0.9997	0	0	1.2083	-3.2606	12.3838	-8.8639	3.6167	-3.8105	-2.862	4.4252	-0.5019	-6.2507
HG00375	EUR	EUR	0	0	0	0	1	0.7112	8.7469	6.2615	8.0217	2.8715	8.8759	-5.1184	5.3673	-5.9602	-2.8431
HG03234	SAS	SAS	0	0	0	1	0	1.3485	-2.3979	-14.9559	-1.4626	4.4511	-1.599	-7.24	5.266	-0.1408	0.4028
HG03771	SAS	SAS	0	0	0	1	0	0.5688	-10.1352	-18.9156	-6.3194	1.1823	-3.5639	-5.9454	3.8648	2.0389	2.6118
HG01250	AMR	AMR	0	2e-4	0.9998	0	0	3.176	-1.7421	11.3131	-5.1512	1.6233	-6.5784	-1.3184	2.3843	-6.5411	-0.886
HG02367	EAS	EAS	1	0	0	0	0	-6.9575	-43.624	0.8047	9.521	7.1168	-5.2573	-2.9085	5.3309	-2.5347	-0.5155
HG02854	AFR	AFR	0	0.9998	2e-4	0	0	62.7458	-17.2733	0.9684	2.1127	2.775	-4.5104	-1.2015	3.5601	-0.9982	-1.4132
HG03953	SAS	SAS	0	0	0	1	0	3.9093	-9.3053	-19.4455	-1.7121	0.5862	-4.603	-3.6129	5.8437	-4.157	0.1552
NA19070	EAS	EAS	1	0	0	0	0	-7.3898	-43.9166	3.8381	6.7135	-5.9133	-2.4719	-1.3031	5.897	-0.2423	-5.4353
NA19921	AFR	AFR	5e-4	0.9921	0.0074	0	0	33.2812	-9.9177	2.9843	1.5215	1.6549	-4.6274	-4.9887	1.6432	-1.286	-4.452
HG02977	AFR	AFR	0	0.9999	1e-4	0	0	62.322	-16.6544	0.0552	1.4809	2.8217	-2.5013	-7.4569	3.303	0.3499	-6.7724
HG02137	EAS	EAS	1	0	0	0	0	-8.6786	-43.3576	1.2107	7.4034	6.765	-1.6345	-5.7786	3.8956	-3.7906	-1.1762
HG02805	AFR	AFR	0	1	0	0	0	63.452	-19.0059	-0.1512	0.7408	2.3921	-1.3472	1.0815	3.9766	-1.6922	-2.5025
NA18564	EAS	EAS	1	0	0	0	0	-8.1172	-43.7699	3.6658	6.4524	-4.6386	-0.5366	-3.4058	4.2219	-4.2934	1.9341
HG00361	EUR	EUR	0	0	1e-4	0	0.9999	-2.4628	5.2537	4.5823	8.1268	4.144	9.47	-3.33	-1.0622	-1.7062	-2.8411
HG02736	SAS	SAS	0	0	0	0.9999	1e-4	0.9367	-2.1528	-12.6506	-1.9105	1.9022	-1.5678	-5.9591	9.2693	-4.2317	-3.6354
HG03607	SAS	SAS	0	0	0	1	0	-0.0131	-10.7572	-16.9673	-2.6099	4.3992000000000004	-5.6773	-3.3894	5.5906	-0.6918	-1.5683
HG03998	SAS	SAS	0	0	0	1	0	3.1082	-7.9901	-20.1102	-5.1258	-1.7415	-0.3555	-1.5481	0.4134	2.1383	-8.8075
HG01412	AMR	AMR	0	2e-4	0.9977	0	0.0022	3.5156	2.341	9.2891	-1.6096	0.1132	-7.6505	0.0849	6.049	1.9959	0.6964
HG02397	EAS	EAS	1	0	0	0	0	-8.5934	-43.3336	1.4309	8.9766	11.8047	-2.8715	-4.9063	3.1699	-1.992	-0.6081
NA18990	EAS	EAS	1	0	0	0	0	-7.0082	-44.2756	2.2114	5.5796	-4.7509	-3.608	-5.1827	3.027	-1.6327	-0.7783
HG01311	AMR	AMR	0	2e-4	0.9996	0	1e-4	6.4994	5.4746	6.8689	3.7363	1.887	-5.3087	-3.5149	9.6524	-1.6425	0.7541
NA19372	AFR	AFR	0	0.9999	1e-4	0	0	60.19	-16.1218	-0.6567	1.1782	3.6246	-2.769	-5.002	-0.0103	0.3104	-1.9225
NA19661	AMR	AMR	0	0.0052	0.9948	0	0	0.3262	-8.5883	12.065	-13.2183	2.0223	-0.6051	-0.1103	1.0151	1.47	1.118
HG00560	EAS	EAS	1	0	0	0	0	-8.5785	-44.4068	1.6415	5.7267	-0.8842	-0.6369	-3.0644	2.6377	0.8897	-0.1597
NA18593	EAS	EAS	1	0	0	0	0	-9.5274	-44.8676	2.3604	5.8906	1.9243	-1.2841	-3.4359	6.906	-4.1736	-2.4278
HG01786	EUR	EUR	0	0	0.015	0	0.985	2.7522	12.8672	6.1644	8.9198	-2.3966	-6.0386	-0.8574	6.8291	-3.153	0.8674
HG04025	SAS	SAS	0	0	0	1	0	1.7114	-8.4847	-22.9661	-8.1004	2.1136	-6.9425	-0.8623	11.0929	3.3942	-1.9258
HG03943	SAS	SAS	0	0	0	1	0	1.5581	-6.7224	-18.8741	-4.245	3.6325	-1.8838	0.4115	2.113	-1.0625	-5.2671
NA19144	AFR	AFR	0	1	0	0	0	63.1394	-18.966	-2.0393	0.9797	2.9961	-3.1899	-3.0726	6.5079	-0.5362	-2.4422
HG03565	AFR	AFR	0	1	0	0	0	62.4775	-16.9071	-1.0891	0.3043	1.3592	-3.0285	-3.0349	7.8232	-3.0167	-0.7775
HG00362	EUR	EUR	0	0	0	0	1	-0.6802	9.3121	5.2885	8.4221	-0.3513	8.1688	-3.974	1.4014	1.7042	-0.6679
HG01997	AMR	AMR	0	6e-4	0.9994	0	0	-7.4297	-22.7484	22.5398	-34.521	5.6974	-1.9699	-6.271	3.9541	1.3439	-0.498
HG03022	SAS	SAS	0	0	0	1	0	0.1522	-5.244	-17.9246	-4.5821	-0.7343	-3.3007	-6.9624	7.5166	-4.4952	-4.2854
NA18559	EAS	EAS	1	0	0	0	0	-7.5723	-43.7562	2.446	7.14	-1.7051	-1.9333	-2.6476	3.1996000000000002	1.1446	-4.5405
HG03782	SAS	SAS	0	0	0	1	0	0.6802	-7.2837	-20.6598	-4.3325	2.8531	-2.6346	-4.5589	1.7789	-2.5291	3.2481
HG03971	SAS	SAS	0	0	0	1	0	1.4039	-6.1014	-18.0674	-5.4124	-1.6005	-1.6606	-2.0406	6.4665	-0.5905	-1.3982
HG02651	SAS	SAS	0	0	0	1	0	-0.2723	-2.9401	-12.6735	-1.2101	4.1338	-1.6198	-4.3704	3.1038	-4.3977	-2.3081
NA11918	EUR	EUR	0	0	0.0028	0	0.9972	-0.1967	12.0232	4.5912	9.1016	1.1521	-1.4273	-3.9515	4.7596	4.2109	-1.2945
HG01259	EUR	AMR	0	0	0.2361	0	0.7639	1.6045	5.2151	7.6965	2.4845	3.6743	-5.1022	-4.9522	3.7898	-3.0378	-5.7131
HG03631	SAS	SAS	0	0	0	1	0	2.1773	-2.7402	-15.8129	-1.1636	2.3144	-4.2603	-3.6914	2.4161	-5.8695	-5.013
NA19468	AFR	AFR	0	1	0	0	0	58.9443	-17.386	0.3071	2.2776	3.6804	-0.932	-7.7885	0.3845	-3.7595	-2.016
HG02887	AFR	AFR	0	1	0	0	0	61.6683	-17.1615	-0.3157	1.3946	0.9981	-3.065	2.3961	3.3373	-6.1649	-2.1093
HG02375	EAS	EAS	1	0	0	0	0	-7.1493	-44.1996	1.0853	8.4354	7.7723	-3.5631	-3.0128	7.9031	1.421	-2.284
HG01976	AMR	AMR	0	0.0021	0.9979	0	0	-5.3824	-13.4295	18.8127	-26.3349	1.679	-2.2307	-2.4395	2.4539	0.9491	-4.2573
HG02470	AFR	AFR	0	1	0	0	0	58.76	-14.8958	0.4369	2.3333	-0.1251	-4.1139	-3.3874	4.5549	-2.1314	-2.8263
HG01889	AFR	AFR	0	0.9999	1e-4	0	0	59.5159	-16.102	-0.163	1.5128	2.983	-2.7487	-5.9527	5.7372	0.8852	-0.1922
HG00478	EAS	EAS	1	0	0	0	0	-7.7286	-45.8877	3.0694	7.0261	1.7431	-1.8312	-3.4975	5.1638	-0.7212	-1.7423
NA19463	AFR	AFR	0	1	0	0	0	57.0747	-16.8321	0.3468	2.4161	1.8073	-2.5319	-5.8309	0.0861	1.1075	0.8581
HG02687	SAS	SAS	0	0	0	1	0	2.8375	-7.8664	-19.1009	-4.9466	4.6082	-5.5363	-1.2605	6.7821	-3.729	-3.8191
HG01459	AMR	AMR	0	3e-4	0.9997	0	0	1.2454	-4.2108	12.5941	-9.4568	-3.0637	-4.5047	-4.9339	1.4195	-0.8721	-0.2134
NA19684	AMR	AMR	0	1e-4	0.9974	1e-4	0.0024	-0.468	-0.8223	11.453	-5.9721	-0.6847	1.3432	-1.8947	7.303	-1.8402	-2.0373
HG01756	AMR	EUR	0	1e-4	0.5197	1e-4	0.4802	2.5598	12.2062	5.0505	10.832	2.0658	-4.2637	-5.753	6.1809	-2.4139	-0.4046
HG01028	EAS	EAS	1	0	0	0	0	-6.236	-45.1612	-0.2688	8.7218	5.8771	-6.6511	-3.4455	3.4788	-1.0488	1.8189
HG01139	AMR	AMR	0	0.042	0.958	0	0	8.5859	-4.6382	7.7286	-5.0908	2.3943	-4.2708	-5.129	3.7539	-2.6367	-3.0141
NA21133	SAS	SAS	0	0	0	1	0	0.4253	-6.1881	-17.7323	-7.8671	3.6216	-0.4648	-10.1067	7.7582	-6.2227	1.224
HG00759	EAS	EAS	1	0	0	0	0	-7.4541	-46.156	0.3542	8.023	11.4334	-3.9487	-5.5508	6.0756	0.1877	-1.8095
HG02604	SAS	SAS	0	0	0	1	0	1.5405	-1.5002	-12.7009	-1.5782	4.9688	-2.2292	0.1315	1.547	0.8367	-3.3893
HG04006	SAS	SAS	0	0	0	1	0	1.7015	-9.6688	-19.6742	-7.7466	2.7467	-4.1584	-2.3982	5.8665	-1.7884	-0.1387
NA18505	AFR	AFR	0	0.9999	1e-4	0	0	63.6756	-18.1793	2.433	1.5932	1.1041	-3.1453	-7.8065	3.507	-2.6657	-1.6464
NA19213	AFR	AFR	0	1	0	0	0	63.3969	-18.7211	1.576	-0.162	3.9236	-2.2154	-1.9032	3.7588	-2.6509	-2.693
HG03615	SAS	SAS	0	0	0	1	0	0.7132	-10.8192	-17.4422	-3.1764	1.0099	-2.3156	-2.6398	4.1413	0.7372	-2.0015
HG01362	AMR	AMR	0	0	0.9996	0	4e-4	5.9785	0.9873	8.9475	-2.965	5.2746	-8.1501	-7.2909	3.451	-2.4829	0.1016
HG01171	AMR	AMR	0	4e-4	0.9996	0	0	10.4536	4.1062	6.4887	-0.0448	5.6502	-8.964	-5.3575	3.0513	-2.2555	-2.2531
NA19108	AFR	AFR	0	0.9998	2e-4	0	0	62.2313	-17.2404	0.3347	1.441	2.862	-4.6214	-4.012	4.8252	-1.3573	0.4745
HG03028	AFR	AFR	0	1	0	0	0	61.1239	-16.7929	0.4251	0.9049	-0.2584	-2.2953	-0.0566	7.1546	-5.574	-0.5621
HG03240	AFR	AFR	0	0.9999	1e-4	0	0	62.3653	-16.8424	0.9313	1.4132	3.9723	-4.6441	0.1048	2.9166	-2.7166	-0.8446
HG02410	EAS	EAS	1	0	0	0	0	-7.7076	-44.4246	1.809	7.342	7.9394	-3.4408	-3.9332	4.6538	0.5139	-5.3227
NA12282	EUR	EUR	0	0	8e-4	0	0.9992	-1.3745	12.829	6.4916	7.0902	2.7492	-3.3653	0.0171	3.5216	-0.6958	-1.2083
HG03558	AFR	AFR	0	1	0	0	0	61.754	-18.7148	-0.2292	0.0866	1.6289	-0.225	-2.9889	2.9489	1.2901	-0.9911
HG01847	EAS	EAS	1	0	0	0	0	-6.3455	-41.6728	0.2859	7.0308	5.2594	-2.483	-6.1235	4.1991	-3.274	-2.962
HG02786	SAS	SAS	0	0	0	1	0	2.0089	-8.5364	-17.6114	-4.0304	1.1653	-3.5819	-1.0142	5.108	0.2932	-4.1069
HG01521	EUR	EUR	0	0	0.0554	0	0.9446	1.7199	13.0153	6.2413	8.8629	1.7703	-3.8881	-4.1647	-0.3073	-3.4038	-0.6735
HG02187	EAS	EAS	1	0	0	0	0	-6.3527	-44.3358	0.9985	6.888	10.5163	-4.1647	-4.6863	0.7849	-0.7824	-1.3721
HG00626	EAS	EAS	1	0	0	0	0	-7.9279	-45.8986	1.7613	7.201	-2.5462	-1.5682	-4.8294	9.7992	0.3988	0.053900000000000003
HG01948	AMR	AMR	0	0.393	0.607	0	0	5.3706	-21.2893	16.6413	-25.7309	7.0034	-1.1103	-4.68	3.5819	-4.4262	-1.1039
HG01242	AFR	AMR	0	0.902	0.098	0	0	30.665	-3.541	2.6449	2.1727	3.2887	-0.7318	-3.4795	3.674	2.2701	2.6691
HG00350	EUR	EUR	0	0	1e-4	0	0.9999	-0.6214	10.9712	5.4609	7.9482	-0.0167	5.2894	-7.5045	6.7168	-2.0209	-4.4002
HG02947	AFR	AFR	0	0.9999	1e-4	0	0	62.9627	-17.2062	-1.8469	1.3967	3.262	-2.9587	-5.9496	5.561	-2.0386	-0.3733
HG04186	SAS	SAS	0	0	0	1	0	1.0567	-8.6713	-19.6655	-8.2219	-1.489	-3.1025	-5.402	2.5112	-1.1506	-1.4112
HG00357	EUR	EUR	0	0	2e-4	0	0.9998	-1.9697	9.9115	4.5502	7.8488	4.2185	5.1312	-4.0896	-3.0578	-2.251	-0.1947
NA19129	AFR	AFR	0	1	0	0	0	62.3365	-18.4008	0.497	-0.4651	1.223	-3.029	-5.0616	5.9653	1.8826	-1.5838
HG01501	EUR	EUR	0	0	0.0303	0	0.9697	4.4425	10.4958	5.607	9.8029	0.4223	-3.71	-1.4301	4.3614	0.1193	-1.4779
HG04094	SAS	SAS	0	0	0	1	0	0.9491	-7.1434	-19.9212	-2.9334	1.2417	-4.9412	-5.0177	-0.2601	0.8125	0.7422
HG03436	AFR	AFR	0	1	0	0	0	62.9843	-18.4171	-0.2567	0.8315	3.2841	-0.5685	1.5932	6.5692	-5.4864	-0.8528
NA19792	AMR	AMR	0	1e-4	0.9998	0	0	0.4421	-0.3848	10.1444	-3.6855	3.4392	-4.0063	-0.5888	3.3394	-1.6566	-2.4096
NA12546	EUR	EUR	0	0	0.0514	0	0.9486	0.1775	12.8348	4.8794	9.4992	5.2046	-4.7739	-3.1895	7.1088	1.2807	-0.0734
HG03986	SAS	SAS	0	0	0	1	0	2.056	-7.2866	-19.4253	-4.5075	4.3182	-0.509	-1.3835	0.2631	4.7568	-2.4273
HG00707	EAS	EAS	1	0	0	0	0	-9.6011	-45.1803	1.852	8.0132	5.0677	-1.0376	-0.2657	6.3615	-1.5132	-3.4255
HG00879	EAS	EAS	1	0	0	0	0	-6.67	-44.6144	1.1688	7.7844	11.5069	-5.1531	-3.6622	3.4233	0.1083	-1.3398
HG02348	AMR	AMR	0	5e-4	0.9995	0	0	-5.916	-19.7677	20.4014	-33.75	1.7596	-1.1575	0.9847	5.591	1.1799	-0.4921
NA07056	EUR	EUR	0	0	0.0065	0	0.9935	0.7909	12.8418	3.9045	8.2493	1.908	-1.9595	-0.82	3.9267	-4.209	-2.9842
HG02562	AFR	AFR	0	1	0	0	0	61.4112	-17.2799	-1.1803	0.7594	-1.7359	-3.2414	-1.9234	2.1814	-4.603	-1.0782
HG02976	AFR	AFR	0	1	0	0	0	62.7751	-17.9133	0.2943	0.3165	1.7916	-2.6339	-6.547	6.8576	-0.2517	-2.736
NA19116	AFR	AFR	0	0.9993	7e-4	0	0	62.488	-17.1961	-0.6912	2.043	1.5689	-4.0034	-4.7842	4.4599	-2.0759	-4.1323
HG02008	AMR	AMR	0	4e-4	0.9996	0	0	-5.2879	-21.1594	22.4261	-31.2842	5.4034	1.6247	-3.9893	-0.0408	-2.2474	-2.9922
HG03209	AFR	AFR	0	0.9999	1e-4	0	0	63.2021	-18.6672	1.2296	1.6409	3.2243	-3.1253	-0.2299	4.9978	-1.4588	-6.0628
HG00653	EAS	EAS	1	0	0	0	0	-7.9071	-45.4519	0.3654	8.0588	3.6686	-1.9698	-0.5219	5.6959	-2.5849	-2.6894
NA21119	SAS	SAS	0	0	0	1	0	1.4176	-5.9555	-20.6163	-5.747	3.3344	-3.4271	-4.1326	4.0165	-0.555	-3.3645
HG03629	SAS	SAS	0	0	0	1	0	0.4387	-3.4993	-14.6024	-1.9746	-0.4008	-2.0608	-4.1351	4.2647	-3.4211	-3.8858
HG00657	EAS	EAS	1	0	0	0	0	-7.6418	-44.5961	1.483	6.7631	2.6375	-4.6471	1.0012	4.8919	-1.0651	3.4024
HG01089	AMR	AMR	0	0.0068	0.9932	0	0	9.25	1.8396	6.8248	2.0741	4.132	-6.3537	-4.299	4.2821	1.424	-4.4797
HG03694	SAS	SAS	0	0	0	1	0	0.6564	-8.5975	-15.8738	-1.9679	2.6539	-6.1798	-2.0724	6.9681	-4.6669	2.7658
HG01086	AMR	AMR	0	4e-4	0.9996	0	0	5.6052	2.8216	7.9962	1.1048	-0.5357	-10.4865	-1.2392	1.1702	2.1699	-0.4692
NA19355	AFR	AFR	0	0.9999	1e-4	0	0	59.7895	-16.3596	0.4934	0.8609	3.7257	-1.9459	-5.3331	0.0221	-1.2046	-4.2198
NA18912	AFR	AFR	0	1	0	0	0	62.3279	-18.8621	0.4426	0.5534	1.4535	-1.0784	-6.5337	3.4101	-1.3262	3.002
HG03247	AFR	AFR	0	0.9997	3e-4	0	0	61.9617	-16.6696	-0.2891	1.2993	0.8215	-0.3812	-4.4531	4.3949	-2.0401	0.2208
NA20357	AFR	AFR	0	0.9975	0.0025	0	0	53.8983	-15.3238	0.141	0.9719	2.7523	-4.2715	-4.5875	2.5206	1.1471	-0.232
HG01851	EAS	EAS	1	0	0	0	0	-7.4438	-42.824	0.7737	7.7269	8.0212	-5.9392	-1.7269	5.915	2.0257	-2.5463
NA20287	AFR	AFR	0	0.9997	3e-4	0	0	50.4008	-11.9514	0.3943	2.656	4.6446	-1.2535	-1.8452	3.7371	-1.5806	-5.4692
HG01170	EUR	AMR	0	0	0.1959	0	0.8041	6.389	2.2202	6.1224	-0.9226	1.8567	-5.086	-2.3485	8.4233	2.5563	-5.1085
HG00281	EUR	EUR	0	0	0	0	1	-1.0664	8.2952	8.0675	7.1878	2.7911	8.8215	-1.9061	3.4233	2.1154	-0.018
HG02147	AMR	AMR	0	0.0015	0.9985	0	0	-6.9684	-22.4881	23.8903	-35.2089	2.507	1.941	-4.4396	7.8591	0.0501	0.2584
NA20862	SAS	SAS	0	0	0	1	0	-0.0915	-0.9172	-12.825	-1.95	2.6651	-2.338	-4.275	1.0639	-2.859	-5.3706
HG00313	EUR	EUR	0	0	0.0133	0	0.9867	0.2841	8.9238	7.0026	9.165	5.7428	4.7411	-2.0412	5.0463	0.2336	-2.1971
HG03722	SAS	SAS	0	0	0	1	0	1.7538	-9.4664	-22.5028	-7.428	3.987	-0.0581	-2.2407	3.9458	-1.4483	-2.0105
HG00592	EAS	EAS	1	0	0	0	0	-6.6857	-43.7504	3.1281	7.8233	-2.9291	-0.6771	-2.5056	5.3383	-7.6233	-6.0473
HG01890	AFR	AFR	0	0.9999	1e-4	0	0	54.2726	-14.8158	-0.1898	2.4316	1.8888	-3.1152	-5.1256	6.031	0.2071	-0.0699
HG01812	EAS	EAS	1	0	0	0	0	-8.1273	-44.809	2.1684	8.0407	8.9236	-6.1093	-5.5773	3.0685	-1.508	-3.5763
HG02678	AFR	AFR	0	0.9999	1e-4	0	0	60.2134	-17.0551	-0.7163	2.4791	0.8269	-4.6017	0.1334	3.8189	-1.7549	-1.0692
HG03367	AFR	AFR	0	1	0	0	0	63.5428	-17.6718	-0.1497	1.876	-0.069	-3.4111	-5.0615	2.699	-0.8854	-1.7571
HG00445	EAS	EAS	1	0	0	0	0	-7.1034	-43.7683	2.019	6.643	0.4968	-4.1762	-5.1049	5.556	1.2636	4.1642
HG01256	EUR	AMR	0	0	0.3488	1e-4	0.6511	0.3694	5.7911	9.2851	1.8128	2.0282	-7.1689	-2.8766	5.5916	-5.1671	0.8377
NA19703	AFR	AFR	0	1	0	0	0	53.8265	-13.3268	0.6092	2.5895	3.3484	-1.4853	-4.1449	5.0219	-2.1731	-4.3002
HG01626	EUR	EUR	0	0	0.0613	0	0.9387	1.7044	12.2472	6.1284	9.1794	1.8282	-5.0368	-6.9054	6.7078	-2.2374	1.5541
HG00183	EUR	EUR	0	0	0	0	1	-0.3411	9.3805	4.9159	8.4478	3.8449	3.8042	-6.5488	7.1314	-1.7208	-2.1038
NA18553	EAS	EAS	1	0	0	0	0	-6.8144	-42.5237	2.5794	6.3385	-1.2926	-2.5515	-0.7559	5.2356	-2.2701	0.1658
NA19201	AFR	AFR	0	1	0	0	0	62.6876	-17.5935	0.5768	2.417	2.1346	-4.0495	-7.386	4.5196	0.4743	-0.4653
HG02574	AFR	AFR	0	0.9996	4e-4	0	0	59.8068	-15.1052	0.5799	2.8278	3.0631	-3.2025	-0.0371	4.1154	-3.9404	-3.1637
HG01525	AMR	EUR	0	0	0.6526	1e-4	0.3473	2.601	11.314	4.3521	7.7639	0.5109	-7.2648	-5.2334	5.2939	1.346	-2.7988
HG00128	EUR	EUR	0	0	0.0012	0	0.9988	-0.9542	13.803	4.7064	9.0417	3.7825	-3.744	-3.9316	5.9732	-2.5105	0.6224
NA19037	AFR	AFR	0	0.9998	2e-4	0	0	59.1037	-15.8941	-0.1377	2.1472	7.0827	-2.7082	-5.9339	1.2425	3.7124	-0.9107
HG03376	AFR	AFR	0	1	0	0	0	62.6204	-17.3054	-0.5053	1.1486	1.1322	-1.114	-1.5503	4.7866	0.0668	0.4298
NA18619	EAS	EAS	1	0	0	0	0	-6.8079	-43.1551	3.6095	6.9362	-4.6061	-0.9905	0.0211	3.8545	-0.4175	0.4067
NA19679	EUR	AMR	0	0	0.059	0	0.941	2.3807	10.8427	5.6839	5.5474	5.4259	-5.7615	1.6824	9.9185	-0.4922	3.1984
NA20853	SAS	SAS	0	0	0	1	0	-0.2379	-6.0934	-18.7411	-7.2993	0.9452	-0.5311	-2.4587	6.3691	3.0498	-4.0605
NA19067	EAS	EAS	1	0	0	0	0	-6.3203	-44.9596	3.2537	5.9331	-4.9782	-3.3852	-6.722	4.8435	-0.069	-1.0716
NA20807	EUR	EUR	0	0	0.1818	0	0.8181	0.9633	12.5521	2.8518	8.5587	2.8309	-3.1184	-5.1337	3.7202	-0.9394	-1.5922
HG03521	AFR	AFR	0	1	0	0	0	62.0977	-16.0097	0.2086	1.2809	3.8073	-3.9784	-0.7511	5.4445	0.0511	-0.3847
NA12775	EUR	EUR	0	0	0.0055	0	0.9945	-1.7526	12.4983	5.7848	8.9609	-2.2518	-2.054	0.2916	4.9337	6.4448	-0.8626
NA19669	AMR	AMR	0	0	1	0	0	-0.6757	-0.6613	7.9327	-5.4053	3.8948	-6.3265	1.1868	9.6849	-1.2278	-2.7311
NA21111	SAS	SAS	0	0	0	1	0	1.2307	-4.5459	-20.5402	-7.8318	6.2654	-4.0847	-8.5266	3.7844	-2.1677	-1.9737
NA19794	AMR	AMR	0	0.0011	0.9989	0	0	1.9487	1.5026	9.3738	-6.3437	1.3949	-6.208	-4.8758	5.6245	-2.3582	-2.7868
NA20754	EUR	EUR	0	1e-4	0.2408	2e-4	0.759	2.1025	10.405	4.8671	9.0292	1.0882	-5.2719	-2.5798	1.6971	-3.1607	-5.5161
HG01365	AMR	AMR	0	3e-4	0.9987	8e-4	2e-4	7.4754	-2.7028	8.8626	-4.8549	2.2278	-6.925	-2.626	5.4821	-2.1577	-2.8176
NA19716	AMR	AMR	0	9e-4	0.9991	0	0	0.0668	-8.5635	13.3679	-15.7713	1.4236	-1.9683	-0.2429	4.6729	-3.1721	0.4813
HG00656	EAS	EAS	1	0	0	0	0	-7.1826	-46.2136	2.1775	8.5336	6.2285	-5.8197	-4.2233	3.2237	-4.998	0.4842
HG00239	EUR	EUR	0	0	0.0053	0	0.9947	0.6143	12.7575	4.7578	8.4288	4.0594	-1.4387	-7.0829	6.2502	-2.7266	0.3173
NA19077	EAS	EAS	1	0	0	0	0	-7.472	-43.3063	3.2045	5.5041	-3.9512	-3.6328	-3.9822	6.1933	0.2771	-3.1773
NA19331	AFR	AFR	0	1	0	0	0	60.2673	-17.0239	-2.0291	2.2122	5.1443	-5.44	-4.8047	-3.1848	-4.2588	1.9464
HG02885	AFR	AFR	0	1	0	0	0	61.084	-17.1916	-0.8376	2.1141	3.0397	-1.5285	0.2712	3.7942	-4.495	-2.7659
HG03858	SAS	SAS	0	0	0	1	0	1.6397	-9.4519	-19.6179	-4.1486	-2.7299	-3.229	-1.0997	-0.6786	-0.9419	-3.5429
HG00536	EAS	EAS	1	0	0	0	0	-9.2513	-45.4587	2.2887	5.5845	-0.1286	-3.2779	-0.1352	4.2673	-2.3849	-2.6774
HG02040	EAS	EAS	1	0	0	0	0	-7.144	-42.1452	1.3979	7.281	4.2915	-1.3519	-2.5522	3.9944	-3.5693	2.4062
HG03595	SAS	SAS	0	0	0	1	0	-0.7343	-11.4013	-15.6576	-1.6995	0.6546	-3.7067	-4.1499	-0.018	-5.8472	1.7945
HG02291	AMR	AMR	0	0.0013	0.9987	0	0	-7.2542	-24.733	24.0353	-38.0688	3.4509	-2.7683	-4.8065	1.8798	2.1103	-0.1678
NA20757	EUR	EUR	0	0	0.0295	0	0.9705	1.6857	11.3109	4.2085	9.9437	2.7006	-6.0765	-3.1023	0.0951	-1.0034	1.2328
NA19451	AFR	AFR	0	0.9998	2e-4	0	0	59.0678	-16.4877	0.6958	0.3939	5.7363	-3.6113	-3.7972	3.6152	-0.1408	-2.1804
HG01595	EAS	EAS	1	0	0	0	0	-8.2665	-44.3819	2.2077	7.2796	5.4673	-4.5488	-1.9955	2.5072	-0.0286	-0.859
HG01771	EUR	EUR	0	0	0.141	0	0.859	0.7308	12.4293	6.7713	10.0689	-3.9908	-3.8662	-4.529	2.8882	-1.7764	-3.0923
HG00368	EUR	EUR	0	0	0.0026	0	0.9974	-0.4088	7.686	3.4345	7.1409	5.7366	5.7693	-2.9466	4.5789	0.0455	-5.03
NA18861	AFR	AFR	0	0.9997	3e-4	0	0	61.3018	-17.4834	-1.036	0.776	3.179	-3.8441	-3.9158	9.0773	-1.3246	-3.7887
HG02450	AFR	AFR	0	0.9999	1e-4	0	0	58.1264	-15.0852	0.2521	2.5436	1.3748	-3.5054	-4.2224	5.5518	0.6862	-2.6803
NA21092	SAS	SAS	0	0	0	1	0	-0.1295	-4.3204	-16.5987	-4.6943	-0.0558	-0.9214	-6.535	3.1562	-1.7603	0.5578
HG03024	AFR	AFR	0	1	0	0	0	60.0241	-15.6814	0.1059	0.5407	3.1668	-1.5443	-0.9545	4.4413	-1.1312	-0.3265
NA12006	EUR	EUR	0	0	0.0148	0	0.9852	-1.1271	12.4787	5.6256	7.4546	5.7189	0.4558	-7.9883	1.7865	-0.3785	0.2963
NA19670	AMR	AMR	0	0.0016	0.9984	0	0	0.2824	-8.1747	11.5658	-14.9077	-1.1795	-5.0751	-5.4753	1.1756	-3.2922	-0.3025
HG03136	AFR	AFR	0	1	0	0	0	63.0503	-16.9092	0.8768	0.3975	1.0213	-2.402	-6.1045	3.9486	-0.1138	-0.7853
HG03863	SAS	SAS	0	0	0	1	0	1.2009	-7.0259	-20.3659	-4.9272	-1.3888	-4.9099	-5.644	7.0777	0.3019	-0.4621
HG03199	AFR	AFR	0	1	0	0	0	61.9587	-16.8725	-0.4979	2.9107	2.4553	-5.1299	-5.8	6.3291	-1.098	-0.9596
NA12156	EUR	EUR	0	0	8e-4	0	0.9992	-0.9002	13.33	7.9545	8.3094	2.0909	-1.9522	-5.2437	3.9849	0.8517	-2.1201
NA18910	AFR	AFR	0	1	0	0	0	61.9953	-17.1326	-0.7155	1.2503	4.0798	-2.993	-3.9606	3.061	-1.1197	-2.1098
HG02571	AFR	AFR	0	1	0	0	0	62.6853	-17.0155	-0.2371	2.4335	3.3227	-2.7478	-3.7758	2.2477	-2.6182	-0.0441
HG02164	EAS	EAS	1	0	0	0	0	-7.3633	-43.4235	2.0337	8.3114	9.7584	-1.6562	-3.749	1.2522	-1.8051	-4.5178
NA20795	EUR	EUR	0	0	0.0023	0	0.9977	1.0732	10.9996	4.3788	9.1691	1.8964	-5.1303	-5.3878	7.5325	0.6255	0.4348
NA18877	AFR	AFR	0	1	0	0	0	63.4158	-18.3505	0.458	2.0079	1.4114	-2.1888	-1.5202	3.2061	-0.4134	-0.9105
HG02585	AFR	AFR	0	1	0	0	0	62.0945	-16.4681	-0.567	1.8436	2.0943	-2.623	0.6176	3.9627	-0.5547	0.8148
HG03135	AFR	AFR	0	1	0	0	0	62.9176	-17.8906	0.1517	0.2348	2.1051	-2.0892	-5.7264	4.0091	-0.0094	-3.617
HG02554	AFR	AFR	0	1	0	0	0	55.6361	-14.631	0.6935	2.918	-0.522	-4.2452	-5.1194	3.4647	-1.6473	-2.4714
NA19082	EAS	EAS	1	0	0	0	0	-7.1623	-44.2346	2.0885	6.1234	-6.3155	-2.6891	-7.4532	5.1545	0.1951	0.4176
HG03703	SAS	SAS	0	0	0	1	0	1.1342	-5.3344	-17.8956	-3.6853	-0.1089	-4.2425	-2.8101	5.5166	0.3244	-0.9094
NA18907	AFR	AFR	0	1	0	0	0	63.0976	-16.933	-0.2576	2.2084	0.4958	-1.4156	-4.415	6.5904	-0.5916	0.3982
NA18563	EAS	EAS	1	0	0	0	0	-7.734	-42.8727	4.1433	5.0825	-2.1768	-1.4658	-3.4933	5.7843	-1.4168	-0.4987
NA18965	EAS	EAS	1	0	0	0	0	-7.563	-43.236	3.216	6.1772	-4.4348	-6.1435	-5.0542	-0.4029	0.2631	-0.1517
HG02817	AFR	AFR	0	1	0	0	0	59.9111	-17.1624	-0.1107	2.918	3.638	-4.4561	-0.5641	3.5451	-2.7346	-4.0545
NA12004	EUR	EUR	0	0	0.0141	0	0.9859	0.4635	12.723	3.7069	9.6936	6.0437	-4.8503	-4.2978	4.2484	0.8873	0.3032
HG04171	SAS	SAS	0	0	0	1	0	1.2821	-11.7655	-17.4079	-3.597	-0.1268	-1.8089	2.1557	4.6326	-1.2984	-0.5877
HG01942	AMR	AMR	0	3e-4	0.9997	0	0	-6.9071	-19.1694	20.7609	-32.8154	3.2796	-3.0325	-6.5614	5.9727	1.6764	-1.5644
NA20503	EUR	EUR	0	0	0.0272	0	0.9727	1.7036	11.2493	5.7143	8.9444	1.5312	-6.9184	-4.59	-0.077	1.6587	1.5249
HG03899	SAS	SAS	0	0	0	1	0	0.6793	-7.608	-18.2863	-4.1086	0.899	-1.5693	-0.3202	3.211	-2.2664	-6.1293
HG02982	AFR	AFR	0	0.9999	1e-4	0	0	60.7855	-17.258	-0.9062	1.6612	2.3991	-1.5803	1.0984	5.6835	-0.1899	-2.6442
HG00186	EUR	EUR	0	0	0.0027	0	0.9973	-1.282	7.3583	6.9074	9.8508	1.7323	6.9202	-5.3468	0.4697	-1.0568	-1.0598
HG01177	AMR	AMR	0	0	1	0	0	2.8952	2.2508	7.8272	-0.9742	5.757	-7.7944	-4.144	5.9625	-4.2697	0.5244
NA11892	EUR	EUR	0	0	0.0018	0	0.9982	-0.6156	13.2489	4.4451	8.7267	1.6623000000000001	-0.8677	-3.2743	6.1079	-0.2937	-6.03
HG02807	AFR	AFR	0	0.9999	1e-4	0	0	59.241	-16.4219	-0.535	0.0996	0.7863	-4.8011	-1.8168	5.6589	-3.5346	-1.8384
HG02537	AFR	AFR	0	0.999	0.001	0	0	60.1477	-16.0471	0.2791	0.8629	-0.3787	0.2581	-3.8147	5.5294	1.2273	-3.9293
HG00284	EUR	EUR	0	0	2e-4	0	0.9998	-2.4767	9.5882	6.3241	7.3827	3.6024	8.2129	-0.9284	2.7489	-1.2928	-4.2981
HG03990	SAS	SAS	0	0	0	1	0	1.8049	-9.4214	-19.9705	-5.8462	1.225	-3.0935	-3.8104	0.051	0.2131	-3.3849
NA12873	EUR	EUR	0	0	0.0015	0	0.9985	-0.3462	13.1177	5.7917	8.8648	-0.131	-3.6236	-7.4352	5.0138	-2.297	-0.1566
HG02425	AMR	AMR	0	0.001	0.999	0	0	-1.2929	-10.437	15.4242	-19.7617	4.9952	-6.1082	-4.4976	0.3893	0.3015	1.0309
HG01813	EAS	EAS	1	0	0	0	0	-7.5219	-45.4961	1.0779	9.6665	5.5401	-2.6072	-4.2361	0.7121	1.5683	0.2492
HG00610	EAS	EAS	1	0	0	0	0	-7.8583	-44.6702	2.7147	7.2796	4.4411	-2.9993	-2.041	8.1935	3.1671	-0.4381
NA19239	AFR	AFR	0	0.9997	3e-4	0	0	63.0995	-18.0271	-0.3108	1.0546	0.0305	-2.0537	-4.467	2.2297	1.9739	-2.4679
HG01603	EUR	EUR	0	0	1e-4	0	0.9999	1.5426	11.3013	3.5133	8.9937	0.2905	-6.9303	-2.5199	3.2211	-6.2544	-3.4781
HG02684	SAS	SAS	0	0	0	1	0	3.2904	-4.1675	-20.5412	-2.5944	2.9576	-2.0976	-3.3151	4.0389	-5.0853	-3.7395
NA20805	EUR	EUR	0	0	3e-4	0	0.9997	1.8136	11.2134	4.3184	8.8659	0.3394	-9.133	-5.1946	2.1977	-4.2883	0.3843
HG03198	AFR	AFR	0	0.9997	3e-4	0	0	61.9474	-17.5113	-0.771	0.6897	1.218	-0.3875	-5.0776	6.7335	-0.847	-1.0952
HG02645	AFR	AFR	0	1	0	0	0	60.6042	-17.4607	-0.2531	1.8676	2.1858	-2.2028	0.2602	4.4938	-1.2839	-1.202
HG03382	AFR	AFR	0	0.9999	1e-4	0	0	63.2125	-19.3568	0.1811	1.3725	1.395	-0.8516	-3.7784	4.3261	-0.4449	-0.631
HG04023	SAS	SAS	0	0	0	1	0	2.5871	-8.6341	-22.4025	-5.7649	5.5393	-6.9599	0.6218	6.4631	-1.0084	1.001
HG00864	EAS	EAS	1	0	0	0	0	-6.2753	-43.6998	0.6835	9.446	5.9593	-2.734	-2.7012	5.87	0.9507	-3.4221
NA11832	EUR	EUR	0	0	0.0068	0	0.9932	0.5132	13.1277	4.6915	10.1525	2.3298	-2.9514	-5.8262	2.7698	-1.8519	-5.092
NA19774	AMR	AMR	0	0.0628	0.9372	0	0	0.3545	-7.3419	12.9676	-11.814	-2.5821	-0.4757	-2.3016	1.6606	-2.7427	0.324
NA21118	SAS	SAS	0	0	0	1	0	1.3958	-5.809	-20.756	-3.8797	1.0105	-3.5739	-6.2484	10.3136	-5.261	-2.8516
HG01253	AMR	AMR	0	0.0012	0.9975	0.0013	0	1.3998	1.424	8.9368	-2.7593	4.0313	-6.166	-3.1045	5.6672	-2.3468	2.6653
HG03442	AFR	AFR	0	1	0	0	0	63.3204	-18.8103	-0.5933	0.9839	3.8035	-4.145	-4.6431	3.5547	1.1944	0.7611
HG03803	SAS	SAS	0	0	0	1	0	0.1759	-11.8323	-15.4067	-1.5903	3.0605	-4.3009	-4.2498	5.2542	-0.9978	-0.2595
HG00120	EUR	EUR	0	0	0.0359	0	0.9641	0.5709	14.3039	4.2546	8.7957	1.547	-3.225	-7.2703	4.8207	-0.2233	-0.2817
NA21128	SAS	SAS	0	0	0	1	0	1.063	-6.0985	-20.3263	-4.1286	4.5719	-4.5634	-11.6165	8.3798	-5.3311	0.0181
HG02798	AFR	AFR	0	1	0	0	0	60.5242	-17.7105	-0.6052	0.3135	1.1685	-4.4777	-2.8589	7.5129	-3.525	0.5989
HG04015	SAS	SAS	0	0	0	1	0	-0.3464	-7.8685	-18.8391	-5.4313	1.2915	-2.456	-3.2341	4.6492000000000004	0.2733	-0.2804
HG01286	AMR	AMR	0	0.0061	0.9938	0	0	13.6932	0.0891	5.7285	0.8751	1.1152	-6.5503	-2.5293	2.1429	-1.9818	-4.9327
HG01383	AMR	AMR	0	0	0.9975	0	0.0024	-0.689	2.9978	9.6054	-4.0535	2.4333	-5.9296	-2.8527	4.5354	-1.8408	2.7241
HG00378	EUR	EUR	0	0	0.0081	0	0.9919	-0.9264	9.5954	7.023	7.8166	3.7304	8.2926	-4.4049	1.6184	-3.5602	0.0304
HG01188	AMR	AMR	1e-4	0.038	0.9619	0	0	11.0366	-1.5789	7.5831	-3.2422	2.4835	-1.8932	-2.4988	8.8991	-1.8827	1.0605
HG02323	AFR	AFR	0	0.9998	2e-4	0	0	57.5733	-14.9704	0.5632	3.1579	2.1484	0.6134	-4.5256	4.5916	-2.1075	-3.1329
HG03139	AFR	AFR	0	1	0	0	0	62.8726	-17.38	0.4913	1.488	3.9861	-1.3569	-4.8542	6.8581	-1.7157	0.0437
HG03871	SAS	SAS	0	0	0	1	0	1.5502	-7.7684	-19.7621	-5.2487	4.8274	-2.8569	-4.0563	9.9473	1.1978	-3.4695
NA19005	EAS	EAS	1	0	0	0	0	-6.4062	-43.9111	2.8518	6.5012	-7.3528	-1.6242	-7.5691	5.0961	-3.0043	-0.3825
HG01896	AFR	AFR	0	0.9998	2e-4	0	0	60.5995	-17.6026	-0.9156	1.427	0.4002	-2.0102	-2.8328	2.998	0.47	-2.5927
NA20872	SAS	SAS	0	0	0	1	0	1.2786	-1.3326	-13.6135	-2.8059	0.4003	0.3365	-1.5221	4.5618	-2.6523	1.0157
HG00154	EUR	EUR	0	0	0.1525	0	0.8475	-0.4353	14.2648	5.8579	7.9714	5.5049	-0.6833	-5.4302	5.9368	2.1275	-1.9502
NA19437	AFR	AFR	0	1	0	0	0	58.0399	-16.8683	-1.1378	0.7481	1.9628	-3.3287	-5.3274	-1.9241	-0.19	0.1613
NA18637	EAS	EAS	1	0	0	0	0	-8.1933	-44.4657	1.9009	8.2584	0.3574	-3.7877	-5.4684	1.0105	-4.5594	-3.8168
HG03600	SAS	SAS	0	0	0	1	0	0.5881	-10.2349	-21.6337	-6.456	-1.784	-0.1048	-1.3241	5.8658	-2.9182	-3.1
HG03736	SAS	SAS	0	0	0	1	0	2.011	-8.3175	-21.0132	-2.7118	4.4502	-3.2073	-3.5393	4.7367	-4.55	-0.8812
NA18571	EAS	EAS	1	0	0	0	0	-6.9936	-42.8855	2.7942	7.4972	4.691	-1.0953	-2.2242	4.7188	-3.9128	-3.2531
HG00448	EAS	EAS	1	0	0	0	0	-7.292	-44.9808	1.8867	7.2256	3.4495	-2.2568	-2.6925	2.8769	0.451	-4.3463
HG02439	AFR	AFR	0	0.9999	1e-4	0	0	57.5497	-16.6551	-0.1624	0.0978	5.0114	-4.9096	-2.905	3.5733	-1.0828	0.0217
HG03077	AFR	AFR	0	0.9999	1e-4	0	0	62.3601	-18.0563	-0.2787	3.5733	0.4532	-2.0198	-2.9809	4.6984	-3.2502	0.0678
NA20851	SAS	SAS	0	0	0	1	0	-0.6435	-5.3571	-16.9103	-3.676	2.493	-3.4418	-6.7367	2.1098	3.0309	1.2288
HG00125	EUR	EUR	0	0	0.1154	0	0.8846	0.2065	12.1393	7.0296	8.6697	2.0559	0.2437	-4.8589	6.0425	1.148	-2.8007
HG02476	AFR	AFR	0	0.98740000000000006	0.0126	0	0	52.3025	-14.2816	0.307	0.9603	0.2793	-2.2462	-2.6005	8.037	-3.4022	-0.2843
HG01965	AMR	AMR	0	0.0051	0.9949	0	0	0.822	-12.3891	14.2813	-19.0369	1.6961	-6.4907	-6.0102	-1.108	-1.9057	-0.3925
NA20289	AFR	AFR	0	0.9975	0.0025	0	0	48.1794	-10.7964	-0.3368	3.1908	1.8366	-2.5492	-5.6344	3.0538	1.2959	-1.6522
NA18562	EAS	EAS	1	0	0	0	0	-7.6906	-44.5554	3.5273	4.7121	-0.9724	-0.6842	-0.522	5.2416	-1.0011	2.9447
HG02620	AFR	AFR	0	1	0	0	0	61.2299	-16.9271	0.1644	2.1288	2.6725	-1.3999	-0.9982	5.7344	1.4896	-0.9503
HG01168	AMR	AMR	0	0	0.9791	1e-4	0.0208	2.0692	8.1674	4.4065	5.4493	0.2773	-6.1146	-3.1435	3.97	-1.8773	-0.5328
NA20539	EUR	EUR	0	0	0.0034	0	0.9966	2.1403	12.389	4.516	7.2411	-1.1537	-8.7874	1.0141	5.4575	-3.8114	1.6396
HG02134	EAS	EAS	1	0	0	0	0	-7.2072	-43.8231	1.346	7.4588	10.4446	-4.0488	-4.06	5.0681	-3.8452	0.4943
NA19012	EAS	EAS	1	0	0	0	0	-6.1802	-42.6286	2.7895	4.5189	-2.8851	-1.7072	-5.541	8.1056	-4.2	-2.4715
NA20787	AMR	EUR	0	1e-4	0.5656	1e-4	0.4342	2.574	11.6305	2.2427	8.112	0.2021	-6.4051	-5.303	4.4444	-2.8065	4.4971
HG03058	AFR	AFR	0	0.9999	1e-4	0	0	61.4026	-17.3426	0.1005	1.2528	0.9824	-3.1825	-0.6467	4.0998	0.6799	-3.8494
NA18948	EAS	EAS	1	0	0	0	0	-7.7976	-44.3203	2.6147	5.3674	-6.45	-2.7038	-5.013	3.8512	-0.0606	-0.1688
HG01593	SAS	SAS	0	0	0	1	0	1.6938	0.5248	-14.1891	-2.3279	2.732	-0.1199	-1.8792	7.6159	-2.9	-1.4008
HG01357	AMR	AMR	0	2e-4	0.9997	0	0	-0.4914	1.065	11.3497	-3.4922	2.3287	-1.4979	-6.1116	4.8232	-1.0237	1.3361
HG02642	AFR	AFR	0	0.9992	8e-4	0	0	60.5132	-17.4842	1.0644	0.6985	0.2691	-3.023	-2.3598	3.599	0.0414	0.3033
HG03698	SAS	SAS	0	0	0	1	0	0.6304	-7.4292	-19.6552	-5.0267	1.7687	-3.0697	-2.3554	3.2852	-3.0323	2.9128
NA19207	AFR	AFR	0	1	0	0	0	61.715	-17.85	-0.1526	1.3062	1.6651	-2.1996000000000002	-3.8391	6.3585	2.9267	1.037
HG03195	AFR	AFR	0	1	0	0	0	62.8142	-18.6349	0.0942	1.6157	-0.6984	-1.7092	-7.6437	6.7701	-1.5903	-1.9659
NA18908	AFR	AFR	0	0.9999	1e-4	0	0	61.8659	-18.2414	-0.2531	0.793	-0.0993	-3.7545	-4.0756	4.786	-0.1427	1.3107
NA18968	EAS	EAS	1	0	0	0	0	-6.819	-43.0302	3.3847	3.9011	-6.0134	-2.9071	-4.6636	4.7053	-1.2214	-2.0844
NA06986	EUR	EUR	0	0	0.072	0	0.928	1.1992	11.7651	5.6545	9.4042	1.6099	-5.4322	-0.793	6.2304	-3.4247	-7.2969
NA19118	AFR	AFR	0	0.9857	0.0143	0	0	60.7566	-16.9552	0.0062	1.887	0.9491	-3.1237	-5.6677	3.6975	-3.5917	-2.2387
NA19723	AMR	AMR	0	0.008	0.992	0	0	2.7047	-8.748	13.9745	-14.724	-0.5986	-0.7832	-7.5056	2.2175	-4.3129	-1.8127
HG02075	EAS	EAS	1	0	0	0	0	-7.6129	-44.4116	1.5366	5.9336	6.9965	-4.9175	-1.4706	2.5156	-0.164	-0.7094
NA12272	EUR	EUR	0	0	3e-4	0	0.9997	0.7678	14.0158	7.7862	10.551	0.8615	-1.6688	-2.0576	5.7858	0.0143	1.9443
HG01080	AMR	AMR	0	0.0034	0.9966	0	0	6.1104	1.9271	10.7213	-3.3624	0.759	-6.6	-2.6846	5.9019	1.7845	2.802
HG01926	AMR	AMR	0	1e-4	0.9999	0	0	-8.1564	-25.5603	24.9066	-40.8695	6.6165	-3.0514	-5.7615	6.8174	-3.602	-2.4163
HG01491	AMR	AMR	0	0	0.9999	0	0	0.6654	7.3615	8.5013	1.7603	3.4662	-6.7719	-0.5893	5.0759	-0.305	0.5516
HG01247	AMR	AMR	3e-4	0.0016	0.7258	4e-4	0.2719	10.4237	0.6792	8.6731	-1.1237	2.9372	-3.9625	-4.4041	2.2415	-0.5071	3.6085
HG03686	SAS	SAS	0	0	0	1	0	2.4836	-8.7863	-19.5135	-5.7323	0.4482	-4.9364	-0.561	1.1172	-1.9524	1.2372
HG03057	AFR	AFR	0	1	0	0	0	63.4418	-17.9429	0.1836	0.7708	4.086	-0.7513	-1.1342	3.9025	-2.3101	-1.0956
HG02182	EAS	EAS	1	0	0	0	0	-8.3836	-44.6115	2.3729	8.1782	3.6796	-3.3517	-3.0169	3.3297	1.0005	1.2406
HG01204	EUR	AMR	0	0	0.1942	0	0.8058	5.6709	4.7625	5.795	1.4357	-1.1998	-6.6279	-6.1029	7.634	-5.9036	-4.3711
HG00743	AMR	AMR	0	0.023	0.977	0	0	5.1494	-1.4347	8.5472	-2.4475	1.2402	-7.742	-3.0764	3.6823	1.2246	-0.4757
HG02315	AFR	AFR	0	0.9859	0.0141	0	0	54.8339	-13.6472	0.5919	0.9415	-0.5072	-4.1958	-2.3578	3.7475	-2.4085	-5.1956
HG01865	EAS	EAS	1	0	0	0	0	-6.2484	-44.0348	1.8648	7.7229	8.1478	-5.2264	-0.0361	-1.648	-2.2349	-0.2281
HG03695	SAS	SAS	0	0	0	1	0	2.443	-10.6823	-19.771	-5.223	1.0142	-1.8569	0.0517	2.3102	-3.6651	-1.8324
HG01872	EAS	EAS	1	0	0	0	0	-7.0691	-43.3788	1.286	7.0132	2.819	-6.0621	-3.1498	6.5605	2.3353	-5.0782
NA18620	EAS	EAS	1	0	0	0	0	-7.7774	-43.1748	2.8048	4.6362	-2.6629	-3.3987	-3.8947	4.7723	-1.1169	-1.7697
HG01800	EAS	EAS	1	0	0	0	0	-7.0117	-44.1903	1.9095	8.0415	7.2373	-3.5758	-3.3502	2.6394	-1.7993	-1.8497
HG01935	AMR	AMR	0	0.0055	0.9945	0	0	-3.1911	-15.8252	19.4052	-26.8309	3.116	-2.484	-5.4559	0.8185	-0.8172	-2.56
NA19648	EUR	AMR	0	0	0.0115	0	0.9885	1.44	10.7812	5.2003	4.7239	5.0862	-5.5731	-1.868	8.8752	1.0342	-0.277
HG01871	EAS	EAS	1	0	0	0	0	-5.7359	-43.2237	-0.6927	7.044	8.7117	-3.0249	-5.2369	2.4418	-0.5466	-3.6989
HG03166	AFR	AFR	0	0.9996	4e-4	0	0	62.3371	-17.7991	0.5134	0.6295	-0.4346	0.4876	-5.6529	5.71	-2.3521	-3.9579
HG00182	EUR	EUR	0	0	0.0035	0	0.9965	-1.102	10.6937	7.2376	7.7617	4.4381	7.1013	-0.3725	-0.2932	-1.9611	-1.2321
NA19006	EAS	EAS	1	0	0	0	0	-8.7776	-43.1096	4.2147	4.8893	-10.2528	-6.3956	-3.0267	6.8371	-3.0186	-1.4515
HG03922	SAS	SAS	0	0	0	1	0	0.601	-13.0107	-15.8446	-5.3725	3.4825	-1.3629	-4.4155	10.5496	-2.1225	-2.5288
HG02772	AFR	AFR	0	1	0	0	0	61.6563	-17.5562	-0.4528	1.6594	2.913	-1.1507	2.0469	5.1411	-3.8251	-0.946
NA19238	AFR	AFR	0	1	0	0	0	62.2854	-16.8309	0.3638	1.636	2.2038	-3.1804	-3.2696	5.0531	-2.0142	-2.0277
HG02445	AFR	AFR	0	0.9976	0.0024	0	0	51.7422	-12.1182	0.708	2.787	-0.8176	-2.7024	-4.0363	2.5038	6.1069	-0.3038
HG03313	AFR	AFR	0	0.9996	4e-4	0	0	63.3113	-17.2477	1.1403	1.6723	1.538	-3.4327	-7.8831	3.3844	-2.0508	-5.6169
HG01625	EUR	EUR	0	0	0.0685	0	0.9315	0.9328	11.0761	3.8868	9.145	2.5071	-2.9054	-2.2615	3.3991	-0.9355	-1.7446
NA20799	EUR	EUR	0	8e-4	0.1617	0	0.8374	2.8644	13.0721	5.7413	10.3532	1.7745	-7.4552	-1.6062	3.4179	0.0993	-2.7863
NA18615	EAS	EAS	1	0	0	0	0	-7.6621	-44.3413	2.3828	6.3156	0.5496	-0.661	-1.9269	5.2263	-3.3345	2.8829
HG03786	SAS	SAS	0	0	0	1	0	1.5005	-8.1587	-23.2182	-6.1	2.446	-4.9657	2.0456	4.6129	-0.7514	7.1573
HG02813	AFR	AFR	0	1	0	0	0	60.6145	-16.8157	1.4395	1.3198	2.6289	-3.9474	-1.0399	4.7656	-3.0153	1.4019
HG02139	EAS	EAS	1	0	0	0	0	-8.9784	-43.0093	1.0358	6.8044	7.8151	-6.6672	-6.6935	2.865	2.5911	-3.6105
NA21120	SAS	SAS	0	0	0	1	0	3.2218	-6.9089	-18.4112	-4.3642	0.3023	-6.693	-4.5832	1.9099	2.5458	-2.2092
HG02694	SAS	SAS	0	0	0	1	0	0.0446	-0.4588	-11.8169	-3.0145	2.2003	-2.9919	-6.7895	4.882	-0.2139	-0.3414
HG02733	SAS	SAS	0	0	0	1	0	2.3292	-1.5676	-14.3809	-5.3336	0.309	-3.2905	-0.9809	4.4068	-4.1869	-3.1804
HG03099	AFR	AFR	0	1	0	0	0	63.6699	-17.8255	0.1647	1.6945	4.0895	-1.6859	-6.0445	6.3478	0.2221	-0.9547
HG02891	AFR	AFR	0	1	0	0	0	62.967	-17.1163	0.8208	2.1301	0.2318	-4.6805	4.1865	5.916	-0.1495	-3.9468
HG02455	AFR	AFR	0	0.9952	0.0048	0	0	51.6208	-13.026	-0.2806	1.9264	-0.425	-3.8075	-5.8585	2.6725	-0.2774	-4.2568
NA18542	EAS	EAS	1	0	0	0	0	-6.6071	-41.8936	2.9441	7.6322	-0.4991	-0.7222	-1.465	4.6904	-0.9037	2.2225
NA19096	AFR	AFR	0	0.9978	0.0022	0	0	63.2151	-17.1055	-0.4627	0.2235	0.4107	-3.8306	-4.2201	6.5361	-3.7105	-3.7152
HG04093	SAS	SAS	0	0	0	1	0	0.1572	-8.8067	-22.4086	-7.0856	1.1721	-5.0195	-3.0059	2.3538	-4.6242	2.1124
NA20846	SAS	SAS	0	0	0	1	0	0.5281	-2.7251	-14.715	-2.8745	4.9852	-1.4226	-3.018	7.7797	-5.2143	-1.5035
NA20534	EUR	EUR	0	0	0.005	0	0.995	-0.4033	13.0072	3.6973	8.5679	4.4752	-7.8613	-4.163	3.5267	3.2949	1.1737
HG02233	EUR	EUR	0	0	0.001	0	0.999	0.981	12.474	5.9883	9.7909	1.923	-8.3932	-4.3739	0.4218	0.6681	-0.22
HG03159	AFR	AFR	0	0.9999	1e-4	0	0	64.4277	-18.3446	-0.7697	1.3335	1.6692	-1.3339	-3.95	5.9769	-0.1592	-2.2146
HG00356	EUR	EUR	1e-4	0	0.001	0	0.9989	-1.1255	9.5495	5.7857	9.2973	3.7854	8.2608	-1.7746	2.7237	2.3856	-2.4685
HG02089	AMR	AMR	0	0.0012	0.9988	0	0	-5.4749	-14.5753	17.7839	-24.9293	4.7326	-2.0636	-4.8012	7.9714	0.1586	-1.0189
HG02312	AMR	AMR	0	8e-4	0.9992	0	0	-4.6517	-10.8372	15.3358	-19.5249	1.7675	-2.3056	-4.6966	6.1634	2.3859	-1.8679
HG02070	EAS	EAS	1	0	0	0	0	-7.5899	-44.9493	1.1104	7.0779	6.7288	-4.8148	-6.5821	5.8711	0.8519	-0.3503
HG02557	AFR	AFR	0	1	0	0	0	58.8583	-15.9001	0.2991	1.4392	2.6288	-4.4931	-4.8711	6.44	-0.4477	-0.9161
HG02952	AFR	AFR	0	1	0	0	0	62.2415	-17.6531	0.9631	1.4061	2.3387	-1.5245	-5.4768	4.9319	-0.44	-1.046
HG00458	EAS	EAS	1	0	0	0	0	-8.6012	-44.1421	2.5724	8.6042	1.0454	-1.7735	-5.5843	6.4119	-0.6591	-5.9365
NA19835	AFR	AFR	0	0.9999	1e-4	0	0	51.4317	-13.4354	0.9335	2.4817	3.7515	-4.0205	-4.139	6.1195	-2.9351	-1.6093
HG01345	AMR	AMR	0	1e-4	0.9999	0	0	2.3486	1.9783	7.8741	-1.6872	1.3755	-7.3318	-4.0794	6.6818	-3.2399	-2.3858
NA19350	AFR	AFR	0	0.9999	1e-4	0	0	59.6299	-16.8155	-0.7053	2.1209	2.6797	-6.3011	-8.5874	-0.7228	0.64	0.1675
NA19309	AFR	AFR	0	0.9999	1e-4	0	0	59.063	-15.0883	0.3379	2.9702	2.5589	-6.9422	-4.5404	-0.7881	-0.0898	-0.9306
HG01974	AMR	AMR	0	1e-4	0.9999	0	0	-7.3738	-24.0864	23.982	-38.1781	3.8991	-1.8992	-3.2422	0.7515	2.3371	1.784
HG01600	EAS	EAS	1	0	0	0	0	-7.9407	-44.4718	0.8215	7.3019	7.005	-3.9742	-5.3636	2.6085	-2.2295	-1.377
HG03499	AFR	AFR	0	0.9954	0.0046	0	0	62.4497	-17.7758	-0.1421	0.1684	1.7573	-3.5562	-4.1288	4.8177	-1.7072	-4.6621
HG03548	AFR	AFR	0	0.9996	4e-4	0	0	63.2122	-17.4329	0.3126	0.6987	3.8156	-3.7604	-2.97	5.0278	1.9194	-3.2644
HG00246	EUR	EUR	0	0	0.0024	0	0.9976	-0.4276	12.8317	5.31	9.6664	-1.1508	-5.7423	-2.7928	2.1423	-3.9616	-2.7922
NA21102	SAS	SAS	0	0	0	1	0	2.2901	-4.5909	-18.6773	-4.5192	3.1663	-2.9065	-9.9183	7.3344	-2.3663	-6.1406
HG00341	EUR	EUR	1e-4	0	0.0012	0	0.9986	0.0801	8.0384	3.1978	7.1543	-1.1103	3.3345	-2.7836	0.5115	-4.7632	-1.182
NA18606	EAS	EAS	1	0	0	0	0	-8.2878	-44.8922	1.1524	8.7035	1.5783	-4.6725	-0.8827	5.1371	-3.0398	-4.4568
NA19023	AFR	AFR	0	0.9999	1e-4	0	0	60.3044	-17.9176	0.6423	1.7973	1.7926	-2.5081	-7.47	0.0275	-0.4927	-2.9094
HG00143	EUR	EUR	0	0	0.0402	0	0.9598	0.5458	12.6083	4.5344	8.1477	2.1811	-3.6335	-9.0847	6.1894	-1.3755	-4.4757
NA11995	EUR	EUR	0	0	0.0111	0	0.9889	1.543	12.2846	5.9471	9.0652	3.3573	-0.3703	-7.1131	2.4458	-3.4459	0.2754
HG01366	AMR	AMR	0	2e-4	0.9998	0	0	4.8862	-1.0376	10.8186	-1.8413	4.9626	-6.2002	-2.1899	3.5877	-3.8793	-2.6336
NA20348	AFR	AFR	0	1	0	0	0	52.6084	-13.6884	0.6394	2.0833	1.158	-0.3962	-1.443	8.2955	-2.8268	-2.9643
NA20856	SAS	SAS	0	0	0	1	0	2.2936	-3.9866	-18.6557	-5.7953	5.4967	-2.8512	-9.0715	4.5199	-1.3318	-1.8151
HG02143	AFR	AFR	0	0.984	0.016	0	0	50.5074	-11.4795	0.3955	0.6202	-1.5614	-4.7659	-5.6128	5.1067	-0.8631	-0.8449
HG01680	EUR	EUR	0	0	0.0066	0	0.9934	3.6905	11.5009	6.4496	7.363	1.9504	-4.3553	-0.5514	2.0145	-0.0496	-1.6424
NA18557	EAS	EAS	1	0	0	0	0	-7.7305	-42.3051	2.0248	6.2521	-0.6702	2.3266	-6.2862	6.7689	1.1086	-0.0072
HG01190	AMR	AMR	3e-4	0.027	0.9727	0	0	7.4657	-0.4515	8.2332	-2.7541	5.9124	-9.4659	-2.4632	3.0278	0.5912	0.5228
NA20586	EUR	EUR	0	0	0.0521	0	0.9479	1.9589	14.3765	4.101	7.9225	3.8307	-5.1819	-3.9011	6.7668	0.5192	-3.569
HG00233	EUR	EUR	0	0	0.0084	0	0.9916	0.7758	12.4412	6.3278	9.6493	-1.1004	-4.0966	-7.3644	7.2515	2.1103	-0.6568
HG00729	EAS	EAS	1	0	0	0	0	-8.0674	-44.4743	1.5786	8.0306	2.6539	-6.3565	-4.1947	3.3997	-1.4395	-5.4897
HG02334	AFR	AFR	0	0.9993	7e-4	0	0	49.1836	-10.5019	1.3677	3.4456	4.574	-2.0707	-6.315	3.8676	0.0534	-2.6958
HG01685	EUR	EUR	0	0	0.0751	0	0.92490000000000006	1.1834	11.5727	5.5862	8.0797	4.272	-4.7317	-2.7214	9.1276	-1.074	-4.5057
HG03172	AFR	AFR	0	0.9999	1e-4	0	0	63.1198	-16.7345	0.4473	0.9691	2.078	-2.0525	-3.4096	4.302	0.7377	-2.458
HG03193	AFR	AFR	0	0.9994	6e-4	0	0	61.7574	-18.0085	1.1624	1.2573	2.0027	-2.2631	-4.5464	2.7056	1.2372	-0.3519
HG04020	SAS	SAS	0	0	0	1	0	2.1804	-6.8636	-17.7685	-5.1826	4.8639	-2.9403	-4.226	7.0674	-2.8224	-2.9026
NA19397	AFR	AFR	0	0.9997	3e-4	0	0	60.9	-17.716	-1.076	1.4701	2.8364	-3.9148	-5.1016	-1.0387	0.0395	-1.7396
NA18582	EAS	EAS	1	0	0	0	0	-8.1901	-45.1391	3.502	8.8598	1.5053	-3.0563	-4.898	0.4589	-3.7174	-1.6666
NA20515	EUR	EUR	0	0	0.0039	0	0.9961	0.7715	12.263	4.7599	9.8167	0.5087	-4.9777	-2.8247	1.5568	0.5665	-5.35
NA20509	EUR	EUR	0	0	0.0404	0	0.9595	2.0144	11.3389	5.5727	8.8589	2.3646	-6.4522	0.4302	-1.1546	-0.5687	-1.8909
HG00422	EAS	EAS	1	0	0	0	0	-7.204	-44.7541	2.142	6.7166	1.6354	-5.137	0.3102	3.3833	2.9126	-5.7028
HG00171	EUR	EUR	0	0	0.0026	1e-4	0.9973	-2.2316	8.3391	7.2316	7.9376	0.6982	8.5304	-6.3153	3.6825	-3.5935	-3.5635
HG04210	SAS	SAS	0	0	0	1	0	1.9671	-8.7141	-20.0501	-6.4338	1.4925	-3.7763	-6.7299	-0.8264	1.248	-3.428
NA06994	EUR	EUR	0	0	0.1318	0	0.8682	-1.1537	11.831	3.9704	7.395	2.5239	-0.5488	-7.1159	2.982	-3.9918	1.761
NA20910	SAS	SAS	0	0	0	1	0	2.6911	-0.3096	-12.438	-2.7087	2.4907	-0.2252	-4.4996	5.4558	0.9077	2.8376
NA21100	SAS	SAS	0	0	0	1	0	1.1021	-5.646	-19.5631	-6.0349	-1.0848	-4.1566	-6.0632	4.9993	-0.7277	-0.4908
HG03730	SAS	SAS	0	0	0	1	0	2.0288	-10.0654	-22.0192	-7.4453	2.6488	0.0913	-1.017	5.5137	-1.0815	-2.3235
NA12874	EUR	EUR	0	0	0.0372	0	0.9628	1.9487	11.2802	5.2249	7.9764	0.207	-3.4875	-0.8248	5.096	-1.8065	-5.0415
HG03693	SAS	SAS	0	0	0	1	0	2.1557	-9.9893	-19.0649	-5.4397	1.8614	-3.1962	-1.8995	3.3447	0.8186	0.5811
HG04035	SAS	SAS	0	0	0	1	0	2.6505	-8.6331	-18.8851	-2.9748	2.6462	-4.2263	-4.5708	1.0975	-1.038	0.3391
HG00336	EUR	EUR	0	0	0.0053	0	0.9947	-0.5576	9.8171	5.4414	7.9799	0.574	6.429	-5.6599	2.3132	-4.5398	0.8544
HG02151	EAS	EAS	1	0	0	0	0	-7.4404	-43.7509	1.1969	7.6851	8.7417	-5.7062	-1.4269	4.6996	-1.4427	-0.8131
HG00383	EUR	EUR	0	0	1e-4	0	0.9999	-1.6423	8.374	6.4491	8.1936	5.2825	4.2992	-4.4417	5.619	-4.095	0.4829
NA19172	AFR	AFR	0	0.9997	3e-4	0	0	63.6037	-17.5023	0.2492	2.9966	0.54	-2.8378	-5.163	5.3294	-5.5614	-2.7007
HG01176	AMR	AMR	0	0	0.8906	1e-4	0.1093	5.8463	2.9586	6.599	1.4537	6.7775	-5.4836	-4.2905	0.8033	-1.1529	-2.6922
HG01797	EAS	EAS	1	0	0	0	0	-6.9131	-44.6305	0.0373	7.2135	9.5822	-3.6081	-1.8557	5.218	0.8419	-4.1247
HG00373	EUR	EUR	0	0	3e-4	0	0.9997	-2.2928	7.1352	5.5422	6.2355	8.3304	5.5826	-1.5727	7.5041	2.7743	-3.2026
HG03884	SAS	SAS	0	0	0	1	0	0.3713	-9.3585	-21.4227	-4.5211	-1.5256	-7.7089	0.1739	-1.3768	5.8295	-3.0483
NA20814	EUR	EUR	0	0	0.0229	0	0.9771	1.5989	11.0578	3.943	9.8806	3.564	-7.1051	-5.4162	3.8381	-2.7501	-2.696
HG02339	AFR	AFR	0	1	0	0	0	62.0101	-15.7852	0.102	0.8503	0.5344	-2.2365	-1.4358	2.4115	-0.9858	-2.8399
HG02292	AMR	AMR	0	5e-4	0.9995	0	0	-8.3067	-20.1559	22.4678	-34.46	0.8316	-1.9587	-5.1036	3.1403	-1.7953	-2.0712
NA19119	AFR	AFR	0	1	0	0	0	63.3446	-18.0776	0.3756	0.9378	-0.4125	-1.4864	-6.3796	6.2997	1.4344	-0.5398
HG03711	SAS	SAS	0	0	0	1	0	1.2855	-7.6477	-20.1688	-4.6564	0.0873	0.6456	2.1944	6.5368	-1.3276	-3.7468
HG02006	AMR	AMR	0	0.0545	0.9455	0	0	24.107	-11.1484	9.3698	-9.67	-0.3656	-4.1318	-5.5675	3.2527	0.2083	-0.9644
HG01344	AMR	AMR	0	0.0641	0.9359	0	0	0.5747	-2.5377	10.7096	-10.1579	3.3569	-4.2586	-0.6263	2.7604	-1.8315	-0.8877
NA18520	AFR	AFR	0	1	0	0	0	64.1057	-16.711	0.0334	0.8759	-0.1841	-1.9759	-4.7836	3.7125	-1.3689	0.2077
NA07347	EUR	EUR	0	0	0.0085	0	0.9915	0.5945	14.5956	5.2335	8.6116	-1.4525	-0.207	-0.3963	1.2667	-2.8956	0.7517
HG03934	SAS	SAS	0	0	0	1	0	0.3902	-11.4195	-14.4216	-4.7633	-0.1741	-4.2999	-2.3987	2.7191	-1.4113	-2.1791
NA18560	EAS	EAS	1	0	0	0	0	-6.5435	-44.8215	2.3677	7.0852	2.1122	-1.1489	-6.1983	2.5868	-2.6025	-3.8244
HG02231	EUR	EUR	0	0	4e-4	0	0.9996	1.1845	13.1655	4.4982	10.6564	-1.1728	-5.0716	-1.7529	3.5964	-0.0903	0.5743
NA20317	AFR	AFR	0	0.9902	0.0098	0	0	44.8164	-8.4335	1.9268	3.5447	0.8731	-7.5374	-6.8193	7.4231	2.8541	-0.8266
NA20517	EUR	EUR	0	0	0.016	0	0.984	2.0308	13.454	4.3254	9.1777	1.9343	-5.088	-5.3675	3.9187	-2.121	-0.0902
HG02716	AFR	AFR	0	0.9999	1e-4	0	0	62.144	-18.2292	-0.8949	1.8281	1.9267	-1.9462	0.2841	5.7654	-5.0891	-0.4629
HG03351	AFR	AFR	0	1	0	0	0	63.1799	-17.1408	-0.6574	1.2877	1.2949	-4.2865	-8.4385	5.4693	-2.1363	-1.4472
HG03363	AFR	AFR	0	1	0	0	0	61.415	-17.4992	0.5079	1.3498000000000001	0.6481	-4.3292	-5.3861	5.0156	-2.9442	-1.903
HG02054	AFR	AFR	0	0.9999	1e-4	0	0	56.027	-14.3855	2.4884	2.3136	0.0721	-1.232	-5.3119	4.4962	-3.9093	-0.8761
HG02465	AFR	AFR	0	1	0	0	0	62.74	-15.2694	-0.2022	1.2736	-0.2744	-2.4566	0.4901	6.4673	1.7887	-1.7555
NA20520	EUR	EUR	0	0	0.1601	0	0.8399	2.0192	12.022	4.856	8.9603	1.4395	-6.2547	-3.8405	3.0233	-3.1046	-0.613
HG02029	EAS	EAS	1	0	0	0	0	-7.1412	-43.8597	1.7407	7.7504	4.2386	-0.0505	-3.6368	3.6213	-4.8577	0.762
HG01551	AMR	AMR	0	0.3809	0.6191	0	0	23.4492	-7.9197	6.2037	-4.4512	5.351	-3.6683	-5.0611	2.8894	-4.2969	-0.5486
NA18946	EAS	EAS	1	0	0	0	0	-7.3558	-44.4545	3.0902	6.1527	-4.9566	-0.5134	-3.6008	3.9235	1.445	-1.264
NA19984	AFR	AFR	0	1	0	0	0	53.4566	-13.788	-1.5757	2.6781	1.2965	-4.5134	-3.7444	5.5179	1.144	3.594
NA18613	EAS	EAS	1	0	0	0	0	-7.2142	-43.873	4.3151	5.7832	0.1432	-1.078	-3.1389	5.4465	0.2589	-3.9465
HG01613	EUR	EUR	0	0	0.0997	0	0.9002	0.9078	12.8522	6.0899	9.1308	3.1649	-8.1534	-3.6394	3.1416	-3.2098	-3.5722
HG03265	AFR	AFR	0	1	0	0	0	62.9251	-18.2763	0.7387	1.8698	2.2948	-1.7656	-5.795	6.4312	0.6328	-0.9665
NA20870	SAS	SAS	0	0	0	1	0	2.2054	1.9776	-11.6706	-2.3011	3.6469	-3.5295	-0.8185	-0.0139	-0.354	0.3871
HG00641	EUR	AMR	0	0	0.309	0	0.691	4.7789	3.4338	6.2578	0.2815	2.2304	-10.0111	-3.5084	7.7604	0.652	3.5397
NA19390	AFR	AFR	0	0.9956	0.0044	0	0	60.8321	-16.324	0.2582	1.4037	3.7511	-4.8675	-4.1127	1.1952	-0.7261	-0.2549
HG01954	AMR	AMR	0	0.0031	0.9969	0	0	-6.9505	-22.7844	21.1928	-32.7849	1.3782	-2.4761	-1.5661	0.2543	0.4035	1.7572
NA19376	AFR	AFR	0	1	0	0	0	60.8211	-16.6306	-1.1875	0.2619	4.1095	-3.1362	-5.5738	-0.4472	1.6936	-1.5699
HG03054	AFR	AFR	0	0.9998	2e-4	0	0	62.8731	-16.5651	1.4797	0.0185	0.6437	-2.5658	-3.3041	6.3241	-3.9231	-1.3709
HG01596	EAS	EAS	1	0	0	0	0	-7.9668	-43.1627	1.0206	7.7165	10.4506	-2.9253	-2.268	5.1118	-1.2471	1.546
HG00160	EUR	EUR	0	0	0.0037	0	0.9963	-0.3295	12.2612	6.5884	9.7253	3.0436	-0.7406	-1.7876	3.814	-4.9676	-3.8394
HG04146	SAS	SAS	0	0	0	1	0	0.7921	-13.0353	-17.0451	-3.7372	3.2758	-4.8267	-3.7382	9.242	2.3304	-0.1623
NA20812	EUR	EUR	0	0	2e-4	0	0.9998	0.4102	11.4964	3.1008	9.0255	-1.2194	-10.8192	-0.8637	7.1221	-1.5941	-5.7921
HG01861	EAS	EAS	1	0	0	0	0	-7.5034	-42.5901	-0.1606	5.4471	5.2821	-5.6528	-3.5508	6.9728	-1.1594	2.0091
NA19346	AFR	AFR	0	0.9999	1e-4	0	0	60.6471	-16.0788	0.8449	1.6717	3.6898	-7.001	-6.7532	3.3165	2.5823	-1.7197
HG00559	EAS	EAS	1	0	0	0	0	-7.1419	-44.7857	2.1882	6.4801	-1.0154	-2.0366	-3.1616	5.496	0.6269	-5.5699
HG02386	EAS	EAS	1	0	0	0	0	-8.3066	-43.6869	2.3356	7.5415	8.2242	-1.3812	-5.7901	2.9719	-3.545	-0.0577
NA20318	AFR	AFR	0	0.9315	0.0685	0	0	44.2846	-11.2009	2.9524	3.0193	1.632	-6.5078	-5.8433	4.4644	4.5492	1.3643
NA18924	AFR	AFR	0	0.9999	1e-4	0	0	62.8146	-18.2842	-0.376	0.7891	2.2286	-1.201	-1.476	4.2868	0.8369	-2.5582
HG03851	SAS	SAS	0	0	0	1	0	1.2476	-9.3075	-19.2224	-4.6238	0.6857	-2.5949	-0.964	2.1341	-0.4907	1.0535
HG01921	AMR	AMR	0	9e-4	0.9991	0	0	-6.7029	-16.0068	19.178	-28.5805	1.7037	-2.464	0.5529	2.5764	-0.072	-1.9777
NA18645	EAS	EAS	1	0	0	0	0	-7.0092	-46.017	2.8378	5.8752	0.8498	-0.4454	-0.6622	2.4357	0.1021	-0.8592
HG03571	AFR	AFR	0	1	0	0	0	61.6951	-18.2001	-0.5782	2.1354	2.4225	-3.2872	-0.9137	7.6066	-3.0762	-0.046
HG00376	EUR	EUR	0	0	0	0	1	-0.685	9.9198	6.0936	7.4958	3.7656	7.2541	-3.1294	2.5363	-3.749	-0.9702
HG01455	AMR	AMR	0	0	1	0	0	-0.5166	-4.9821	12.8728	-8.5151	1.5372	-7.7418	-1.7667	0.223	3.2879	0.9086
NA20506	EUR	EUR	0	0	4e-4	0	0.9996	1.3546	12.1582	3.6794	10.8022	2.6592	-6.4815	-1.7923	5.6799	-2.1615	-0.4917
NA20334	AFR	AFR	0	0.9918	0.0082	0	0	39.687	-6.8335	1.2968	4.7186	3.5969	2.2946	-5.9763	6.8009	-0.4288	-4.2503
HG03378	AFR	AFR	0	0.9997	3e-4	0	0	62.061	-18.4487	-0.6234	1.1449	1.1912	-0.3875	-3.1745	2.4826	0.9429	-0.0029
HG02545	AFR	AFR	0	0.9994	6e-4	0	0	58.6617	-14.4596	-0.7003	1.892	2.0392	-2.2211	-5.8447	3.8576	-1.9411	-0.6815
HG03511	AFR	AFR	0	1	0	0	0	63.1678	-17.1701	2.0447	1.3648	2.9046	-2.7619	-7.0645	5.5513	4.1126	-0.0345
HG03517	AFR	AFR	0	0.9997	3e-4	0	0	63.8717	-18.7481	-0.3023	-0.4193	4.2107	-3.2384	-7.1831	4.0755	-0.4939	-2.6557
NA19783	AMR	AMR	0	0.0065	0.9935	0	0	-2.9969	-17.6741	17.909300000000002	-26.2337	-2.253	-5.5195	-4.5546	3.8259	-3.9846	-1.1869
HG02232	EUR	EUR	0	0	0.0054	0	0.9946	1.9967	12.9392	5.8819	10.1802	2.115	-3.7927	-4.4575	4.7757	-6.2437	-7.4492
HG03593	SAS	SAS	0	0	0	1	0	-0.1443	-10.6114	-16.3789	-5.0856	2.1573	-0.2895	-5.7466	3.1791	-1.5173	2.5696
NA19204	AFR	AFR	0	0.9996	4e-4	0	0	62.3337	-17.0439	0.1366	-0.4543	2.1307	-0.2205	-4.5895	4.8931	2.8131	-2.3742
HG04211	SAS	SAS	0	0	0	1	0	2.9555	-6.1227	-20.4416	-5.1428	1.3494	-5.2617	-5.5901	6.7677	2.419	-4.4684
HG02648	SAS	SAS	0	0	0	1	0	2.0783	0.1605	-10.3017	-2.9106	-0.2222	-6.7257	0.7329	-0.8875	1.587	-1.974
HG00263	EUR	EUR	0	0	0.0082	0	0.9918	0.2986	12.9553	5.8834	8.4678	2.4481	0.5216	-1.4405	3.2158	4.897	0.5522
HG02286	AMR	AMR	0	0.0026	0.9974	0	0	-5.8127	-15.1475	18.8636	-25.9812	5.532	-1.6419	-1.6015	3.0792	-1.1274	-4.0391
HG00740	AMR	AMR	0	0	0.8832	0	0.1167	5.9211	2.7522	7.4233	2.7949	-1.7126	-9.6054	-3.6816	-0.0615	-4.0502	-4.183
NA18543	EAS	EAS	1	0	0	0	0	-7.0729	-45.0801	1.8508	8.9765	1.3253	-3.6308	-1.6653	0.7729	-3.4717	0.4432
NA18984	EAS	EAS	1	0	0	0	0	-8.1918	-41.8754	2.9618	5.1148	-5.8778	-3.1931	-8.4473	1.2642	-3.314	-2.0801
NA19782	AMR	AMR	0	0.0035	0.9965	0	0	0.2825	-6.8867	12.7511	-11.3413	2.28	-0.3124	-1.1451	4.2089	-0.4259	-5.65
HG03969	SAS	SAS	0	0	0	1	0	2.0231	-7.3619	-20.2528	-7.0588	2.4579	-5.0597	-4.5298	2.5105	-3.9758	-1.5513
HG01784	EUR	EUR	0	0	0.0172	0	0.9828	0.7526	12.5162	5.2086	10.0578	0.82	-6.6445	-5.261	3.021	-0.3172	-1.0903
HG03757	SAS	SAS	0	0	0	1	0	0.1693	-10.9956	-21.4237	-6.4569	0.2871	-1.874	-5.1714	5.1176	-2.9326	-2.4778
NA18997	EAS	EAS	1	0	0	0	0	-8.2579	-43.356	2.3358	4.8141	-10.7751	-4.2442	-7.2925	7.0831	-2.8802	-1.7001
HG00185	EUR	EUR	0	0	0	0	1	-1.4885	7.1613	6.6129	9.3492	7.0886	10.1843	-1.0101	2.7885	-2.7434	-0.2917
NA19443	AFR	AFR	0	1	0	0	0	58.5071	-16.2476	0.7934	1.4932	3.1238	-6.1611	-5.5777	-0.7414	-0.1278	-0.3098
NA06984	EUR	EUR	0	0	3e-4	0	0.9997	0.0268	12.1868	5.5923	9.9885	0.2059	-3.5037	-0.9788	3.8164	-0.2487	-2.4578
HG01069	AMR	AMR	0	0.0026	0.9968	6e-4	0	6.8509	3.592	6.5257	-0.4281	0.9276	-4.6884	-6.3866	7.4914	-3.4799	-0.2093
HG01492	AMR	AMR	0	0	0.9999	0	1e-4	1.437	3.6842	8.2866	-0.8483	2.7508	-7.8571	-4.4759	4.0671	-5.4412	2.0098
HG02624	AFR	AFR	0	1	0	0	0	61.7963	-16.97	-0.9967	2.0562	-0.2561	-1.8885	-1.4331	5.8083	-5.2251	0.0109
HG00276	EUR	EUR	0	0	0	0	1	-1.6161	8.968	5.2138	5.4218	2.0664	8.5481	1.1178	5.7163	3.7017	-1.0122
HG03598	SAS	SAS	0	0	0	1	0	1.3367	-11.3567	-16.0457	-2.4394	5.3875	-3.7936	-6.4221	-0.6955	-4.6024	0.4417
HG01485	AMR	AMR	0	0.005	0.995	0	0	22.0049	-8.8079	7.125	-6.8828	4.1821	-5.8721	-5.4173	6.2012	2.8497	2.7028
NA19717	AMR	AMR	0	1e-4	0.9999	0	0	-2.8833	-9.8002	14.4621	-19.5711	-0.8748	-3.8646	-5.1261	4.127	-0.5438	-2.5408
HG02923	AFR	AFR	0	0.9999	1e-4	0	0	62.4211	-17.8262	-0.5188	1.7414	1.4843	-2.8875	-4.7292	6.7941	-2.9031	-1.6323
HG01396	AMR	AMR	0	7e-4	0.9993	0	0	10.3959	1.71	7.8556	-2.4433	1.0732	-2.6116	-5.3375	5.2535	2.8223	-2.6735
NA21110	SAS	SAS	0	0	0	1	0	2.5502	-4.6472	-18.9771	-3.296	1.0105	-2.1776	-8.2127	6.4476	-0.539	0.6876
HG00260	EUR	EUR	0	0	0.0043	0	0.9957	-1.1385	13.4909	7.2052	9.647	2.8497	-3.1249	-4.529	3.6459	-1.2741	-3.6048
NA18623	EAS	EAS	1	0	0	0	0	-7.5024	-42.1857	3.4776	6.6154	-2.2821	0.9504	-2.8704	1.5262	0.4072	-1.8135
HG04090	SAS	SAS	0	0	0	1	0	0.6886	-8.482	-19.6384	-5.5826	3.1774	-5.7462	1.4541	4.7631	-4.2222	1.8907
NA20356	AFR	AFR	0	0.9999	1e-4	0	0	54.8647	-13.9478	0.4198	0.9676	1.6363	-1.4377	-4.6459	4.2381	-0.0018	-0.5066
NA20513	EUR	EUR	0	0	0.0066	0	0.9934	0.9075	10.9101	4.0839	8.5358	1.1163	-3.6922	-5.7727	4.8443	-5.8733	-2.8975
NA18486	AFR	AFR	0	1	0	0	0	62.5338	-16.8628	-0.9645	1.2263	-0.1132	-0.6371	-7.9801	6.1369	0.5366	-0.3287
NA12342	EUR	EUR	0	0	0.0691	0	0.9309	1.292	13.013	5.3442	8.6191	1.5043	-2.9336	-4.2589	5.8739	-6.5288	-1.6323
NA21122	SAS	SAS	0	0	0	1	0	0.7635	-5.5419	-18.7831	-3.6759	5.044	-3.9803	-10.426	7.5306	1.6167	-0.3784
HG00731	EUR	AMR	0	0	0.2114	0	0.7886	1.728	9.5472	8.1258	4.2291	0.6453	-7.3171	-2.1781	5.2417	3.4264	-0.9993
HG01440	AMR	AMR	0	0.0325	0.9675	0	0	11.0936	-0.7807	9.6458	-3.2073	-0.591	-4.6386	-5.8189	6.9082	-0.3646	0.5665
HG01678	EUR	EUR	0	0	0.4297	4e-4	0.5698	0.5932	12.0372	5.5417	9.3013	-0.6358	-5.4779	-3.3142	2.1373	-1.0767	0.6129
NA19917	AFR	AFR	0	1	0	0	0	56.349	-15.648	1.465	3.0326	1.2043	-4.1985	-3.073	5.3573	-1.1133	2.7986
NA18979	EAS	EAS	1	0	0	0	0	-7.3429	-42.1923	2.4925	4.9167	-7.3284	-2.9343	-2.6491	7.7889	0.7439	1.3897
NA18953	EAS	EAS	1	0	0	0	0	-8.6391	-43.4927	3.7698	4.283	-8.3697	-3.1356	-4.5638	2.8082	-1.3341	-2.4146
HG02275	AMR	AMR	0	3e-4	0.9997	0	0	-8.2724	-24.6913	23.9324	-37.6807	3.1896	0.248	-4.934	3.19	-1.2831	-3.1055
NA20521	EUR	EUR	0	0	0.0174	0	0.9826	1.4158	11.9997	2.1781	6.73	-0.061	-8.1936	-4	5.2937	-3.7338	-1.4048
NA20761	EUR	EUR	0	0	0.0901	0	0.9099	1.4705	10.8988	3.7732	10.0928	1.7466	-5.7207	-6.8154	4.1162	-1.3105	3.6745
NA12872	EUR	EUR	0	0	0.015	0	0.985	0.0109	12.1575	4.7843	7.6481	4.7876	-4.7185	-5.3387	9.3915	-1.0729	-1.1986
NA18951	EAS	EAS	1	0	0	0	0	-7.784	-42.0784	3.161	4.6905	-5.895	-4.451	-5.6365	5.3508	-2.435	-0.6021
HG00689	EAS	EAS	1	0	0	0	0	-8.3142	-45.2323	1.0403	7.8215	2.7836	0.1046	-4.0065	4.3335	-3.3955	-2.0168
HG01334	EUR	EUR	0	0	0.0139	0	0.9861	-0.3745	10.8759	6.4406	8.9797	-1.6292	-2.8396	-3.7182	0.1817	0.524	-2.6046
HG02052	AFR	AFR	0	1	0	0	0	60.8736	-18.269	-0.1106	1.2821	2.7872	-1.3969	-5.4865	2.8136	-2.6125	-0.6468
HG03228	SAS	SAS	0	0	0	1	0	1.0448	-4.8361	-15.7704	-2.1809	1.538	-4.4342	1.9854	2.7213	1.4658	2.2652
NA20582	EUR	EUR	0	0	0.0137	0	0.9863	0.6973	13.7584	5.1745	8.5413	5.1981	-2.5224	-2.363	2.8152	1.061	-4.4508
HG00530	EAS	EAS	1	0	0	0	0	-8.112	-42.8719	3.2736	8.0433	2.1103	-3.3979	-3.4177	3.4639	1.2336	-2.6694
HG01610	EUR	EUR	0	0	0.0051	0	0.9949	1.2009	12.6628	6.1007	10.3526	3.1482	-7.4607	-6.1177	6.8711	4.0311	-3.4054
HG00584	EAS	EAS	1	0	0	0	0	-6.025	-44.9879	2.9818	8.2048	-0.4698	-3.665	-6.2603	6.3823	-8.7631	-1.3933
HG01149	AMR	AMR	0	2e-4	0.9998	0	0	2.3999	-5.8605	12.9094	-10.8279	-0.0593	-1.673	-7.3764	4.0803	2.8139	1.9637
HG01363	AMR	AMR	9e-4	0.0041	0.995	0	0	8.8259	-4.1491	9.832	-3.0323	0.7882	-2.9744	-2.513	2.9203	-2.094	-2.3851
HG01047	AMR	AMR	0	0	0.967	1e-4	0.0329	4.706	4.9425	7.5189	3.3845	3.5962	-3.7795	-3.8362	0.7316	-1.7189	-0.9178
NA19137	AFR	AFR	0	0.9998	2e-4	0	0	63.2109	-18.1369	0.5092	-0.0259	0.3326	-1.8082	-4.4652	5.7274	-2.361	-0.7036
NA12827	EUR	EUR	0	0	0.0098	0	0.9902	-1.1044	13.9326	7.0383	7.4269	3.0501	-6.2459	-2.724	6.9215	0.3883	-3.8721
NA19308	AFR	AFR	0	1	0	0	0	59.1145	-16.3996	-0.0708	0.8805	3.8046	-4.6545	-7.2958	3.9265	-1.5655	-2.8822
HG04153	SAS	SAS	0	0	0	1	0	1.1154	-11.7107	-17.0463	-3.8355	2.1355	-2.5754	-4.0059	1.7024	0.7667	-1.9723
NA11994	EUR	EUR	0	0	0.0061	0	0.9939	-1.1356	11.6981	5.3314	9.1169	1.3773	-0.561	-1.3137	4.4273	3.6105	-5.9128
HG00598	EAS	EAS	1	0	0	0	0	-8.0786	-45.9598	0.6112	6.1357	0.0924	-1.5454	-3.1369	2.4799	-0.4271	-0.5385
HG02922	AFR	AFR	0	0.9999	1e-4	0	0	62.4992	-16.7912	1.0208	0.781	-0.5827	-2.5405	-7.4325	8.2472	1.7195	-3.7689
HG00662	EAS	EAS	1	0	0	0	0	-7.2561	-44.0547	0.9213	7.2902	2.717	-3.0021	1.6129	5.9264	-1.4597	-3.5818
HG02105	AMR	AMR	0	5e-4	0.9995	0	0	-8.229	-25.0924	22.0625	-39.4496	2.6049	-2.1617	-5.0333	5.233	-2.4445	-4.1643
HG03086	AFR	AFR	0	1	0	0	0	62.7528	-16.5415	0.511	1.5371	2.2118	0.1433	-4.0579	4.7022	-2.5301	-1.92
HG01504	EUR	EUR	0	0	0.0297	0	0.9703	1.506	12.257	4.6872	10.4585	0.1905	-8.3756	-2.4454	5.3935	0.4034	-1.2368
HG02715	AFR	AFR	0	1	0	0	0	60.5174	-17.2223	0.7362	1.9726	1.8665	-1.6029	-3.226	4.8565	-0.689	1.268
HG00331	EUR	EUR	0	0	0.0067	0	0.9933	-1.1809	9.7769	6.349	7.4877	4.672	3.5689	-0.7632	7.9779	1.6626	-5.2895
NA20904	SAS	SAS	0	0	0	1	0	0.6797	-1.0316	-12.023	-1.4306	-0.3222	-7.2491	-4.1777	3.3571	-4.3096	-0.7555
HG02721	AFR	AFR	0	0.9998	2e-4	0	0	61.8865	-18.7462	0.2504	0.1955	1.4947	-1.9235	-2.4918	4.6729	1.1116	-2.128
HG00326	EUR	EUR	0	0	1e-4	0	0.9999	-0.6064	8.7744	5.3658	8.2244	2.3609	6.2123	-7.4569	4.8221	-0.1837	-1.3928
HG02522	EAS	EAS	1	0	0	0	0	-7.704	-44.1413	1.2412	7.8575	9.3065	-3.4497	-3.8753	3.412	-2.4424	-3.1681
HG01438	EUR	AMR	0	0	0.0046	0	0.9954	2.1928	11.0374	6.3658	5.3019	0.0867	-6.0008	-3.4113	7.0975	-0.3682	-4.7004
NA19780	AMR	AMR	0	0.0039	0.9961	0	0	-0.6619	-3.782	12.6645	-7.8135	-0.1534	-2.0342	-3.4357	4.5841	-3.0168	-5.2346
NA12341	EUR	EUR	0	0	0.0046	0	0.9954	0.3387	10.9239	4.3314	8.3033	2.9462	-0.7748	-1.8774	8.4224	-0.7339	-3.8938
HG01589	SAS	SAS	0	0	0	1	0	0.1985	-2.8222	-13.1767	-2.6598	0.844	-1.0082	-2.9895	1.9407	-2.4291	0.982
HG01095	AMR	AMR	0	7e-4	0.9993	0	0	8.1757	2.627	5.3775	1.8735	1.3574	-9.902	-2.8136	6.2554	-2.2994	-0.5365
NA20340	AFR	AFR	0	0.9873	0.0127	0	0	53.0294	-13.7476	0.0853	2.0521	3.24	-3.9658	-3.4173	5.3167	-1.1452	-3.1277
NA20314	AMR	AFR	0	0.0622	0.9378	0	0	-3.9813	-14.1361	16.794	-16.7139	-0.8413	-2.3392	-5.2307	3.346	-0.6101	-3.2915
HG01142	AMR	AMR	0	0.0032	0.9968	0	0	10.954	-7.2735	9.6051	-9.5493	3.8095	-4.2223	-7.9185	2.7539	-0.5667	-2.5053
HG02353	EAS	EAS	1	0	0	0	0	-6.5916	-45.4526	0.4994	8.7526	10.9547	-1.0616	-6.4131	8.8109	3.0358	-3.3331
HG01530	EUR	EUR	0	0	0.0079	0	0.9921	2.2348	12.9636	5.0238	11.4034	1.0783	-6.3771	-3.6208	4.6989	-0.7049	-0.3626
HG01111	AMR	AMR	0	0.0015	0.9984	0	0	5.4233	2.9085	6.5686	1.6587	1.9348	-8.1683	-2.5082	7.7595	-0.3577	-3.4261
HG03805	SAS	SAS	0	0	0	1	0	1.5926	-12.2493	-16.2748	-4.5984	3.1241	-2.2099	-1.19	6.0745	-0.2473	3.4215
HG02153	EAS	EAS	1	0	0	0	0	-6.9785	-43.5917	0.4549	7.8077	8.8731	-1.7904	-3.3516	5.145	-1.9087	1.1147
HG03385	AFR	AFR	0	1	0	0	0	62.3362	-16.948	-0.5982	1.2008	1.0267	-4.8647	0.0614	3.1562	-1.6816	-1.3553
HG04017	SAS	SAS	0	0	0	1	0	2.8166	-7.3065	-22.1488	-5.8668	2.0701	-5.302	-1.1732	10.2929	-2.6135	0.2152
HG01254	AMR	AMR	0	2e-4	0.9985	2e-4	0.0011	9.2407	-3.2379	7.8621	-6.1708	4.3762	-5.9937	-7.621	5.7179	-1.841	-0.5111
NA20320	AFR	AFR	0	0.9994	6e-4	0	0	56.3784	-14.0463	0.9328	2.7551	1.1674	-5.0834	-6.9505	4.1185	0.5498	-7.4195
HG01923	AMR	AMR	0	0.002	0.998	0	0	-6.7197	-22.7513	24.3286	-35.6136	6.9732	-2.9171	1.0281	3.2603	-2.0738	-3.4308
HG02133	EAS	EAS	1	0	0	0	0	-6.7738	-42.8828	0.9268	6.3801	7.5567	-3.8766	-3.8195	4.3673	-2.2047	0.4263
HG00318	EUR	EUR	0	0	0	1e-4	0.9999	-0.5205	9.6672	5.5003	7.5752	2.9726	9.575	-4.8722	5.9887	-5.1996	-1.2472
HG02780	SAS	SAS	0	0	0	1	0	1.0733	-6.6537	-17.4339	-4.3488	2.1449	-7.5194	-7.0473	3.7158	-3.0992	-7.9952
NA19236	AFR	AFR	0	1	0	0	0	62.2419	-17.0121	0.1726	0.2923	1.5608	-3.5918	-6.5767	2.2907	-0.8529	-4.0796
HG04173	SAS	SAS	0	0	0	1	0	0.897	-11.1561	-16.6549	-3.5608	4.6003	-0.0737	-1.5503	9.3631	1.6726	0.4165
HG00701	EAS	EAS	1	0	0	0	0	-6.6267	-44.4983	1.8092	7.4727	1.5693	-1.2252	-2.4445	2.7504	-1.9022	-5.1052
NA19475	AFR	AFR	0	1	0	0	0	59.1978	-18.4058	-1.3651	2.9011	4.2033	-4.6536	-6.4777	-1.7904	-1.5404	-1.7777
HG00319	EUR	EUR	0	0	1e-4	0	0.9999	-1.7948	6.3388	5.7678	9.0812	3.1767	9.011	-7.8218	6.9716	4.3326	4.451
HG04195	SAS	SAS	0	0	0	1	0	0.6955	-10.1569	-16.3144	-4.2318	1.1041	-3.0239	-5.2975	0.2319	-5.2004	1.4915
NA18943	EAS	EAS	1	0	0	0	0	-9.2766	-42.5073	1.6739	6.4768	-1.9037	-0.5815	-4.5748	4.6629	4.4653	-5.5051
HG02787	SAS	SAS	0	0	0	1	0	0.0494	-9.0199	-18.3964	-5.0613	3.9529	-0.1098	-3.7958	4.2801	1.2019	2.192
HG00258	EUR	EUR	0	0	0.0406	0	0.9594	0.6296	12.1445	6.4788	8.8781	1.8479	-1.6597	-2.0074	4.7628	-3.6583	-2.7267
HG03079	AFR	AFR	0	1	0	0	0	62.5259	-18.1047	0.2757	-0.0341	-0.3203	-2.8519	-2.5875	6.1124	-3.828	0.9907
HG03084	AFR	AFR	0	1	0	0	0	63.0357	-17.5373	0.0536	0.1943	1.1844	-3.7521	-2.1614	4.9862	-3.3409	-2.7181
HG03372	AFR	AFR	0	0.9998	2e-4	0	0	62.0225	-18.146	-0.7725	1.0834	0.2616	-3.2537	-2.242	8.4227	-0.9797	-4.9624
NA21113	SAS	SAS	0	0	0	1	0	0.942	-6.4299	-19.4371	-5.6669	0.5444	-1.5185	-6.148	2.0756	-3.5602	0.6406
NA12286	EUR	EUR	0	0	0.0041	0	0.9959	-0.8443	12.8551	5.8386	9.2548	1.2071	-2.6678	-4.1041	7.8179	0.2356	-3.5126
HG01140	AMR	AMR	0	3e-4	0.9997	0	0	1.6356	2.2737	8.6493	-4.0238	3.69	-5.9393	-2.032	6.7996	-0.9666	0.8862
HG02494	SAS	SAS	0	0	0	1	0	0.6825	-5.4385	-11.6531	-1.5234	-1.4772	-2.4941	-4.6673	4.0526	0.9778	0.2762
NA20274	AMR	AFR	0	0.4965	0.5035	0	0	16.2173	-15.739	10.8299	-12.1084	1.7291	-5.2131	-1.0679	5.885	-7.158	-0.0266
HG03045	AFR	AFR	0	1	0	0	0	59.5272	-18.4365	0.2244	1.1371	-0.4036	-3.7549	-1.9484	3.3639	-1.3284	0.6705
HG04001	SAS	SAS	0	0	0	1	0	0.6341	-6.6098	-20.2429	-4.536	0.417	-2.3819	-0.658	2.4633	1.4858	-0.4687
NA19761	AMR	AMR	0	0.0173	0.9827	0	0	-0.4444	-10.3136	13.7436	-16.3258	0.4371	-2.0618	-3.349	4.6134	3.4183	3.2134
HG03713	SAS	SAS	0	0	0	1	0	2.6522	-3.8912	-16.8766	-2.2923	1.7986	-1.059	-6.7017	6.995	-4.0453	-2.5201
HG00607	EAS	EAS	1	0	0	0	0	-7.1731	-43.4974	1.1793	6.4898	0.7179	-3.7617	-1.726	3.7536	-7.1054	-0.4691
HG02307	AFR	AFR	0	0.9995	5e-4	0	0	57.42	-16.5717	-1.0732	0.8608	2.8076	-4.0809	-2.484	4.4544	2.4374	0.5259
HG03978	SAS	SAS	0	0	0	1	0	0.9214	-8.2035	-21.5034	-4.7201	-0.1282	-0.3553	-3.9446	2.9496000000000002	-0.096	-0.4236
HG00742	EUR	AMR	0	1e-4	0.2473	0	0.7526	6.3625	8.8705	7.1654	6.1009	1.7517	-7.4262	0.569	6.8507	-0.5728	-2.4969
NA12843	EUR	EUR	0	0	0.0321	0	0.9679	1.1578	12.545	4.2063	9.1074	1.3399	-1.1387	-3.138	4.9284	-7.0382	-3.1896
NA19327	AFR	AFR	0	1	0	0	0	58.1213	-17.0209	-0.3305	2.0152	1.596	-4.9818	-4.1665	-0.9705	-1.0169	-1.3028
NA18538	EAS	EAS	1	0	0	0	0	-7.4139	-42.7895	4.716	7.2484	-0.7365	0.4401	-2.2658	6.4998	0.703	-1.7971
NA11830	EUR	EUR	0	0	0.0062	0	0.9938	0.5579	12.349	4.3349	9.1128	1.9416	0.059	-6.5482	3.3501	-1.1446	-4.0037
HG04194	SAS	SAS	0	0	0	1	0	-0.5822	-9.8716	-16.8229	-3.4514	0.24	-2.1153	-2.3891	5.7967	-1.8845	-4.157
HG03583	AFR	AFR	0	0.9988	0.0012	0	0	61.8356	-17.6949	0.2718	2.1305	2.3307	-2.5269	-2.4915	2.2856	-3.1286	-3.984
HG03457	AFR	AFR	0	1	0	0	0	63.2241	-17.8047	-1.294	2.2269	2.9116	-3.755	-2.9111	5.6747	-2.2321	-1.0388
NA18966	EAS	EAS	1	0	0	0	0	-6.5234	-41.6293	2.486	5.6521	-8.2094	-2.2321	-5.8677	4.1565	-3.8362	-0.8743
HG03680	SAS	SAS	0	0	0	1	0	1.7088	-8.2305	-18.3774	-3.7428	1.8411	-2.8409	-5.4236	0.9697	-2.1182	0.4713
HG02814	AFR	AFR	0	0.9995	5e-4	0	0	62.0669	-17.6295	1.116	2.5658	2.7181	-4.5532	-0.7742	5.2008	-2.9533	-1.6042
HG02792	SAS	SAS	0	0	0	1	0	0.6843	-8.9238	-18.8554	-3.7468	0.2278	-3.9714	-5.4901	1.5993	-2.6051	-5.4616
HG01167	AMR	AMR	0	0.0146	0.9854	0	0	13.8737	-0.3802	7.3647	1.0561	4.8416	-5.0667	-2.0692	7.7854	0.7565	-1.9193
HG00500	EAS	EAS	1	0	0	0	0	-7.8834	-44.1313	3.0054	5.8346	1.6472	-0.9189	-0.126	5.0917	0.7703	-1.7629
HG04096	SAS	SAS	0	0	0	1	0	0.4215	-5.4135	-22.9523	-5.1068	1.9772	-4.1071	-5.5399	9.7117	-2.1146	6.7781
HG01790	EUR	EUR	0	0	0.0069	0	0.9931	0.7232	11.9312	3.9584	7.5241	4.5629	0.3011	-2.5229	2.545	0.7606	-6.2245
HG00100	EUR	EUR	0	0	0.0215	8e-4	0.9776	0.5357	13.5637	4.2693	8.1894	0.9919	-1.4804	-4.5103	-0.0078	-1.7646	-4.2584
HG02870	AFR	AFR	0	1	0	0	0	60.2543	-16.7257	0.3809	1.2803	-0.3902	-0.6057	-2.5635	0.8249	-3.5623	0.6514
HG02014	AFR	AFR	0	0.9994	6e-4	0	0	55.1731	-13.1898	0.0173	3.4687	1.6962	-2.1363	-5.3631	4.6031	-3.1212	-1.6622
HG03488	SAS	SAS	0	0	0	1	0	1.3961	-2.7992	-14.4236	-0.2851	-1.2649	-4.132	-3.4445	3.3497	-4.917	-2.7933
NA18949	EAS	EAS	1	0	0	0	0	-7.649	-42.4996	2.0478	6.2329	-6.4687	-3.1807	-7.3331	7.881	-0.7704	-0.7121
HG02594	AFR	AFR	0	0.9999	1e-4	0	0	60.7519	-17.6293	0.0308	1.6199	2.885	-2.5041	-1.687	4.2198	-2.7966	0.6338
NA21087	SAS	SAS	0	0	0	1	0	1.0135	-7.1689	-18.2661	-5.5029	2.3312	-2.5648	-9.0355	7.0598	-4.3527	-0.3203
NA20536	EUR	EUR	0	0	0.0223	0	0.9777	1.6293	10.1731	4.6082	8.7829	-0.4038	-3.7402	-3.9126	-1.2273	-1.0657	-3.2332
NA19773	AMR	AMR	0	0.0017	0.9983	0	0	-1.1956	-2.1961	12.7934	-7.4961	-0.3354	-3.3379	-4.308	2.4581	-3.2024	-2.7061
HG02067	EAS	EAS	1	0	0	0	0	-7.2552	-44.7483	1.1355	8.1528	4.5305	-6.1551	-2.4659	2.6105	-4.8588	1.7604
NA20502	EUR	EUR	0	0	0.0028	0	0.9972	0.9649	13.5449	2.6526	9.3835	1.5541	-6.1272	-5.4067	3.1057	0.2394	-3.1062
HG02069	EAS	EAS	1	0	0	0	0	-7.6966	-42.8291	0.634	8.1749	5.422	-4.5403	-3.7728	4.3072	0.9543	2.0694
NA12749	EUR	EUR	0	0	0.0308	0	0.9691	0.0172	12.4854	5.652	7.8614	2.2724	-4.2178	-0.3104	3.0578	-2.7438	-1.7399
NA20505	EUR	EUR	0	0	0.0051	0	0.9949	1.9799	13.2102	4.1974	8.6517	3.5025	-6.5483	-4.6908	0.8015	-2.6917	-4.8159
NA19056	EAS	EAS	1	0	0	0	0	-7.622	-42.4518	2.5547	6.1732	-6.4387	-4.7053	-1.7897	5.136	-1.6695	1.3864
HG01122	AMR	AMR	0	5e-4	0.9991	0	3e-4	4.1214	4.7423	9.4984	-2.3338	2.6001	-9.6137	-0.6312	5.8317	-0.9305	-2.3339
HG00288	EUR	EUR	0	0	3e-4	0	0.9997	-1.7655	8.0414	4.7207	7.9779	2.8694	7.7794	-3.5592	5.7899	-0.7861	-0.6235
HG01063	AMR	AMR	0	0.0301	0.9699	0	0	23.6727	-2.195	5.3136	-0.0366	-0.4494	-4.0278	-8.0863	6.8862	-0.883	-0.4911
NA20810	EUR	EUR	0	0	0.2289	0	0.7711	2.0083	12.3909	4.5627	8.2124	3.0073	-6.6937	-4.1127	2.0286	-0.9304	-4.2153
NA19141	AFR	AFR	0	1	0	0	0	62.5815	-17.4235	-0.7407	0.8521	1.8485	-1.1842	-5.1289	5.2966	-1.6551	-2.1168
HG01808	EAS	EAS	1	0	0	0	0	-8.8353	-43.2835	1.1276	7.8528	7.6883	-2.9813	-3.3546	-0.9884	2.5142	-0.5439
HG00692	EAS	EAS	1	0	0	0	0	-7.6419	-44.8023	2.1931	6.0486	5.9038	-1.3552	-3.6247	2.3958	-2.5274	-3.6532
NA19171	AFR	AFR	0	0.9999	1e-4	0	0	60.7962	-17.7316	-0.6987	0.6861	-0.0881	0.486	-3.5657	6.5325	-0.3632	-4.4685
NA19075	EAS	EAS	1	0	0	0	0	-8.5203	-42.7181	2.4017	6.8197	-7.5451	-1.6045	-5.7869	0.8026	-0.9491	-0.3449
HG01348	AMR	AMR	0	1e-4	0.9999	0	0	0.0542	-3.3761	13.3368	-11.8202	5.879	-3.0808	-3.3659	5.3277	0.4576	0.9594
HG00351	EUR	EUR	0	0	1e-4	0	0.9999	-1.9806	10.0469	7.3688	8.2527	2.2845	7.8185	-6.1459	7.2036	-1.1785	2.6301
NA19726	AMR	AMR	0	0.0077	0.9923	0	0	-3.7868	-11.3571	14.9677	-19.51	1.674	-3.8195	-1.2244	1.7108	0.0183	-5.6615
HG03955	SAS	SAS	0	0	0	1	0	1.0364	-10.2743	-19.7591	-6.1666	0.8313	-0.4555	-2.8635	5.844	-3.1547	1.1623000000000001
HG02484	AFR	AFR	0	0.9999	1e-4	0	0	57.3183	-14.6558	0.1228	1.837	-0.3462	-3.2247	-4.2967	3.084	0.5932	-1.3153
NA20792	EUR	EUR	0	0	0.2176	0	0.7824	-0.3479	11.6974	4.2918	7.74	2.3188	-5.7597	-5.2589	6.6629	-3.0832	-1.2754
HG01124	AMR	AMR	0	0.0214	0.9786	0	0	8.9274	-3.056	9.6351	-7.2175	4.1678	-8.0544	3.632	5.8556	-2.0018	-2.468
NA20890	SAS	SAS	0	0	1e-4	0.9999	0	2.4371	-3.4268	-12.5208	-2.9757	2.3655	-0.3771	-0.4676	4.9613	-0.5868	-0.1918
NA19395	AFR	AFR	0	0.9995	5e-4	0	0	60.1116	-16.704	-0.4031	1.5597	4.4355	-5.4347	-7	0.5481	0.7918	-2.6657
HG02087	EAS	EAS	1	0	0	0	0	-7.8663	-41.272	0.6135	7.8278	3.6253	-3.228	-3.0306	6.5987	-0.782	0.0979
NA20806	EUR	EUR	0	0	0.2289	0	0.7711	1.2333	11.4488	3.5153	9.08	2.2044	-8.3609000000000009	-4.5521	2.729	-3.3728	-3.3111
HG01509	EUR	EUR	0	0	3e-4	0	0.9997	2.1083	14.3641	4.161	10.1833	4.9253	-5.6456	-9.8163	1.1388	1.6202	-2.4531
NA21141	SAS	SAS	0	0	0	1	0	1.3139	-6.2716	-18.0915	-3.5718	1.5917	-4.7637	-6.5773	6.4071	-2.9887	-4.8799
HG03890	SAS	SAS	0	0	0	1	0	3.2297	-8.8938	-16.9428	-4.4518	0.9548	-3.6572	-3.969	3.2461	1.9619	-0.7004
NA18511	AFR	AFR	0	1	0	0	0	62.7953	-17.2784	-0.0741	0.8946	0.4106	-3.6508	-2.3383	4.057	0.999	-3.0309
HG00421	EAS	EAS	1	0	0	0	0	-7.6538	-44.2018	2.5359	8.1945	1.1406	-2.3632	-1.0666	2.808	-2.2231	-1.8962
HG03867	SAS	SAS	0	0	0	1	0	1.1593	-10.9179	-21.3921	-5.3671	2.7283	-0.4967	-2.0603	1.0924	-5.3543	-0.9519
HG02971	AFR	AFR	0	0.9982	0.0018	0	0	63.1675	-18.7279	-0.3709	2.6826	3.2437	-2.5031	-4.5386	4.6742	0.7627	-0.3703
HG03103	AFR	AFR	0	1	0	0	0	63.2593	-17.7893	-0.0552	1.5624	0.1948	-2.6781	-5.8586	3.0835	-1.0765	-2.818
NA19439	AFR	AFR	0	1	0	0	0	60.4041	-17.3908	-0.3778	2.302	4.3635	-4.2726	-5.61	-0.3207	-1.3203	-1.1402
HG03121	AFR	AFR	0	1	0	0	0	63.7091	-18.3266	-0.824	2.3559	1.8046	-1.1182	-4.0256	4.6867	-4.1992	-2.2727
HG03905	SAS	SAS	0	0	0	1	0	0.2021	-12.6375	-14.1987	-1.9419	2.4336	-3.3077	-0.6474	1.946	1.1787	-0.1926
HG02061	EAS	EAS	1	0	0	0	0	-8.486	-43.763	1.3456	7.948	8.887	-4.8948	-3.5181	6.6015	-1.7141	-0.7981
HG02851	AFR	AFR	0	1	0	0	0	61.7101	-16.9825	0.6593	0.7665	-0.5106	-3.641	-1.7425	5.3669	-0.1939	3.1054
HG00525	EAS	EAS	1	0	0	0	0	-6.5697	-42.9969	3.1645	8.025	-2.3188	-0.1339	-5.6239	3.0874	-2.4908	-3.6956
NA18535	EAS	EAS	1	0	0	0	0	-9.2419	-44.4306	2.9141	8.663	-3.2041	-1.6404	-3.5711	5.1729	-3.8909	-2.713
NA19720	AMR	AMR	0	0.0023	0.9977	0	0	-0.2783	-12.2978	17.1412	-18.029	-0.3064	-1.4725	-6.4101	6.2574	-1.6185	0.7509
HG01708	EUR	EUR	0	0	0.0017	0	0.9983	1.4257	10.3595	4.6457	8.4486	4.0628	-2.3994	-5.8926	7.0283	0.6929	0.4595
NA12003	EUR	EUR	0	0	2e-4	0	0.9998	-0.2663	11.9961	6.2493	7.2645	2.9238	2.2353	-6.2444	4.7018	-1.0182	-2.0876
HG00632	EAS	EAS	1	0	0	0	0	-7.0525	-44.8607	2.2714	7.53	0.1385	-2.9564	-2.2819	5.4922	-3.1557	-2.6467
NA19351	AFR	AFR	0	1	0	0	0	59.8068	-16.9787	0.2472	1.3023	6.2463	-4.2542	-6.6466	0.5618	-4.5854	-0.0968
HG02220	EUR	EUR	0	0	0.0014	0	0.9986	0.9116	12.8769	3.1398	8.6161	2.2049	-4.9133	-1.4252	3.9458	-1.916	-0.7485
NA18985	EAS	EAS	1	0	0	0	0	-7.4253	-43.6915	3.5597	6.9535	-8.5784	-1.3123	-1.7841	5.3881	0.6604	0.3655
HG03258	AFR	AFR	0	1	0	0	0	61.6461	-17.3784	-0.817	2.4817	-1.3372	-3.9334	-3.3181	5.0767	-2.4502	0.2588
HG01631	EUR	EUR	0	0	0.0414	0	0.9586	3.425	15.1679	5.4958	9.6377	1.0072	-8.4876	-6.0477	3.579	5.5976	-3.9554
HG00140	EUR	EUR	0	0	0.0061	0	0.9939	-0.2648	12.4853	5.0627	9.1973	0.0575	-4.8689	-2.1488	4.4217	-2.0318	-0.7122
HG00323	EUR	EUR	5e-4	0	0.0355	3e-4	0.9637	-1.2389	9.7996	5.5669	8.4141	4.9969	8.3395	-5.6693	2.3168	-0.4724	0.3928
HG01375	AMR	AMR	0	4e-4	0.9996	0	0	7.2793	-1.1515	11.6641	-5.9777	1.8478	-4.1634	-6.3987	6.1885	-4.018	3.8626
NA20847	SAS	SAS	0	0	0	1	0	1.0523	-6.6995	-19.6899	-4.7502	-0.326	-3.5647	-4.8151	8.3387	-2.5086	-1.9974
HG02629	AFR	AFR	0	1	0	0	0	62.1533	-16.7495	-0.381	2.2202	1.2053	-1.1219	-2.3026	7.6439	-2.2149	1.1365
HG00254	EUR	EUR	0	0	0.0234	0	0.9766	0.8826	13.0229	4.5429	9.2069	3.0492	0.7233	-0.1161	3.249	-1.7824	-1.0514
HG01798	EAS	EAS	1	0	0	0	0	-6.9137	-43.1761	1.7983	7.9284	4.5236	-1.7153	-3.5167	5.4469	-0.0633	-0.0947
HG02549	AFR	AFR	0	1	0	0	0	61.7172	-16.4689	-0.4835	0.6501	1.8345	-2.4974	-5.0506	4.9662	-0.0607	-2.7392
HG03081	AFR	AFR	0	0.9997	3e-4	0	0	62.0066	-16.897	-0.1575	3.0907	0.8203	-2.8022	-2.5571	6.8626	-0.1116	-2.1234
HG01864	EAS	EAS	1	0	0	0	0	-6.3342	-43.8023	0.9626	8.6254	8.1885	-2.6237	-1.4446	6.1721	-0.4213	-2.8334
NA19776	AMR	AMR	0	5e-4	0.9995	0	0	1.7213	-6.2254	11.9473	-12.4082	1.8775	-6.046	-3.3945	3.3457	2.3662	-2.7915
HG03490	SAS	SAS	0	0	0	1	0	2.9184	-0.5084	-14.1792	-2.3428	-0.7988	-4.0412	-1.5936	3.7281	-2.8619	-1.6924
HG01920	AMR	AMR	0	1e-4	0.9999	0	0	-8.6506	-24.3637	25.9352	-40.2598	6.7246	-2.3945	-2.5198	5.672	2.0525	1.8073
NA18536	EAS	EAS	1	0	0	0	0	-9.0622	-43.5643	3.6763	9.7866	1.2553	-1.881	-3.0203	3.1246	-1.983	-0.2586
HG00149	EUR	EUR	0	1e-4	0.3756	2e-4	0.6241	0.7748	12.3931	5.6823	8.4905	2.1142	-1.3451	-4.7255	1.6585	0.8637	1.3435
HG00252	EUR	EUR	0	0	0.0055	0	0.9945	0.5866	13.3202	6.0428	9.3725	1.1107	-1.3576	-4.9611	5.169	-5.9487	-2.5583
HG02325	AFR	AFR	0	0.9993	7e-4	0	0	60.6453	-16.7397	-1.3811	0.469	2.433	-6.5514	-2.373	5.6093	-0.8601	-4.5785
NA18630	EAS	EAS	1	0	0	0	0	-6.4704	-43.9149	2.4651	7.8082	1.7854	-0.8758	-2.0167	5.6674	0.1915	-0.1894
HG03073	AFR	AFR	0	0.9999	1e-4	0	0	63.6072	-18.1528	0.5007	2.0627	1.8115	-3.5092	-2.2326	6.9193	-1.4469	-2.3842
HG02281	AFR	AFR	0	0.9999	1e-4	0	0	59.9396	-14.7661	0.1799	1.5703	4.4153	-2.3221	-3.5959	4.3148	-2.0873	2.356
NA20894	SAS	SAS	0	0	0	1	0	0.3505	-5.4421	-18.1036	-1.8976	4.1855	2.4307	-4.4696	0.6657	-4.3186	0.5488
HG01704	EUR	EUR	0	0	0.0728	0	0.9272	3.533	10.8616	3.5898	7.5015	3.0385	-6.7764	-2.9417	3.028	-0.1354	1.2814
HG00155	EUR	EUR	0	0	0.0469	0	0.9531	-0.379	12.6195	6.1022	8.133	3.1987	-1.9071	-3.9112	3.4592	-0.4282	1.2414
HG03469	AFR	AFR	0	1	0	0	0	63.4553	-17.5017	0.7993	1.9712	-0.1345	0.9096	1.5328	3.2048	-1.1716	-0.5192
HG03069	AFR	AFR	0	0.9999	1e-4	0	0	63.3341	-17.2678	0.1815	1.162	1.1911	-3.8079	-0.2145	5.9955	-4.9516	-0.6064
NA20832	EUR	EUR	0	0	0.0128	0	0.9872	1.0776	12.494	4.9987	8.6657	1.6801	-5.0088	-3.5546	2.4226	-1.1756	-0.1344
HG03643	SAS	SAS	0	0	0	1	0	1.0785	-7.9932	-20.0157	-3.6106	1.1782	-4.704	-3.2276	6.3781	-0.5031	-3.5816
HG04080	SAS	SAS	0	0	0	1	0	2.4798	-5.3618	-16.5729	-3.907	4.0401	-3.885	-1.5241	1.8873	-0.8048	-0.5737
NA21094	SAS	SAS	0	0	0	1	0	2.5857	-6.8459	-20.0877	-5.1417	2.6671	-1.2901	-11.2008	11.0833	-3.4214	-5.0275
HG03279	AFR	AFR	0	0.9999	1e-4	0	0	63.3218	-18.3455	-1.1058	0.0317	3.5043	-2.2319	-2.8599	4.8394	-0.2656	-2.4239
NA19011	EAS	EAS	1	0	0	0	0	-6.632	-42.6604	3.4442	5.7396	-4.3333	-4.5126	-2.7255	7.244	1.2366	-2.5694
HG01325	AMR	AMR	0	0	0.9994	3e-4	2e-4	8.9397	6.1599	7.5315	3.0974	2.797	-5.7887	-1.3386	4.6992	5.1545	3.1537
NA18962	EAS	EAS	1	0	0	0	0	-6.3207	-43.5632	3.0402	3.8899	-7.2081	-1.6184	-5.9301	2.5076	1.5151	1.9102
NA18853	AFR	AFR	0	0.9999	1e-4	0	0	62.7629	-17.7819	0.0599	1.7651	1.4739	-0.5484	-3.5086	7.087	-0.4437	-2.037
HG01705	EUR	EUR	0	0	0.2357	0	0.7642	3.3853	12.3842	6.1501	9.9096	3.6029	-7.5413	-5.6926	0.7493	-0.3904	-0.5259
HG03433	AFR	AFR	0	1	0	0	0	63.2307	-17.5056	-0.4592	0.665	2.5687	0.6127	-1.6901	4.7791	1e-4	-1.5786
HG03380	AFR	AFR	0	0.9998	2e-4	0	0	62.7911	-16.9393	0.8963	0.1706	0.6081	-1.5284	-2.0273	5.6698	0.2457	0.8071
HG02184	EAS	EAS	1	0	0	0	0	-8.9178	-45.2039	1.4403	9.0843	7.9603	-3.3299	-2.0315	6.1615	0.1168	0.4218
HG03019	SAS	SAS	0	0	0	1	0	0.7859	-7.3495	-16.7833	-4.566	1.7044	-2.7828	-5.7281	2.2738	-1.1362	-1.0931
HG00255	EUR	EUR	0	0	0.0331	0	0.9669	-0.7849	11.254	5.3582	9.8079	1.8284	-4.6159	-4.0002	6.0806	-2.5792	-3.4995
HG03120	AFR	AFR	0	0.9996	4e-4	0	0	63.3219	-16.5269	-0.3597	2.0918	2.2704	-4.695	-4.5216	5.7488	-1.0552	-2.3313
HG03461	AFR	AFR	0	1	0	0	0	63.5681	-17.9986	0.1893	2.2099	2.6306	-3.2422	-0.2383	4.4112	-1.832	-1.1587
HG01967	AMR	AMR	0	0.0023	0.9977	0	0	-3.4543	-12.8191	17.3993	-23.2951	-1.0393	-4.2818	-4.8587	4.3104	1.2377	-2.0885
HG03882	SAS	SAS	0	0	0	1	0	1.7718	-6.2603	-18.859	-6.4544	1.3556	-4.5011	-0.1468	0.4888	4.836	-1.1992
HG01863	EAS	EAS	1	0	0	0	0	-7.1306	-44.7734	0.9863	6.8483	6.4267	-2.0369	-3.3214	5.6278	1.1686	-1.6521
HG03241	AFR	AFR	0	1	0	0	0	62.1062	-18.1609	-0.2828	-0.4373	1.5331	-2.2161	-1.6184	3.8879	-1.0155	0.8545
HG01804	EAS	EAS	1	0	0	0	0	-6.8756	-44.6531	1.6049	8.1692	9.2314	-3.8983	-4.2528	7.4414	-1.5671	-3.2094
HG02442	AFR	AFR	0	0.9999	1e-4	0	0	61.7517	-17.8294	-0.4977	0.9411	2.3545	-2.214	-4.9846	2.2794	-3.4765	0.0073
HG04131	SAS	SAS	0	0	0	1	0	0.0024	-12.1479	-15.6164	-3.3922	3.2224	-3.7131	-3.8179	6.5158	0.8646	-1.4878
HG03091	AFR	AFR	0	0.9999	1e-4	0	0	62.1019	-18.4243	-0.0327	1.1001	2.0673	-0.3658	-2.2297	3.2077	-1.0171	-2.4433
HG02983	AFR	AFR	0	1	0	0	0	61.624	-15.7925	-0.4058	2.7744	3.9271	-3.9363	0.4864	2.9874	-2.5057	-0.8778
HG04022	SAS	SAS	0	0	0	1	0	2.7488	-6.6819	-21.006	-5.4974	-3.0553	-2.3059	-5.1862	4.162	1.6963	-3.879
NA19735	AMR	AMR	0	0.0016	0.9984	0	0	-6.4348	-20.1941	19.8411	-31.1676	0.3828	-1.2125	-4.7984	3.7187	1.546	0.0771
NA18546	EAS	EAS	1	0	0	0	0	-8.0852	-42.7057	2.3287	8.4891	-3.7424	-3.1753	-5.8342	1.9475	-4.5331	-0.3547
HG02104	AMR	AMR	0	0.0011	0.9989	0	0	-6.1112	-22.0653	23.2541	-36.6528	3.5808	0.0728	-3.2809	7.6327	-2.9927	-3.4604
NA20766	EUR	EUR	0	1e-4	0.0635	0	0.9365	0.99	12.4914	2.6195	8.4208	2.0002	-6.6436	-3.7754	3.1542	-1.3385	-0.8479
HG02944	AFR	AFR	0	1	0	0	0	62.3973	-19.0106	0.7848	1.9662	1.6498	-4.1334	-5.3273	2.408	0.9304	0.9603
HG02355	EAS	EAS	1	0	0	0	0	-8.3272	-45.7893	0.0538	8.9405	5.6728	-4.52	-3.5925	6.5769	-3.7534	-1.1453
NA11931	EUR	EUR	0	0	0.0257	0	0.9743	1.1199	12.1286	5.1498	8.5867	4.0133	-2.979	-3.6148	0.7789	0.0685	-2.9889
HG02236	EUR	EUR	0	0	0.0042	0	0.9958	2.5256	11.4078	5.4508	9.5974	3.8726	-4.518	-4.4299	0.3943	0.1672	-4.6644
HG00554	AMR	AMR	0	0	0.9186	0.001	0.0803	4.6669	5.9251	6.5037	3.6613	0.4667	-5.0835	-2.1867	1.7711	-0.2493	-1.1619
HG02180	EAS	EAS	1	0	0	0	0	-6.3683	-44.1071	-1.0871	8.0063	4.9149	-5.571	-4.539	5.7862	-2.1379	1.459
NA18865	AFR	AFR	0	1	0	0	0	63.3878	-18.5976	-0.6407	0.7766	1.6716	-1.3142	-5.8923	7.3909	-0.0896	-3.421
HG03896	SAS	SAS	0	0	0	1	0	1.5302	-9.2234	-20.9632	-5.0537	4.1055	-5.349	-2.5827	5.8685	0.7834	-3.3541
HG02023	EAS	EAS	1	0	0	0	0	-7.4594	-42.9375	1.2269	6.021	5.736	-6.538	-6.7899	8.0812	1.5596	-5.3793
HG02724	SAS	SAS	0	0	0	1	0	-0.1256	-8.0995	-17.5039	-5.7083	1.9775	-2.2483	-3.3786	4.7644	2.9896	-8.9236
NA18547	EAS	EAS	1	0	0	0	0	-7.921	-42.3352	2.8638	6.9124	-2.6229	-1.3846	-2.0147	8.5089	-1.0997	0.9582
HG01077	AMR	AMR	0.0016	0.001	0.9953	8e-4	0.0013	9.975	-0.5785	6.6172	-0.9582	3.0927	-4.061	-3.773	6.3298	-0.7992	-1.8315
HG02345	AMR	AMR	0	1e-4	0.9999	0	0	0.0313	-11.3717	11.485900000000001	-14.4735	2.7521	-3.1691	-3.1616	6.4273	0.265	0.0211
NA20804	EUR	EUR	0	0	0.002	0	0.998	1.7601	10.8481	5.0106	10.1699	3.8747	-6.8313	-6.2667	2.1676	5.2737	-3.6242
HG01867	EAS	EAS	1	0	0	0	0	-7.8277	-43.5538	-0.1129	7.5067	7.5892	-4.2456	-3.4431	5.1657	-2.3947	0.4223
HG00344	EUR	EUR	0	0	1e-4	0	0.9999	-1.2141	9.4725	5.9886	9.9915	3.5918	4.0824	-2.8568	6.0977	2.1924	0.5513
HG00704	EAS	EAS	1	0	0	0	0	-8.5293	-45.1206	2.7271	6.8048	0.3428	-1.3078	-4.2236	3.5313	2.687	-0.3067
HG01597	EAS	EAS	1	0	0	0	0	-6.3185	-43.8534	0.1759	8.643	9.2798	-4.619	-2.7265	1.4117	-2.1651	-1.334
NA20587	EUR	EUR	0	0	0.1112	0	0.8887	1.6231	12.8849	2.8485	9.1873	1.5289	-5.1435	-5.5977	3.1008	-0.0817	-0.2308
NA20278	AFR	AFR	0	0.9973	0.0027	0	0	31.0279	-1.1305	2.212	6.4858	3.1849	-5.6044	-5.1413	1.4453	0.6617	-1.8563
NA18489	AFR	AFR	0	0.9997	3e-4	0	0	63.5287	-16.35	0.6157	1.5536	-0.5162	-1.5662	-5.0068	5.9129	-2.3183	-1.031
NA18544	EAS	EAS	1	0	0	0	0	-7.8921	-42.1109	3.381	4.6595	-4.596	0.217	-2.7608	8.0092	-0.4435	1.5462
HG00705	EAS	EAS	1	0	0	0	0	-6.352	-44.8317	2.9495	7.4045	1.8799	-2.0031	-2.286	5.9116	-1.3855	-1.3452
HG01882	AFR	AFR	0	0.9996	4e-4	0	0	60.1636	-16.8117	1.9063	0.6333	1.0298	0.2549	-3.3328	3.9603	-0.7816	-0.5234
HG01630	EUR	EUR	0	0	0.0565	0	0.9435	2.3253	11.0362	5.331	9.1665	0.0352	-9.3599	-4.8556	-0.1959	-1.3962	-1.2655
HG03729	SAS	SAS	0	0	0	1	0	1.2835	-8.018	-20.6203	-5.5448	2.8173	-2.186	-1.1739	6.6449	-2.0003	0.9541
NA18961	EAS	EAS	1	0	0	0	0	-7.5519	-44.3532	1.7171	4.204	-7.0033	-1.8111	-2.9639	7.7073	-0.2487	-0.6046
HG03311	AFR	AFR	0	1	0	0	0	64.5712	-18.2701	-0.9085	-0.2453	1.418	-1.0016	-6.2907	5.1711	-2.919	-5.1416
HG01694	EUR	EUR	0	0	0.0636	0	0.9364	5.181	12.6068	3.5844	8.4528	1.4286	-7.1043	0.1269	2.041	-2.4148	-5.3921
NA20864	SAS	SAS	0	0	0	1	0	1.5937	-3.3665	-15.3599	-1.327	2.5534	-2.5973	0.2477	4.3362	-0.4201	-2.2638
HG01461	AMR	AMR	0	0.0084	0.9916	0	0	9.5794	-6.8358	11.4827	-10.8203	1.5033	-6.0347	-4.0094	0.3141	-6.791	-2.1049
NA21104	SAS	SAS	0	0	0	1	0	1.2199	-7.4934	-19.4304	-5.6962	4.2704	-1.6462	-5.9023	3.0635	-0.4935	-4.6773
HG02603	SAS	SAS	0	0	0	1	0	1.2972	-1.0762	-15.6237	-3.1157	0.6761	-7.1344	-0.9894	7.4575	-4.0961	1.364
HG01846	EAS	EAS	1	0	0	0	0	-6.3624	-42.8685	0.1929	7.3752	6.9695	-2.2212	1.347	3.9231	-3.2243	-1.2918
HG02489	AFR	AFR	0	0.9998	2e-4	0	0	55.201	-14.9126	0.3351	1.7763	4.0956	-0.9001	-1.8247	3.8357	-0.4787	-2.6058
HG00123	EUR	EUR	0	0	0.0223	0	0.9777	0.3072	12.7158	5.8112	8.2123	3.5012	-4.6464	-3.9723	1.0015	1.4177	1.809
NA21107	SAS	SAS	0	0	0	1	0	1.0517	-4.2318	-18.6733	-4.2674	3.8314	-2.0664	-7.8858	9.0768	0.0859	-2.9113
NA20332	AFR	AFR	0	0.999	0.001	0	0	49.1087	-12.1241	1.3557	1.5929	1.7685	-4.475	-5.9113	5.7781	-0.0312	-2.6728
NA19035	AFR	AFR	0	0.9999	1e-4	0	0	58.9805	-16.7729	-0.4014	1.2476	2.733	-2.8278	-6.5264	-1.2962	-0.2001	1.2218
NA18957	EAS	EAS	1	0	0	0	0	-7.2554	-43.1725	2.5918	6.6391	-5.3631	-1.4296	-3.0002	4.4208	1.8487	-0.1368
HG00708	EAS	EAS	1	0	0	0	0	-8.7301	-45.2376	1.0475	7.3867	2.8169	0.8425	-1.8219	4.3458	0.9636	-2.8815
NA11840	EUR	EUR	0	0	0.0071	2e-4	0.9927	-0.5994	11.8225	3.7945	8.4998	2.9539	3.4339	-8.0567	8.3623	3.5474	-1.9914
HG03991	SAS	SAS	0	0	0	1	0	0.5146	-7.4308	-22.4059	-5.4138	4.9791	-2.6411	-0.779	4.8255	0.5978	-1.0264
HG02016	EAS	EAS	1	0	0	0	0	-6.8351	-39.2278	-1.2113	6.1191	4.2207	-3.814	-3.8149	4.5484	-0.9689	0.1225
HG01435	AMR	AMR	0	8e-4	0.9992	0	0	-0.3848	-7.2867	13.5699	-14.9449	3.4092	1.5575	-5.2794	5.1469	-0.293	-0.495
HG04235	SAS	SAS	0	0	0	1	0	1.4996	-8.1354	-19.933	-4.9336	-0.8373	-2.9091	-2.3777	7.268	-2.5895	-1.5968
HG00127	EUR	EUR	2e-4	4e-4	0.1492	1e-4	0.8502	-0.0198	13.567	3.7147	9.3969	2.7435	0.7313	-8.8506	2.4391	-0.1861	-5.4565
HG00593	EAS	EAS	1	0	0	0	0	-8.0837	-45.6297	2.702	8.3667	-0.7237	-1.6002	-5.1395	4.6113	-2.1536	-2.566
NA21137	SAS	SAS	0	0	0	1	0	0.6728	-6.0477	-17.2671	-5.1134	1.2123	-4.5385	-6.3252	7.4544	-2.1227	2.9226
HG01620	EUR	EUR	0	0	0.2187	0	0.7813	0.5511	11.8191	5.9308	9.8827	1.7363	-8.1025	-3.9762	1.503	-2.9251	-5.1883
HG02181	EAS	EAS	1	0	0	0	0	-5.2534	-43.0473	-0.6925	8.3205	7.5641	-2.8133	-4.3412	2.5278	-2.5427	-1.5439
HG02185	EAS	EAS	1	0	0	0	0	-6.417	-43.9397	1.6803	8.1644	7.4101	-5.1246	-3.7926	5.1928	-1.6666	-1.547
NA19347	AFR	AFR	0	1	0	0	0	58.8651	-17.4068	0.3916	0.6645	3.9957	-2.1288	-6.7085	0.5281	-0.3294	0.5101
HG00116	EUR	EUR	0	0	0.0032	0	0.9968	0.1671	12.6485	5.3118	9.4569	1.3099	-2.522	-1.6042	2.011	-1.9413	-3.679
HG03097	AFR	AFR	0	0.9999	1e-4	0	0	64.2379	-18.4431	-0.6027	2.3915	0.7658	-0.8065	-0.7551	4.8162	-1.1442	-1.3985
NA18757	EAS	EAS	1	0	0	0	0	-6.7454	-45.0714	3.5774	8.2629	-2.134	-2.5004	-0.4552	4.996	-2.4533	-3.2596
HG01431	AMR	AMR	0	0.0011	0.9989	0	0	5.8842	-0.2782	7.9859	-4.3347	-0.5533	-6.2241	-3.3735	4.5878	-4.2082	0.3644
HG01556	AMR	AMR	0	0.0032	0.9968	0	0	12.5773	-5.9041	9.7942	-6.4711	0.7593	-3.9858	-3.196	3.6714	0.761	-0.1805
NA19054	EAS	EAS	1	0	0	0	0	-7.8884	-42.1297	3.3447	5.361	-4.5808	-3.6262	-4.7212	6.1773	-3.3916	1.453
HG02051	AFR	AFR	0	0.9999	1e-4	0	0	60.203	-17.6486	1.1253	0.9474	1.5351	-2.7313	-1.2921	6.324	-1.0542	0.6614
HG00589	EAS	EAS	1	0	0	0	0	-7.7452	-43.9823	2.6046	6.9725	1.4776	-3.502	-2.6009	5.2489	1.2423	-0.2318
HG02610	AFR	AFR	0	1	0	0	0	61.5378	-16.8764	-0.001	1.0585	1.0417	-2.4265	-2.0516	5.7837	-4.2789	-1.046
HG01271	AMR	AMR	1e-4	5e-4	0.9992	1e-4	1e-4	3.4908	-0.7095	10.5587	-3.1955	3.0244	-4.0206	-5.5547	4.8753	-0.1653	-0.3891
HG00464	EAS	EAS	1	0	0	0	0	-9.1189	-44.7317	3.6299	7.4365	-0.8265	-2.2452	-4.7578	8.1624	-1.2796	-1.4142
HG03774	SAS	SAS	0	0	0	1	0	2.4109	-7.7718	-20.248	-4.7314	3.2573	-3.8336	-5.4521	-1.2357	0.9241	-0.5068
HG02649	SAS	SAS	0	0	0	1	0	0.9214	-0.6864	-10.1344	-2.3734	1.0868	-3.0785	-5.822	4.6979	3.2303	1.3958
NA12044	EUR	EUR	0	0	0.002	0	0.998	1.0773	13.3239	6.2397	10.4347	2.1018	0.9954	-4.6514	6.2572	0.8746	-4.6781
HG03108	AFR	AFR	0	0.9998	2e-4	0	0	62.9121	-17.6494	0.4042	1.5296	2.4694	-2.9762	-6.8891	8.4227	-1.4334	-4.3088
HG02156	EAS	EAS	1	0	0	0	0	-6.667	-44.632	0.6056	7.0367	8.3198	-4.0529	-3.3197	6.3041	-0.7338	-1.4717
HG03123	AFR	AFR	0	1	0	0	0	63.0548	-18.5616	-0.4561	1.4713	-0.5277	-2.9155	-5.1687	4.8162	1.8427	-3.2392
NA18998	EAS	EAS	1	0	0	0	0	-6.1977	-42.2137	2.8824	4.6714	-5.9456	-3.4659	-3.2707	3.5875	2.9596	-3.623
HG01806	EAS	EAS	1	0	0	0	0	-7.4236	-44.6409	-0.2839	8.105	7.4052	-1.8332	-4.4797	0.7146	-1.7055	-0.5391
NA19663	AMR	AMR	0	0.0276	0.9724	0	0	1.9446	-12.87	15.3691	-20.3514	1.724	-0.11	-2.4316	4.6951	-6.6656	-2.9218
HG01879	AFR	AFR	0	0.9988	0.0012	0	0	50.3585	-13.7701	1.7881	2.9483	3.3184	-2.8936	-4.6848	3.6775	-3.3264	-2.7869
NA18621	EAS	EAS	1	0	0	0	0	-8.8242	-44.3874	4.6936	5.0022	-3.5487	-5.4941	-6.3382	6.3537	-1.8953	-2.2453
HG02142	EAS	EAS	1	0	0	0	0	-8.0687	-38.6513	0.8913	6.8568	4.7814	-3.3275	-2.6509	3.0448	2.2821	2.9198
HG01462	AMR	AMR	0	0.0353	0.9647	0	0	14.1393	-8.7857	8.9862	-9.278	2.4328	-4.5098	-6.025	5.6225	-5.6427	0.1681
HG03556	AFR	AFR	0	1	0	0	0	62.4585	-16.3697	0.9137	2.5433	3.7683	-2.8151	-4.5134	5.793	-1.3133	-3.808
NA18618	EAS	EAS	1	0	0	0	0	-8.5458	-42.3265	3.0176	5.2909	-2.4868	-4.0621	-0.1395	5.0809	0.0415	-2.6805
NA20906	SAS	SAS	0	0	0	1	0	1.3645	-7.754	-18.1657	-6.1868	1.0754	-0.0766	-6.306	3.0509	0.9294	-0.2578
HG00304	EUR	EUR	0	0	0.0239	0	0.9761	-1.2553	9.0084	4.9992	6.4834	6.4942	4.8096	-4.1872	5.7087	-7.0914	-2.6518
HG02702	AFR	AFR	0	0.9998	2e-4	0	0	60.0933	-16.402	0.5048	2.9776	-1.558	-3.5567	-0.5339	7.6066	-3.3398	-2.4102
HG02221	EUR	EUR	0	0	0.0033	0	0.9967	1.7534	12.0054	4.7088	8.5998	-1.4853	-5.4687	-8.1528	11.0165	-3.935	-2.462
HG02757	AFR	AFR	0	0.9999	1e-4	0	0	60.744	-17.0394	-0.1324	1.8494	0.6437	-1.7624	-1.5253	3.8643	-3.7933	-0.6626
NA18508	AFR	AFR	0	1	0	0	0	63.8518	-18.1295	0.0112	-0.4337	-0.1679	-4.5629	-5.6212	4.79	-1.5607	-3.2197
HG02819	AFR	AFR	0	1	0	0	0	61.1129	-16.2099	-0.7422	1.4421	0.8808	0.4658	-0.7732	3.2533	0.0583	-1.1785
HG03419	AFR	AFR	0	0.9994	6e-4	0	0	63.2044	-16.7867	0.9875	1.1035	0.815	-1.0914	-1.1158	5.7841	-1.1753	-4.833
HG01843	EAS	EAS	1	0	0	0	0	-7.7271	-43.3919	-0.5074	7.1184	6.9393	-3.9621	-4.4585	0.2726	-0.0665	-3.6224
HG03366	AFR	AFR	0	0.9999	1e-4	0	0	63.2376	-18.0824	0.1644	1.5147	2.7077	-1.8743	-4.7814	6.3121	-2.1606	-3.626
HG02382	EAS	EAS	1	0	0	0	0	-6.7844	-44.7413	0.3559	8.1665	8.5321	-1.8641	-2.1809	5.2108	-4.6539	0.9515
HG02090	AMR	AMR	0	0.0015	0.9985	0	0	2.992	-14.2077	16.158	-18.8595	0.4573	-2.5238	-2.8167	4.5765	-6.5589	-2.9705
NA19200	AFR	AFR	0	0.9995	5e-4	0	0	61.955	-17.6266	-0.30620000000000003	1.5173	-1.2845	-0.4524	-5.501	5.1575	1.4239	-2.3206
HG02088	EAS	EAS	1	0	0	0	0	-5.6651	-44.8426	0.5804	8.232	7.3453	-2.4275	-6.3971	4.3583	-2.5055	-2.9243
HG01679	EUR	EUR	0	0	0.0256	0	0.9744	1.4017	12.2572	5.4729	8.0323	5.0649	-5.1114	-5.0738	6.8161	-2.9562	-3.2454
NA19066	EAS	EAS	1	0	0	0	0	-6.8875	-42.4805	2.2125	6.0741	-4.6846	-2.0507	-4.9189	6.2068	0.4242	-0.4359
HG01956	AFR	AFR	0	0.999	0.001	0	0	59.6098	-13.0211	1.8278	1.9352	2.9027	-3.4471	-4.6765	5.0371	1.1156	-0.596
HG03458	AFR	AFR	0	0.9999	1e-4	0	0	63.0382	-17.2724	0.0885	0.8837	1.1299	-2.7461	-3.0527	4.1702	0.6667	-3.8465
NA19747	AMR	AMR	0	0.002	0.998	0	0	-2.7565	-8.2256	14.2082	-15.498	1.4193	-2.7678	-2.3821	3.4038	0.8282	-0.9156
HG03039	AFR	AFR	0	1	0	0	0	62.3975	-17.1634	-0.5447	2.5702	1.2383	-2.4261	-3.5237	4.9364	-3.2558	-0.1084
HG03967	SAS	SAS	0	0	0	1	0	0.3523	-5.4126	-18.718	-3.2052	3.8409	-1.7206	-6.1273	4.3143	-1.1084	-0.9543
HG04155	SAS	SAS	0	0	0	1	0	-1.2152	-9.728	-17.0213	-4.7475	2.7528	0.0462	-3.295	1.7621	-4.4296	1.9607
NA20759	EUR	EUR	0	0	0.2813	0	0.7187	1.2849	10.9712	3.3303	7.3095	-0.0894	-7.8089	-6.4278	5.5248	0.6769	-2.0901
HG02775	SAS	SAS	0	0	0	1	0	1.354	-7.0511	-20.0201	-3.9924	3.0231	-1.8835	-0.1864	5.6952	-0.0789	-1.8798
NA20821	EUR	EUR	0	0	0.0025	0	0.9975	2.0422	11.9067	4.1629	8.6593	2.0937	-3.9163	-3.3408	4.5401	0.1423	0.8287
HG01241	AFR	AMR	0	0.86	0.14	0	0	41.2298	-9.3978	4.6282	0.0478	0.5048	-2.6538	-6.6849	2.1038	1.8539	-3.9192
HG03611	SAS	SAS	0	0	0	1	0	-0.053900000000000003	-11.9302	-16.5205	-5.0987	2.1575	-1.848	-2.571	3.5593	0.8937	1.9057
HG02299	AMR	AMR	0	1e-4	0.9999	0	0	-6.4651	-20.2507	20.7498	-33.8383	3.3871000000000002	-1.9437	-4.6215	4.9144	1.9327	-2.6374
HG02374	EAS	EAS	1	0	0	0	0	-8.0807	-44.0409	-0.0385	10.3789	7.6433	-4.8032	-6.9549	3.1887	0.3104	-3.9059
HG01302	AMR	AMR	0	0.0011	0.9989	0	0	6.6938	1.9501	6.9463	-1.8208	4.1943	-5.1668	-5.856	8.9427	-4.767	1.377
HG00110	EUR	EUR	0	0	3e-4	0	0.9997	-0.1943	12.243	5.123	9.8317	0.695	-1.4657	-2.147	2.3422	-0.6643	-5.199
NA20339	AFR	AFR	0	0.9864	0.0136	0	0	53.302	-15.1516	1.1458	-0.0774	2.6789	-2.4501	-2.1071	2.7347	-1.8362	0.8074
HG03303	AFR	AFR	0	1	0	0	0	63.9358	-19.3728	-0.5933	0.5476	2.1088	-1.6747	-4.555	4.3108	1.2472	-0.1553
HG04222	SAS	SAS	0	0	0	1	0	2.4679	-8.1197	-20.0605	-4.8207	1.2448	-6.8504	-3.8214	3.877	-0.98740000000000006	-2.0072
NA20811	EUR	EUR	0	5e-4	0.0619	0.1165	0.8211	2.0186	14.0427	3.2349	6.7662	2.0988	-5.1027	0.0945	5.8981	0.8603	1.1731
HG01862	EAS	EAS	1	0	0	0	0	-7.1799	-44.1028	0.4294	5.9683	7.6868	-2.9236	-2.7119	1.9906	0.4953	-2.3898
NA18610	EAS	EAS	1	0	0	0	0	-8.8053	-41.5696	2.4205	6.9584	-1.2744	-1.8509	-2.2486	1.9904	-0.4292	-1.5186
HG02763	AFR	AFR	0	0.9998	2e-4	0	0	61.3943	-17.8615	0.2727	2.4514	0.962	-4.657	-1.4772	2.9326	-4.7492	-0.8036
HG03064	AFR	AFR	0	1	0	0	0	64.8864	-18.2367	-0.3688	1.8941	2.6239	-2.3527	-0.859	3.7896	-4.1231	-3.2339
NA19028	AFR	AFR	0	0.9999	1e-4	0	0	58.298	-16.7131	0.2053	0.8068	4.1841	-4.2903	-4.3936	1.6987	-2.7679	-0.0632
HG00334	EUR	EUR	0	0	0.0107	0	0.9893	-1.417	10.5542	7.38	9.2385	0.6934	4.0655	-4.6186	5.7497	-1.3453	3.8577
HG03439	AFR	AFR	0	1	0	0	0	62.3855	-17.8688	-0.491	0.5921	-0.567	-1.7184	-2.8861	6.8651	-4.2144	0.76
HG01810	EAS	EAS	1	0	0	0	0	-7.0947	-43.3438	0.7653	6.8667	7.4202	0.0357	-2.901	6.7697	-2.1412	-1.5663
HG03578	AFR	AFR	0	1	0	0	0	64.0324	-16.3395	0.0732	1.7844	3.2098	-2.2967	-5.3037	6.0113	-0.9379	-0.3418
NA19030	AFR	AFR	0	1	0	0	0	58.3738	-16.5282	-0.1813	2.2918	5.0542	-3.8699	-7.5193	2.668	0.7593	-2.0014
NA20768	EUR	EUR	0	0	0.093	0	0.907	0.5901	11.6516	4.8081	10.4295	0.9801	-6.1906	-0.0309	5.85	-3.9983	-4.9594
NA20773	EUR	EUR	0	0	4e-4	3e-4	0.9994	1.2042	12.1574	2.6893	9.1652	1.9952	-7.0666	-4.7997	3.7261	-3.1016	3.9097
HG01495	AMR	AMR	0	6e-4	0.9994	0	0	6.2057	-4.0092	13.1118	-9.1978	0.0256	-3.8649	-4.4824	3.6559	1.8181	-0.1005
HG01198	AMR	AMR	0	0.0011	0.9989	0	0	10.8726	1.1976	8.1651	2.2248	1.4446	-7.0246	-1.1604	5.8062	-0.7471	0.9654
NA18981	EAS	EAS	1	0	0	0	0	-7.046	-43.0842	2.5867	5.3175	-5.3981	-2.4725	-4.6797	4.6813	2.2138	-1.5193
HG02394	EAS	EAS	1	0	0	0	0	-7.8924	-43.5037	2.4361	8.1516	9.4971	-2.3352	-4.4433	3.108	-5.9172	-2.3335
HG03850	SAS	SAS	0	0	0	1	0	0.583	-5.7516	-19.1741	-4.5373	0.8346	-3.6261	-2.3152	0.2844	-2.6391	0.8442
HG01917	AMR	AMR	0	0.0011	0.9989	0	0	-5.8652	-19.4186	22.3956	-32.4406	1.6279	-2.4076	-2.2534	3.7559	3.621	-0.9915
NA21135	SAS	SAS	0	0	0	1	0	2.6482	-6.6172	-18.5286	-1.8554	6.2341	-2.4576	-5.7373	11.554	-2.5932	0.4447
NA18631	EAS	EAS	1	0	0	0	0	-7.7766	-45.189	2.3723	6.3458	0.0971	-3.5061	-0.5858	4.6511	2.3889	-3.4555
HG03800	SAS	SAS	0	0	0	1	0	-0.5339	-14.7581	-17.5663	-4.3769	2.0134	-1.997	-1.6131	4.1719	-0.3986	3.7644
HG02130	EAS	EAS	1	0	0	0	0	-8.4453	-42.6182	-0.8134	6.7808	7.9846	-0.8263	-1.4844	2.1167	-3.8425	1.7661
HG01303	AMR	AMR	0	2e-4	0.9984	3e-4	0.0011	5.8111	1.4293	8.1741	-0.795	2.5099	-5.439	-5.1288	3.3925	-1.3281	-3.0355
HG01308	AMR	AMR	0	0.0034	0.9966	0	0	13.8598	-0.8691	7.697	0.1398	2.0915	-6.4782	-2.5601	5.2402	-1.0678	-2.0657
HG03100	AFR	AFR	0	0.9999	1e-4	0	0	64.243	-16.9386	-0.4826	1.0841	1.2778	-3.3685	-3.4996	5.2493	-0.7363	-3.0941
NA12043	EUR	EUR	0	0	0.046	0	0.954	-1.6566	14.4537	3.7059	8.755	5.5732	-0.9327	-10.0341	2.9498	-1.6423	-2.4836
HG01161	AMR	AMR	0	0.0116	0.9884	0	0	10.2671	1.3784	9.2895	0.1205	0.4303	-4.4819	-3.4973	5.1812	0.9067	-3.0129
HG02600	SAS	SAS	0	0	0	1	0	1.5317	-5.1672	-16.9689	-1.3918	3.5667	-1.3902	-3.4645	4.3208	-3.3875	-5.1161
HG03907	SAS	SAS	0	0	0	1	0	0.4957	-11.6529	-16.1717	-5.1948	2.8209	-2.1069	-2.9471	1.7758	4.4454	-3.9076
NA20762	EUR	EUR	0	0	0.2438	0	0.7562	2.6852	13.1174	4.2257	9.3996	1.816	-3.3219	-0.5375	4.2974	-0.2631	-4.6916
HG02322	AFR	AFR	0	0.9973	0.0027	0	0	53.6118	-13.5455	-0.0798	2.7732	3.8003	-1.6121	-2.9619	4.2821	0.7077	-7.082
HG03388	AFR	AFR	0	1	0	0	0	63.8819	-17.7964	0.423	2.4788	2.0946	-3.1774	-2.3632	3.9002	-1.3413	-1.9327
HG02783	SAS	SAS	0	0	0	1	0	2.2167	-8.1579	-19.9589	-4.4564	1.5001	-3.5617	-3.4102	4.6535	-2.9805	-4.8942
HG01200	EUR	AMR	0	0	0.4583	0	0.5416	2.5643	8.747	6.3384	4.4944	0.8267	-5.6538	-6.2704	4.892	-1.2699	0.6962
NA19375	AFR	AFR	0	0.9995	5e-4	0	0	58.1357	-16.2319	-1.5153	1.7171	3.7345	-4.1803	-7.5777	-2.966	1.5509	-1.957
HG02490	SAS	SAS	0	0	0	1	0	0.2641	-1.5764	-13.2082	-0.1111	3.234	-4.0068	-6.2259	6.3105	0.5817	-1.3078
NA18976	EAS	EAS	1	0	0	0	0	-7.8852	-43.9923	2.7384	4.4277	-3.2385	-2.0068	-4.3722	2.1237	-2.0428	-0.5568
NA19083	EAS	EAS	1	0	0	0	0	-7.3906	-43.4434	3.3579	5.6374	-4.599	-2.1481	-1.0602	3.8468	2.6406	-3.4488
NA18541	EAS	EAS	1	0	0	0	0	-7.4685	-42.3995	2.9204	7.3014	2.1592	-0.2129	-4.7157	3.7925	-3.6569	3.6495
NA19214	AFR	AFR	0	0.9999	1e-4	0	0	63.0148	-19.0166	0.4484	-0.3325	3.1205	-3.4829	-3.4546	5.1533	0.9516	-2.9838
HG00684	EAS	EAS	1	0	0	0	0	-6.6836	-45.2474	3.285	7.3313	1.9584	-5.3104	-2.6222	4.0672	-1.7039	-4.0222
HG01676	EUR	EUR	0	0	0.2002	0	0.7998	0.9143	13.3387	5.7873	10.0003	1.1828	-4.6071	-5.3738	5.6931	-1.5111	-3.6362
NA12058	EUR	EUR	0	0	0.0058	0	0.9942	-1.2933	13.5455	5.7698	7.6031	2.2041	3.2385	-10.8175	5.6584	-0.73740000000000006	2.3532
HG01413	AMR	AMR	1e-4	0.0098	0.9863	7e-4	0.0032	8.1042	0.3168	8.2898	-3.4986	5.9951	-7.3821	-1.6167	9.5175	-0.6053	-0.991
NA20828	EUR	EUR	0	0	8e-4	0	0.9992	2.3576	13.8266	3.3304	8.6578	0.8477	-7.3838	-6.8471	0.1211	-5.3827	-1.7148
HG03870	SAS	SAS	0	0	0	1	0	0.6084	-8.6668	-19.1746	-6.1001	3.8388	-3.5714	-1.2248000000000001	4.6349	1.549	2.7173
NA21109	SAS	SAS	0	0	0	1	0	1.1095	-6.2542	-17.3984	-3.5806	0.9211	-4.1435	-5.64	9.6939	-0.8786	-3.5312
HG00142	EUR	EUR	0	0	0.0133	0	0.9867	0.1843	12.8822	5.2513	9.8683	-0.0315	-3.0979	-3.6848	5.5478	-1.0515	0.2198
HG01405	AMR	AMR	0	0	0.9601	0	0.0398	4.9334	6.2408	6.6481	2.348	5.8452	-3.0663	-5.0422	3.562	0.7906	-1.9634
NA18602	EAS	EAS	1	0	0	0	0	-7.5851	-43.5688	2.9879	5.8118	2.2159	-0.5322	-5.6393	1.2715	-1.5207	-2.0425
HG01933	AMR	AMR	0	0.0058	0.9942	0	0	2.0613	-16.658	17.0875	-24.4614	2.9225	-3.4785	-5.96	5.7567	0.108	-2.5252
HG01447	AMR	AMR	0	0.0013	0.9986	1e-4	0	3.4328	1.6694	8.2646	-2.5944	6.2071	-1.9853	2.1918	7.5206	3.2757	0.0337
NA18959	EAS	EAS	1	0	0	0	0	-6.0522	-43.2571	1.9117	6.101	-4.4179	-2.8553	-5.1509	7.4265	-4.2722	1.2091
HG01516	EUR	EUR	0	0	3e-4	0	0.9997	0.9118	13.124	5.668	11.5036	0.9186	-3.1671	-0.7028	4.9154	1.3537	-3.4661
NA20827	EUR	EUR	0	0	0.0059	0	0.9941	2.0936	12.7244	3.981	9.8609000000000009	2.3781	-6.5096	-5.1876	5.9225	-2.397	-0.2147
NA19312	AFR	AFR	0	0.9999	1e-4	0	0	59.6398	-16.5499	-0.1991	1.8877	3.6499	-3.6699	-6.7263	3.0757	-1.5397	-0.3913
NA19360	AFR	AFR	0	0.9999	1e-4	0	0	58.7219	-18.2013	-1.0017	1.8929	2.7931	-2.5586	-4.9448	0.5188	2.9358	0.3652
HG01783	EUR	EUR	0	0	0.0116	0	0.9884	2.447	11.6648	4.0494	10.7919	0.5047	-7.5552	-3.796	1.1509	-4.2431	-2.2721
HG00235	EUR	EUR	0	0	0.0023	0	0.9977	-0.3359	13.8357	6.1425	8.2764	4.0611	-1.3843	-3.4885	3.5209	0.7721	-2.1124
HG02703	AFR	AFR	0	1	0	0	0	60.4509	-16.8248	-1.1723	1.6752	1.9457	-5.6169	0.3353	6.8471	-5.4308	-1.1516
HG03837	SAS	SAS	0	0	0	1	0	0.6608	-7.5894	-18.0751	-3.1754	4.3827	-1.2463	-1.4822	2.9138	-2.4028	0.8124
HG00371	EUR	EUR	0	0	0.0052	0	0.9948	0.0353	7.1968	3.8936	9.264	5.9443	5.844	-1.919	4.2953	-4.8582	-2.014
NA19076	EAS	EAS	1	0	0	0	0	-9.9451	-42.7303	1.7601	5.2273	-6.0886	-1.852	-5.1663	1.1534	0.8301	-1.1697
HG01985	AFR	AFR	0	0.9998	2e-4	0	0	57.6131	-15.989	1.8229	2.0999	2.4655	-2.1678	-3.4217	3.8169	-2.65	0.1669
NA19019	AFR	AFR	0	1	0	0	0	60.7767	-17.7022	-0.1794	1.3496	4.1379	-1.5399	-8.1587	-8e-4	-0.8066	-1.4632
HG03926	SAS	SAS	0	0	0	1	0	-0.2776	-13.525	-16.6582	-2.3911	1.9098	-8.2961	-3.0026	7.9148	-1.7215	-0.7512
HG03451	AFR	AFR	0	0.9998	2e-4	0	0	62.5419	-18.8111	1.0916	2.792	4.3781	-3.0336	-1.9403	8.0978	-2.1029	-0.9172
HG02771	AFR	AFR	0	1	0	0	0	61.3923	-17.7983	-0.1849	1.4475	1.7805	-0.9765	0.0446	1.9588	0.6588	0.2676
HG01359	AMR	AMR	0	2e-4	0.9998	0	0	1.8853	-0.85	9.9242	-3.5243	0.394	-3.1091	0.0256	4.7901	1.541	0.3634
NA11933	EUR	EUR	0	0	0.0053	0	0.9947	0.7547	12.8733	4.3067	8.116	2.2505	-4.4484	-2.5932	4.3132	-1.5574	-1.4625
HG01991	AMR	AMR	0	6e-4	0.9994	0	0	-4.9928	-16.5466	19.021	-29.3361	4.0604	-1.8664	-1.7201	6.4564	3.6406	-4.2396
NA20889	SAS	SAS	0	0	0	1	0	0.2169	-4.0484	-20.5608	-5.5753	1.3339	-3.7932	-4.4119	6.6968	-3.0061	-3.9301
HG02277	AMR	AMR	0	0.001	0.999	0	0	-5.9293	-15.3671	18.361	-24.1742	2.0172	-3.699	-3.1971	8.5749	-3.302	-2.2458
HG03931	SAS	SAS	0	0	0	1	0	-0.1907	-12.0437	-16.5924	-3.8803	0.5673	-3.0706	-8.0648	4.9549	0.7205	-3.6476
HG03777	SAS	SAS	0	0	0	1	0	1.6374	-6.9405	-18.1184	-5.1372	4.6631	-5.3167	-4.4613	4.4282	-2.8874	-2.081
NA20867	SAS	SAS	0	0	0	1	0	2.2182	-4.7241	-17.5068	-5.0315	2.5111	-5.0331	-7.4144	4.2854	0.0732	2.5667
NA18603	EAS	EAS	1	0	0	0	0	-8.5708	-45.592	1.2928	7.1778	0.2879	-0.2658	-4.3395	6.8954	-2.2294	-1.513
NA12751	EUR	EUR	0	0	0.0033	0	0.9967	0.6812	13.7916	6.1114	8.6084	1.653	-1.4414	-0.8417	6.8684	-0.7842	0.0783
HG03118	AFR	AFR	0	1	0	0	0	63.8023	-18.1338	-1.2464	1.592	1.4018	-2.6906	-4.2528	4.8686	-0.0126	-0.1411
HG02970	AFR	AFR	0	0.9999	1e-4	0	0	63.9396	-18.7904	0.2248	1.9281	0.8496	-4.419	-3.0265	8.939	1.2289	-0.7872
HG01855	EAS	EAS	1	0	0	0	0	-7.7167	-43.1483	0.1812	8.665	8.464	-4.7529	-2.762	2.1474	-2.4337	0.0677
HG03237	SAS	SAS	0	0	0	1	0	2.3191	-2.0346	-12.9747	-2.7269	-2.5522	-0.1695	-5.3415	5.0153	1.9821	-5.1457
NA19430	AFR	AFR	0	0.9999	1e-4	0	0	59.6728	-16.0093	0.7933	1.146	4.7621	-3.1413	-4.681	1.2903	-2.5299	-1.0034
NA20852	SAS	SAS	0	0	0	1	0	1.6049	-4.6093	-16.9199	-5.8025	1.5205	-5.9394	-3.6809	3.6485	-4.5298	-2.1514
HG00565	EAS	EAS	1	0	0	0	0	-6.723	-45.4987	2.2179	8.0026	2.9754	-1.7847	-3.5267	0.5884	-2.2866	-1.8509
HG01707	EUR	EUR	1e-4	6e-4	0.2181	1e-4	0.7811	2.1013	11.6244	4.2874	9.3999	0.8752	-3.3286	-0.3035	4.3974	-4.515	-1.8487
HG02256	AFR	AFR	0	0.9675	0.0325	0	0	48.5561	-11.6324	1.8325	0.9843	0.7486	-3.4655	-4.6226	8.8748	-3.7441	-3.2458
NA18550	EAS	EAS	1	0	0	0	0	-9.3818	-43.0878	2.0487	7.057	7.5712	-0.7544	-5.1623	3.7861	-1.2265	-3.9791
HG03189	AFR	AFR	0	1	0	0	0	62.9156	-19.6103	0.2268	2.3634	1.1703	-1.6409	-7.6728	3.6651	1.6377	1.4908
HG02219	EUR	EUR	0	0	0.0521	0	0.9479	2.9211	13.3082	6.0663	8.3432	0.3589	-4.9929	-0.3562	2.529	-3.6636	0.9378
HG03559	AFR	AFR	0	0.9993	7e-4	0	0	63.2478	-16.9668	0.3744	1.4906	0.5275	-2.2757	0.1125	5.8746	1.8913	-2.74
HG01817	EAS	EAS	1	0	0	0	0	-6.1494	-45.1558	0.5389	8.5813	7.2155	-2.1057	-3.3478	5.4604	-1.2991	-0.0647
NA19732	AMR	AMR	0	7e-4	0.9993	0	0	-7.1597	-24.7781	21.0282	-36.058	0.7348	-1.2206	-3.1556	1.9562	-2.8333	0.1461
NA19210	AFR	AFR	0	0.9998	2e-4	0	0	63.5163	-17.6154	-0.6552	1.461	1.8335	-2.5586	-3.1405	9.0951	-0.6242	-1.6852
HG00329	EUR	EUR	0	0	0.0023	1e-4	0.9976	-1.2201	9.0139	5.2578	7.8006	2.4163	4.1948	-0.6065	1.6462	-4.1579	1.9306
NA19472	AFR	AFR	0	0.9999	1e-4	0	0	58.4955	-16.1285	-1.7407	1.81	2.6169	-3.0031	-5.6194	4.0907	0.517	-2.2935
HG02697	SAS	SAS	0	0	0	1	0	2.1045	-0.9608	-13.8435	-2.9511	-1.1206	-6.5216	-6.2939	3.5562	-2.1928	-1.429
NA12383	EUR	EUR	0	0	0.0082	0	0.9918	0.8205	12.9821	3.1521	9.6035	-0.6249	-3.0652	-2.7821	-0.3218	-3.7064	-7.9002
NA20294	AFR	AFR	0	0.9961	0.0039	0	0	51.3409	-13.9904	0.0864	1.4031	0.8391	-3.5565	-3.3847	2.7081	-1.8327	-2.699
HG01524	EUR	EUR	0	0	0.0107	0	0.9893	0.3542	12.687	5.5746	10.4642	-1.7809	-5.0353	-0.7642	3.6604	-0.1944	-5.0765
HG01488	AMR	AMR	0	0.0045	0.9955	0	0	9.3082	2.8427	6.2732	1.5012	-0.1481	-3.6097	-0.3682	6.8255	0.2844	-3.8916
NA18507	AFR	AFR	0	0.9998	2e-4	0	0	62.8597	-17.962	0.094	0.9597	-0.7018	-2.5188	-3.4379	5.142	0.2681	-1.402
HG01914	AFR	AFR	0	0.9988	0.0012	0	0	53.8941	-12.8837	0.1147	0.9796	2.8566	-5.2743	-7.4618	5.2607	-0.5513	-0.1125
HG00321	EUR	EUR	0	0	6e-4	0	0.9994	-2.2985	8.7609	4.1227	8.256	3.5319	6.7889	-3.0275	8.0947	-2.2251	-2.418
NA19920	AFR	AFR	0	1	0	0	0	56.8924	-14.3869	-1.131	1.8636	1.2846	-3.0649	-3.0998	4.3046	3.2201	-1.1903
NA20774	EUR	EUR	0	0	0.0172	0	0.9827	1.8807	12.9495	4.1282	7.6283	-3.2864	-8.4873	-3.3387	4.1575	-5.2966	-2.163
HG01066	EUR	AMR	0	0	0.2894	0	0.7106	3.8045	5.4695	8.9543	0.9973	1.1277	-7.1255	-4.1017	2.7486	-1.3563	0.6023
HG00234	EUR	EUR	0	0	0.0653	0	0.9347	-0.1328	13.1286	6.8809	8.0318	1.0562	-4.6978	-4.437	6.8513	0.0769	-2.8696
HG01944	AMR	AMR	0	0.205	0.795	0	0	-5.4215	-29.1183	11.7118	-16.5387	3.3271	-2.6068	-7.2125	3.8997	-2.2849	-2.2636
HG03727	SAS	SAS	0	0	0	1	0	2.4576	-6.8644	-18.8926	-6.1647	1.4019	-0.0916	-2.3399	8.0593	-1.1891	0.6387
HG00238	EUR	EUR	0	0	0.1653	0	0.8346	-0.3665	12.422	3.6768	9.265	3.2089	0.2136	-9.6597	5.3753	-3.576	-0.0512
NA12144	EUR	EUR	0	0	0.0474	0	0.9526	-0.9569	13.5328	6.3657	7.5564	4.5672	-2.9247	-5.9483	5.6768	-1.216	-3.4496000000000002
NA18639	EAS	EAS	1	0	0	0	0	-7.2774	-46.2921	0.3656	8.424	0.6414	-1.7885	-3.1413	4.3111	-0.9031	-1.0042
HG00148	EUR	EUR	0	0	0.0544	0	0.9456	1.2603	12.6078	5.8083	8.1002	-0.4341	-2.4404	0.4195	1.0449	-4.84	-6.3853
HG01275	EUR	AMR	0	0	0.0109	0	0.9891	0.215	13.0006	7.2758	5.5948	3.3353	-3.0379	-6.4357	1.3334	-3.3473	-3.565
HG02589	AFR	AFR	0	0.9996	4e-4	0	0	60.997	-17.9243	-0.4419	2.8452	-0.1929	-2.2719	2.7115	5.7701	-2.2721	-0.7554
NA19786	AMR	AMR	0	0.0068	0.9932	0	0	-0.5972	-9.666	13.1453	-18.1698	-0.0751	-3.226	-5.9967	5.897	-3.0428	-1.4897
HG04014	SAS	SAS	0	0	0	1	0	1.4656	-9.9798	-17.8123	-5.9247	1.6205	-4.232	-3.1224	0.206	1.2597	-3.3398
HG03720	SAS	SAS	0	0	0	1	0	2.0183	-8.7612	-20.0839	-7.4865	0.846	-3.2856	-4.9708	3.211	-2.5042	-2.7087
HG00640	AMR	AMR	0	0	0.9976	0.0021	3e-4	4.0125	4.0645	5.949	2.2154	2.3734	-7.9858	-0.4764	0.0456	-0.6398	-4.9393
HG03518	AFR	AFR	0	1	0	0	0	61.1988	-17.7704	0.3672	0.7028	0.5717	-2.978	-3.707	6.0971	-0.6101	-2.35
HG01350	AMR	AMR	0	0.0019	0.9981	0	0	0.4869	-5.4341	11.5926	-11.3362	3.3752	-3.91	-0.466	3.8624	-4.1182	-3.4884
NA19658	AMR	AMR	0	2e-4	0.9901	2e-4	0.0095	-0.7973	1.5529	9.787	-4.8075	2.7851	-0.3847	-3.443	2.2551	-5.0471	-0.8262
HG01522	EUR	EUR	0	0	0.1094	0	0.8906	1.8714	12.0141	5.5691	9.9148	0.581	-5.488	-1.5216	7.8089	-0.9157	-2.4763
NA18605	EAS	EAS	1	0	0	0	0	-7.9538	-43.8027	2.2219	7.9591	0.6721	-2.784	-0.831	5.361	-2.7723	-3.275
HG03006	SAS	SAS	0	0	0	1	0	0.403	-10.0995	-15.4791	-3.8714	0.3494	-1.4999	-2.9372	2.9136	0.4941	-1.3551
HG00311	EUR	EUR	0	0	0	0	1	-2.5046	11.2699	7.134	8.2044	3.35	3.3855	-6.7761	6.3356	2.5119	-0.6139
HG01623	EUR	EUR	0	0	0.0249	0	0.9751	2.0409	12.463	5.8773	9.0225	3.8318	-7.8582	0.8804	2.7054	1.1066	-1.8598
NA20849	SAS	SAS	0	0	0	1	0	0.6161	-6.7931	-18.8194	-4.852	4.2145	0.1023	-8.5909	4.6742	-0.102	-3.4263
NA12287	EUR	EUR	0	0	0.1116	0	0.8884	1.4637	12.1033	4.4336	8.9017	-1.2457	1.9229	-4.3807	4.8306	-1.3913	-4.2715
NA19149	AFR	AFR	0	1	0	0	0	63.3107	-16.2974	0.1076	1.4802	1.6609	-1.7484	-7.1959	7.2586	2.2833	-1.6578
HG01858	EAS	EAS	1	0	0	0	0	-7.0025	-43.3002	1.3104	8.3028	6.7173	-0.9534	-4.1469	3.6444	-2.0835	-2.9017
NA19467	AFR	AFR	0	0.9952	0.0048	0	0	57.4471	-15.8932	-0.4215	1.3331	3.2964	-1.8875	-5.9188	1.6407	-2.4124	-1.9067
NA18517	AFR	AFR	0	1	0	0	0	61.9388	-16.6301	0.5379	0.819	2.2143	-1.1432	-3.5586	1.2633	3.1257	-4.5332
HG01444	AMR	AMR	0	0.0067	0.9933	0	0	5.9422	-2.6354	10.7608	-5.9134	4.9782	-3.191	-3.0567	-0.7612	-3.2306	1.3062
NA20797	EUR	EUR	0	0	8e-4	0	0.9992	1.9746	13.1224	3.9667	10.0965	3.0975	-8.6205	-3.0709	-0.3464	-3.5596	0.4849
HG03594	SAS	SAS	0	0	0	1	0	0.5382	-11.8027	-16.111	-2.3753	1.5437	-4.9782	-5.7364	-0.2794	-2.2753	-0.3773
HG02521	EAS	EAS	1	0	0	0	0	-7.2939	-44.1647	1.3699	7.3606	4.968	0.804	-2.1365	4.4434	-1.0629	0.6814
HG03817	SAS	SAS	0	0	0	1	0	0.4478	-9.1251	-14.8794	-2.5781	-0.2976	-2.2498	-2.7086	2.0188	-0.9551	0.5168
HG02309	AFR	AFR	0	1	0	0	0	56.6594	-14.1764	0.0916	0.5786	0.0969	-3.3533	1.1047	4.9191	0.9038	-2.3522
NA18628	EAS	EAS	1	0	0	0	0	-7.1958	-44.0023	1.332	7.93	4.4178	-1.061	-0.7029	4.4163	-3.1283	0.9047
HG03575	AFR	AFR	0	0.9998	2e-4	0	0	63.7497	-17.7424	-0.0291	2.4003	3.5885	-2.0416	-1.0886	5.5412	-2.6239	0.9991
NA20127	AFR	AFR	0	0.9908	0.0092	0	0	55.2677	-15.6565	1.8403	2.7057	1.0468	-3.3517	-5.5353	2.9711	-2.2695	-2.8223
HG02676	AFR	AFR	0	0.9998	2e-4	0	0	61.6471	-17.3481	0.0073	2.2388	-0.8231	-2.5547	-1.7922	4.0778	-1.9251	-1.8013
HG00479	EAS	EAS	1	0	0	0	0	-7.9608	-44.74	1.5642	6.5423	2.5996	-1.6048	-2.2723	2.8195	-0.7777	-2.821
HG03705	SAS	SAS	0	0	0	1	0	1.0006	-9.2934	-19.2088	-3.2186	3.596	-3.4772	-3.4801	4.7542	-4.9485	-3.2365
HG04099	SAS	SAS	0	0	0	1	0	3.2106	-6.039	-20.603	-7.387	5.9151	-2.5739	-1.9644	8.486	-0.8276	0.258
HG02012	AFR	AFR	0	0.9994	6e-4	0	0	58.7204	-14.9833	0.3076	2.4413	4.3792	-0.7056	0.7317	4.0254	1.2437	-4.3338
HG00766	EAS	EAS	1	0	0	0	0	-8.0625	-44.1816	1.3132	10.1935	8.2935	-6.2484	-8.1694	7.1624	0.1416	-2.8647
HG01251	AMR	AMR	0	3e-4	0.9995	1e-4	0	-1.5972	2.4517	10.6733	-5.1109	0.4544	-6.9686	-0.0799	4.6266	-2.5618	0.1821
NA21114	SAS	SAS	0	0	0	1	0	1.4937	-4.9238	-19.3915	-5.6943	6.287	-2.3406	-4.3801	7.7176	-5.6891	0.28
HG03515	AFR	AFR	0	0.9999	1e-4	0	0	63.1117	-18.1871	0.1108	0.4725	0.8089	-2.6662	-2.7349	5.3002	-2.7375	-1.1018
NA19756	AMR	AMR	0	0.0018	0.9982	0	0	0.4443	-8.1785	13.4908	-11.8732	-1.806	-0.2937	-3.4072	1.7014	-0.7294	-0.9821
HG03304	AFR	AFR	0	0.9998	2e-4	0	0	62.5117	-18.356	0.6093	1.4303	0.7033	0.2634	-5.3237	5.308	-0.341	-2.1421
NA18977	EAS	EAS	1	0	0	0	0	-7.5096	-40.7701	2.9734	6.4045	-5.0084	-0.8557	-4.6852	4.5173	1.6772	-5.3603
NA20861	SAS	SAS	0	0	0	1	0	1.8655	-7.1816	-20.8195	-5.2502	2.9976	-4.1504	-6.3573	5.4816	-1.0075	0.1215
NA19089	EAS	EAS	1	0	0	0	0	-6.909	-41.6732	1.6259	4.8417	-2.9235	-1.0113	-2.0186	1.1147	-1.0588	2.6451
HG01280	AMR	AMR	0	3e-4	0.9997	0	0	0.6297	0.2854	11.4721	-2.5618	2.1077	-4.1908	-5.5572	7.3104	-1.7264	-0.8446
NA21108	SAS	SAS	0	0	0	1	0	1.1519	-2.5468	-14.8188	-2.7288	3.5388	-2.4942	-7.7112	5.0661	-0.7634	-1.4407
HG01353	AMR	AMR	0	0.0011	0.9989	0	0	1.401	3.7392	7.7024	1.6037	4.1128	-7.0223	0.2122	2.6491	-3.602	-1.8044
HG01799	EAS	EAS	1	0	0	0	0	-8.1599	-46.691	0.8543	8.7813	8.0642	-2.8603	-3.9093	2.2671	-2.4492	-3.6372
HG03162	AFR	AFR	0	1	0	0	0	62.0136	-18.6893	-1.7235	0.855	1.3019	-2.6286	-5.724	4.8201	0.566	-2.524
HG01811	EAS	EAS	1	0	0	0	0	-6.9573	-44.2027	1.1134	8.0628	9.8219	-2.9674	-4.5187	5.6931	-1.4707	-2.5489
HG02759	AFR	AFR	0	0.9996	4e-4	0	0	61.3618	-16.4379	0.7451	-0.7752	1.3374	-2.647	-2.8579	5.2784	-2.219	-2.5245
HG03697	SAS	SAS	0	0	0	1	0	1.5775	-9.3626	-19.5029	-5.6649	-0.7351	-1.8279	-4.7014	4.91	0.724	-2.5204
NA21126	SAS	SAS	0	0	0	1	0	0.4522	-5.9665	-19.9282	-4.9291	7.4177	-4.1773	-7.0291	5.9771	-3.9318	-4.9107
HG01893	AMR	AMR	0	2e-4	0.9998	0	0	3.3422	-12.8026	16.938	-20.7289	0.9641	-1.9521	-2.7686	7.3367000000000004	-1.4822	-1.4702
NA20533	EUR	EUR	0	0	8e-4	0	0.9992	2.0518	12.91	1.8757	8.4322	0.1098	-8.0738	-4.0161	-1.9053	-3.9254	-3.7617
HG02076	EAS	EAS	1	0	0	0	0	-7.4342	-43.7322	1.1652	6.8858	7.0124	-4.1694	-3.9532	2.1145	-1.2946	0.4495
HG03096	AFR	AFR	0	1	0	0	0	63.1702	-16.6041	0.7972	0.32	0.8756	-2.8945	-2.3304	2.0891	-1.9362	-1.7275
NA19102	AFR	AFR	0	1	0	0	0	63.1577	-16.881	-0.4407	1.4046	1.0184	-2.9224	-4.5981	5.969	-1.9695	-1.3313
NA18974	EAS	EAS	1	0	0	0	0	-7.9923	-42.9135	1.285	6.5874	-5.419	-7.5565	0.5525	0.9552	-1.7912	-4.1252
HG02136	EAS	EAS	1	0	0	0	0	-7.4447	-42.6915	1.0452	8.948	4.2882	-1.8464	-4.1965	0.927	0.9238	1.4413
NA19319	AFR	AFR	0	1	0	0	0	58.3349	-15.4589	0.411	1.2483	2.4912	-2.2055	-5.8476	2.4468	-0.8304	-2.9254
HG02049	EAS	EAS	1	0	0	0	0	-7.4831	-44.9689	0.5666	7.6909	9.7869	-6.4619	-2.9392	0.0684	-2.6177	-0.7842
HG03684	SAS	SAS	0	0	0	1	0	1.733	-12.1726	-21.5599	-5.9148	0.9658	-5.3636	-2.9818	3.9712	0.172	2.326
NA20772	EUR	EUR	0	0	0.0036	0	0.9964	2.304	10.9119	3.2531	8.6881	1.2254	-6.4971	-5.1991	3.5955	-2.7678	0.5161
NA19448	AFR	AFR	0	0.9997	3e-4	0	0	59.6071	-16.0651	1.2352	1.0904	3.9864	-4.4448	-5.1504	0.6111	-2.6278	1.0567
HG02655	SAS	SAS	0	0	0	1	0	0.5879	0.24	-11.1913	-3.263	3.8275	-2.0254	-2.8473	7.6947	-1.8022	-1.3295
HG00404	EAS	EAS	1	0	0	0	0	-7.6455	-44.384	2.9704	6.9734	0.5116	-1.0319	0.1881	4.154	-1.6543	-0.1124
HG01968	AMR	AMR	0	0.0015	0.9985	0	0	-8.3349	-24.1875	23.5245	-37.9378	1.9464	0.1849	-5.7261	5.9489	0.2224	-4.9242
HG00262	EUR	EUR	0	0	0.0022	0	0.9978	-0.7857	11.186	5.0304	7.1404	1.9345	-1.2672	-2.943	5.4714	2.2537	-1.7177
NA20362	AFR	AFR	0	0.9983	0.0017	0	0	49.4472	-11.4754	2.0059	1.8089	7.417	-1.883	0.9187	5.0361	-4.4611	-1.6094
HG00599	EAS	EAS	1	0	0	0	0	-8.4998	-43.9993	3.612	6.7608	0.6953	-5.1986	-4.5509	8.96	-3.3964	-3.2798
HG02084	EAS	EAS	1	0	0	0	0	-8.0897	-42.4677	0.8209	6.6268	8.2372	-4.5543	1.6658	2.895	4.4527	-0.0494
NA19435	AFR	AFR	0	1	0	0	0	58.7775	-17.5675	-0.1591	0.1314	3.0754	-4.4172	-6.6789	0.0821	-3.0727	-1.7556
HG00309	EUR	EUR	0	0	0.0013	0	0.9987	-0.2514	8.8075	4.1629	7.0836	4.8009	6.7209	-2.6662	4.8224	-1.2759	-0.5739
NA20892	SAS	SAS	0	0	0	1	0	0.6691	-5.7113	-18.459	-5.7294	1.2065	-1.4249	-7.0091	11.3091	-5.1213	-2.9075
NA20902	SAS	SAS	0	0	0	1	0	1.5739	-6.1465	-19.3174	-6.603	4.6316	-2.2535	-11.3376	6.3675	-0.3806	0.4286
HG00102	EUR	EUR	0	0	5e-4	0	0.9995	0.1034	11.8308	6.0876	8.6511	1.3856	1.0428	-3.9432	4.736	-0.5013	-0.709
NA19130	AFR	AFR	0	0.9999	1e-4	0	0	62.5659	-18.1233	0.7382	1.0632	1.2601	-1.8139	-4.3664	8.1082	-2.6502	-0.8196
HG03634	SAS	SAS	0	0	0	1	0	1.1994	-2.3085	-13.7775	-1.5145	2.6656	0.1277	-1.9095	5.2375	-3.2006	-2.7658
NA19729	AMR	AMR	0	6e-4	0.9994	0	0	-4.7065	-21.442	19.7646	-31.6805	2.1405	-2.5415	-2.1689	3.7838	-0.1917	-1.0129
NA20585	EUR	EUR	0	0	0.0042	0	0.9958	1.6067	13.0627	3.6606	8.0949	1.6982	-7.7231	-1.8698	4.7526	1.076	-1.0491
NA12154	EUR	EUR	0	0	0.0153	0	0.9847	0.5571	12.2698	4.9609	9.6829	1.3205	-1.9599	-3.3908	4.4078	0.8875	-2.9507
HG04076	SAS	SAS	0	0	0	1	0	-0.3898	-8.1261	-19.0325	-4.2252	0.8867	-6.3178	-4.7393	3.9968	-4.5577	1.3987
NA20778	EUR	EUR	0	0	0.0399	0	0.9601	0.444	11.9567	4.8928	10.4685	0.2459	-6.9132	-1.5194	5.0157	1.3314	0.671
NA19175	AFR	AFR	0	1	0	0	0	62.6338	-17.5537	0.7314	0.6655	2.7187	-1.9008	-7.479	4.3429	-1.4844	1.5891
NA19399	AFR	AFR	0	1	0	0	0	60.4397	-17.6489	-0.2106	-0.0465	4.9786	-5.919	-7.9289	0.4217	-2.9386	1.5067
HG01615	EUR	EUR	0	0	0.1516	0	0.8484	1.0184	11.1098	4.3533	8.2016	0.2487	-7.219	2.3862	3.5494	-0.2036	-2.4304
HG03750	SAS	SAS	0	0	0	1	0	2.9168	-7.525	-18.4271	-5.3811	1.655	-2.3284	1.4361	6.8959	-5.5652	-2.0202
HG02360	EAS	EAS	1	0	0	0	0	-6.0061	-43.2901	-1.2765	7.8073	6.1584	-7.2138	1.3713	4.5317	-0.2749	-0.3995
HG02238	EUR	EUR	0	0	0.07	0	0.93	3.2604	11.1271	5.2525	9.5181	1.5332	-7.1412	0.3023	7.4926	2.1472	1.8161
HG04156	SAS	SAS	0	0	0	1	0	1.0067	-10.3558	-15.1717	-4.1569	2.942	-3.1913	-4.9092	4.2157	-3.8636	-7.6615
NA20538	EUR	EUR	0	0	0.0061	0	0.9939	2.6145	12.4235	4.4452	6.4674	0.6187	-7.7225	-4.6618	5.335	-6.6388	0.2715
NA12815	EUR	EUR	0	0	0.0193	0	0.9806	1.7896	13.3637	5.7041	8.52	-0.4028	-0.18	-4.4314	6.6228	-1.017	0.1121
HG01395	AMR	AMR	0	0	0.9997	1e-4	2e-4	4.519	6.582	6.8134	1.8578	0.2029	-8.2177	-5.4379	5.7299	-1.0352	3.7739
HG01182	AMR	AMR	0	0.0017	0.9983	0	0	8.1292	3.679	7.1278	-0.108	0.1243	-6.6358	-0.9704	6.7824	-3.9109	0.2434
HG03649	SAS	SAS	0	0	0	1	0	1.3161	-4.0562	-15.3729	-2.3451	3.6869	-5.3226	-2.3113	1.7356	1.454	-4.0327
HG02095	AFR	AFR	0	0.9997	3e-4	0	0	59.0944	-16.6487	-0.0126	1.1426	2.4059	-3.8631	-3.2424	5.634	-1.2386	0.4291
NA20845	SAS	SAS	0	0	0	1	0	2.2236	-4.3478	-16.1707	-3.4842	3.6301	-3.6907	-3.4088	8.2384	-0.4781	-0.4142
HG02250	EAS	EAS	1	0	0	0	0	-7.3449	-43.8679	3.0723	6.6235	6.8927	-3.1328	-2.3677	3.3047	0.9644	-0.9591
HG03762	SAS	SAS	0	0	0	1	0	1.1687	-8.5131	-17.3424	-2.6127	-1.8371	0.113	-3.4479	4.2323	-1.9974	2.5529
HG03027	AFR	AFR	0	0.9999	1e-4	0	0	63.1944	-18.4317	0.6013	1.5127	1.4141	-1.4791	-0.2067	4.749	-2.5967	0.4671
HG04056	SAS	SAS	0	0	0	1	0	2.4748	-6.7862	-21.9456	-5.5537	1.584	-5.3783	2.096	2.7365	-2.1149	6.8892
HG03460	AFR	AFR	0	1	0	0	0	63.5809	-17.1699	-0.2433	2.0094	1.2798	-3.1711	-2.3649	5.7469	-1.1199	-0.3575
HG02756	AFR	AFR	0	1	0	0	0	61.9166	-16.3034	-0.4665	1.3774	2.8635	-2.8964	0.4861	4.103	-3.299	1.2297
HG00619	EAS	EAS	1	0	0	0	0	-7.0545	-44.5653	3.128	8.9943	-1.9015	-1.8943	-1.3545	6.3606	-4.031	-1.5001
HG03780	SAS	SAS	0	0	0	1	0	-0.524	-6.6595	-19.8465	-3.5657	-0.0729	-5.4799	-4.4277	3.8054	0.764	-4.7301
NA18748	EAS	EAS	1	0	0	0	0	-6.8978	-44.5478	2.2549	9.3471	2.8479	-2.3743	-3.267	3.7999	-0.307	-0.6534
NA20525	EUR	EUR	0	0	0.005	0	0.995	1.1151	12.2699	2.9355	9.0414	-0.2431	-6.0508	-2.8899	4.0194	-1.464	1.3679
HG03268	AFR	AFR	0	1	0	0	0	62.4783	-17.1873	-0.0437	1.1382	1.8967	-3.6133	-4.6333	5.5609	-1.5678	-0.0706
HG04039	SAS	SAS	0	0	0	1	0	3.1007	-8.4064	-19.4178	-3.2701	3.1394	-4.6406	-3.125	2.9037	0.7455	0.866
HG01537	EUR	EUR	0	0	0.4389	1e-4	0.5609	0.2134	12.3207	4.7903	7.4394	1.5934	-4.6297	-5.3373	4.0078	-5.153	-2.2888
HG02351	EAS	EAS	1	0	0	0	0	-6.9341	-43.6207	1.6261	8.193	8.239	-3.7518	-3.8447	6.4917	-1.5094	-2.5164
HG00671	EAS	EAS	1	0	0	0	0	-7.4006	-44.7066	1.6039	6.9607	3.9659	-2.494	-3.4531	0.0953	-3.6502	0.7678
NA20815	EUR	EUR	0	0	0.0207	0	0.9793	0.9349	11.9927	4.3558	9.3209	3.3987	-6.0649	-3.5022	1.8859	-0.8602	0.9892
HG02020	EAS	EAS	1	0	0	0	0	-7.0687	-42.6832	0.748	8.0466	6.5162	-0.1593	-8.1211	9.9623	-1.3626	-3.0863
HG00551	AMR	AMR	0	0.005	0.995	0	0	5.9612	5.667	7.3988	1.589	3.6497	-5.5773	-0.5278	5.4548	0.5438	4.4848
HG03082	AFR	AFR	0	1	0	0	0	62.3655	-17.6994	0.4526	2.5351	1.7797	-1.3431	-1.3641	3.9645	-0.4973	-0.3622
HG03015	SAS	SAS	0	0	0	1	0	0.5889	-8.2276	-18.2231	-6.2439	0.0453	-0.0654	-1.6486	0.5748	-2.7212	-4.2474
HG01512	EUR	EUR	0	0	0.3646	0	0.6354	1.3791	14.6915	5.9109	8.9597	1.6001	-8.8074	-7.5477	7.0311	-0.3587	-2.3536
HG00683	EAS	EAS	1	0	0	0	0	-9.5712	-44.0171	0.8914	7.2413	2.454	-2.3931	-3.2514	3.8347	0.7959	-4.5982
HG02888	AFR	AFR	0	1	0	0	0	60.9659	-17.0834	0.0714	0.5645	4.2439	-3.8314	-0.5002	5.8819	-5.5732	1.0344
HG03567	AFR	AFR	0	1	0	0	0	64.7109	-17.6557	0.102	-0.7729	3.1369	-2.1801	-0.1647	7.4482	-4.4412	1.6511
NA18740	EAS	EAS	1	0	0	0	0	-6.8671	-44.9369	3.4812	7.8568	1.4208	-3.6271	-3.054	4.229	-1.035	-2.7068
NA19222	AFR	AFR	0	1	0	0	0	64.0298	-17.527	0.5204	0.9922	0.6198	-4.4821	-4.66	6.2329	-2.6061	1.4483
NA19328	AFR	AFR	0	0.9997	3e-4	0	0	59.6118	-16.8451	-0.4379	2.7975	1.1991	-1.6644	-7.5595	3.8795	-0.6801	-3.5418
HG02611	AFR	AFR	0	1	0	0	0	61.6355	-17.7204	-1.0506	1.9315	1.0521	0.3788	0.3341	6.1155	-4.6925	-0.5956
NA18597	EAS	EAS	1	0	0	0	0	-6.4847	-43.1083	3.9632	7.1517	-3.5324	2.189	-3.0604	1.3564	0.1003	-0.4811
NA12814	EUR	EUR	0	0	3e-4	0	0.9997	-1.453	12.7727	7.5404	8.3909	5.18	-3.5095	-4.4989	3.9534	-0.8641	-3.4027
HG00381	EUR	EUR	0	0	0.0254	0	0.9746	-1.2331	10.2261	5.9632	6.3895	4.0907	3.5275	-3.3518	2.2859	-4.6235	0.0287
NA12761	EUR	EUR	0	0	0.0139	0	0.9861	1.7984	12.4357	7.1137	9.9891	2.7184	-1.5412	-5.8063	3.8066	0.1725	-3.3271
HG03616	SAS	SAS	0	0	0	1	0	1.2702	-10.378	-14.9166	-2.399	-2.474	-2.8738	-4.3211	7.7765	-4.9226	0.5003
HG03746	SAS	SAS	0	0	0	1	0	2.2276	-4.0291	-13.2657	-2.5989	3.0101	-2.8971	-3.1617	6.7764	0.752	-0.2117
NA19320	AFR	AFR	0	0.9999	1e-4	0	0	60.2689	-16.2019	-0.713	1.227	3.773	-4.0316	-4.6337	2.0461	-1.4279	-0.9264
HG02079	EAS	EAS	1	0	0	0	0	-8.0228	-43.77	0.8046	6.6869	7.3841	-3.8394	-1.4211	3.7758	-1.2906	-0.1893
HG00717	EAS	EAS	1	0	0	0	0	-7.2108	-44.8303	2.2995	6.84	2.31	-3.7211	-6.8174	4.9021	-4.1144	-4.7807
HG01807	EAS	EAS	1	0	0	0	0	-7.0995	-44.2808	1.3106	9.7087	7.4344	-7.1902	-4.2101	4.6729	0.3905	-1.8672
HG02031	EAS	EAS	1	0	0	0	0	-7.5843	-44.2421	0.8218	8.0581	3.6873	-1.6888	-2.1117	6.3624	-2.6947	-3.7706
HG03547	AFR	AFR	0	1	0	0	0	63.6427	-17.8394	-0.5741	1.4897	0.9545	-1.1534	-0.8683	5.8418	-0.8944	-2.0066
HG00330	EUR	EUR	0	0	1e-4	0	0.9999	-0.1008	6.942	6.9337	8.986	2.9662	4.8036	-6.7797	2.4837	-4.5051	0.6274
HG01046	EAS	EAS	1	0	0	0	0	-5.4889	-45.1852	1.3912	9.4222	8.1579	-4.9574	-2.3329	6.4541	-1.1865	-0.4112
HG02121	EAS	EAS	1	0	0	0	0	-7.1777	-43.391	-0.7001	7.904	8.0927	-3.1136	-1.3707	5.3284	-2.4122	-1.5811
HG02304	AMR	AMR	0	0.0105	0.9895	0	0	-4.219	-19.6295	19.1037	-29.0782	5.5955	-4.3203	-2.9094	2.0656	-1.2023	-0.7788
NA18993	EAS	EAS	1	0	0	0	0	-8.257	-44.8524	2.3147	5.5121	-5.4902	-3.9148	-0.4326	1.7302	0.3305	-4.0552
NA19795	AMR	AMR	0	8e-4	0.9992	0	0	1.342	-7.6877	13.2357	-14.9572	-1.0738	-7.1606	1.7592	8.5387	-1.7033	-0.2359
HG00306	EUR	EUR	0	0	0.0279	0	0.9721	-1.0255	9.2932	6.1851	9.2243	-0.1678	4.4227	-4.2093	2.2984	-0.5427	5.3654
HG02512	EAS	EAS	1	0	0	0	0	-6.5547	-43.1235	-0.2039	7.0317	7.8709	-3.9917	-3.0485	3.6939	-0.5007	-0.071
HG03060	AFR	AFR	0	1	0	0	0	63.0092	-17.8449	0.5416	0.5453	0.1467	-3.2401	-4.836	7.651	-0.3617	-1.0536
HG03046	AFR	AFR	0	1	0	0	0	61.6502	-17.0939	-0.1095	1.3867	2.812	-0.7211	2.2582	8.1182	-2.2805	-0.154
HG00232	EUR	EUR	0	0	0.0036	0	0.9964	-0.0564	13.6965	4.7886	6.3831	-0.2408	0.2543	-7.1908	7.0041	-4.497	-3.1523
HG00099	EUR	EUR	0	0	0	0	1	-0.8544	12.3862	4.1431	8.3769	0.917	-3.583	-5.4945	8.2013	-0.1384	0.3586
NA19338	AFR	AFR	0	0.9995	5e-4	0	0	58.2553	-16.5195	0.4691	2.7696	2.4934	-4.9118	-3.8097	2.2907	-1.7457	-3.6356
NA19377	AFR	AFR	0	0.9999	1e-4	0	0	60.0684	-16.1957	-0.348	1.5412	3.4155	-3.0943	-4.9155	1.2316	-0.5834	-0.7161
HG01443	AMR	AMR	0	0.0014	0.9986	0	0	-1.3835	-9.4642	16.5866	-19.253	2.0418	-2.8357	-6.6125	9.0577	0.8844	-1.2792
HG00337	EUR	EUR	0	0	1e-4	0	0.9998	-1.4544	11.169	6.076	7.5176	1.6925	3.1391	-3.73	3.621	-0.8061	-1.2171
NA19652	AMR	AMR	0	0.0013	0.9985	2e-4	0	0.7413	0.9282	8.9557	-4.555	2.5354	-1.7992	-1.0739	5.5815	-4.2166	-5.7974
HG02938	AFR	AFR	0	0.9998	2e-4	0	0	63.0779	-17.2364	-0.9383	0.2032	-0.5492	-1.0374	-1.4641	3.7273	1.5046	-2.149
HG02573	AFR	AFR	0	0.9996	4e-4	0	0	61.2753	-16.2756	-0.4469	2.2784	0.8073	-1.0391	-3.2697	1.3023	-3.585	-4.5093
NA19913	AFR	AFR	0	0.9996	4e-4	0	0	53.8579	-12.5305	0.2127	1.4347	-1.4455	-4.1514	-2.8232	2.914	-0.1292	-2.7845
NA18917	AFR	AFR	0	0.9999	1e-4	0	0	63.6092	-17.2674	-1.2271	3.1894	5.0903	-0.4064	-2.8152	4.5295	-0.7922	1.3432
NA19654	AMR	AMR	0	0.0171	0.9829	0	0	0.0355	-8.9848	13.4818	-16.1326	-0.6383	-1.8998	-4.6815	4.3019	-0.5476	-1.9878
HG02890	AFR	AFR	0	1	0	0	0	62.5919	-16.9562	-0.1157	1.2023	-0.1981	-2.2888	-1.3432	4.84	-1.5773	-0.1752
NA18864	AFR	AFR	0	1	0	0	0	63.7974	-18.2155	0.8523	0.8529	0.1048	-3.0405	-5.5943	2.3457	1.0176	-4.8865
HG03394	AFR	AFR	0	1	0	0	0	63.6715	-16.9306	-0.5072	1.257	0.0371	-3.3766	-2.7663	2.9074	-2.158	1.6549
HG03785	SAS	SAS	0	0	0	1	0	2.486	-9.273	-23.684	-5.6878	1.0334	-4.3509	-4.2235	7.5554	-0.2246	-0.5229
HG03464	AFR	AFR	0	1	0	0	0	61.7121	-17.7957	-0.6456	1.7637	2.6466	-2.1378	-3.6013	7.0733	1.2219	-3.9063
HG02595	AFR	AFR	0	1	0	0	0	62.3535	-16.3866	0.3505	1.3616	2.1956	-2.4605	1.6417	6.6939	-1.5298	0.0339
HG01950	AMR	AMR	0	0.001	0.999	0	0	-3.4262	-22.5713	20.8713	-32.6328	-1.2874	-3.0442	-4.5591	3.1203	2.136	3.3454
NA20905	SAS	SAS	0	0	0	1	0	0.1551	-5.2456	-16.524	-4.3743	2.7782	-0.6817	-4.1445	2.6928	1.1196	-1.006
HG02396	EAS	EAS	1	0	0	0	0	-8.8764	-46.2073	0.6945	8.9064	7.0507	-4.4195	-6.185	5.5581	-1.3195	-4.3521
HG01915	AFR	AFR	0	0.9997	3e-4	0	0	58.831	-15.0696	1.0348	1.7063	2.257	-1.9901	-5.0886	5.9948	0.3714	-3.3073
HG00242	EUR	EUR	0	0	0.0083	0	0.9917	0.0514	12.3555	6.2147	7.381	-2.6518	-1.0494	-3.4385	3.7642	-4.9544	-6.5829
NA12273	EUR	EUR	0	1e-4	0.1402	0.0014	0.8582	0.7916	13.0115	3.9214	6.9282	2.0322	1.7415	-7.6421	3.2427	-1.8361	-5.3845
HG04185	SAS	SAS	0	0	0	1	0	1.6207	-9.0404	-22.0127	-4.953	0.0314	0.2873	-2.9984	7.958	-0.1514	-2.5716
NA19379	AFR	AFR	0	0.9999	1e-4	0	0	60.3201	-15.9485	0.678	1.473	1.3006	-3.0257	-6.9611	0.1821	-1.4304	-2.1623
NA20895	SAS	SAS	0	0	0	1	0	-0.4748	-3.4512	-16.4888	-4.1423	7.0624	-1.7819	-5.4966	7.4389	-3.8289	2.5007
HG03714	SAS	SAS	0	0	0	1	0	0.5493	-4.8698	-14.5636	-0.9755	1.6025	-5.241	-2.1323	7.3907	-3.5407	-2.7868
NA19711	AFR	AFR	0	1	0	0	0	53.6238	-13.3298	1.3665	2.0414	2.0942	-1.2503	-4.1465	3.2635	-2.192	0.5568
HG01608	EUR	EUR	0	0	0.0017	0	0.9983	1.868	10.2548	5.2203	9.9981	-7.2838	-3.3325	-2.9349	3.0042	-3.5543	-0.7691
NA20532	AMR	EUR	0	1e-4	0.5938	0.0011	0.4049	2.1797	12.4669	5.8636	8.3116	4.4295	-6.1089	-1.0205	3.8507	1.8472	-2.0862
HG02284	AFR	AFR	0	0.996	0.004	0	0	53.4552	-13.3901	0.0178	2.5912	1.0342	-3.3273	-1.7288	3.3546	1.2786	-0.1533
NA19454	AFR	AFR	0	0.9999	1e-4	0	0	61.1773	-17.245	0.231	0.5439	3.7334	-4.7539	-6.5939	0.8526	0.0896	-2.854
NA20281	AFR	AFR	0	0.9988	0.0012	0	0	52.6516	-13.7559	-0.644	1.776	2.987	-2.6212	-4.7143	-0.4185	-3.5979	-0.689
HG03229	SAS	SAS	0	0	0	1	0	-0.6319	-4.8292	-16.8854	-3.301	0.8252	-6.6561	-4.8746	2.9821	2.8248	-1.5453
NA19002	EAS	EAS	1	0	0	0	0	-8.6337	-41.531	3.1133	5.3976	-7.3103	-4.1909	-3.6147	2.1336	-0.8541	-4.7869
HG01849	EAS	EAS	1	0	0	0	0	-8.6191	-42.8053	-0.7889	7.0163	5.541	-2.9903	-2.8323	4.0693	1.3316	1.1804
HG02032	EAS	EAS	1	0	0	0	0	-7.9723	-44.0315	2.3778	7.0665	8.4548	-3.5916	-4.5563	2.3301	-2.4488	3.4072
HG04202	SAS	SAS	0	0	0	1	0	1.1261	-7.5954	-19.924	-4.2263	0.5096	0.0445	-5.6922	9.8443	0.2463	2.3146
HG03572	AFR	AFR	0	0.9999	1e-4	0	0	62.5848	-17.3122	-0.9659	2.8343	1.5155	-2.2565	-3.3776	5.8824	-0.5439	-4.0201
NA18916	AFR	AFR	0	1	0	0	0	62.3452	-17.9977	-0.3072	0.8689	-0.9065	-1.743	-5.6511	7.8933	-1.0038	-1.6179
HG03792	SAS	SAS	0	0	0	1	0	1.7163	-5.5118	-17.7063	-5.1056	1.5041	-5.0975	1.3593	1.368	-2.2538	-0.0394
HG02128	EAS	EAS	1	0	0	0	0	-6.0381	-43.7667	2.7005	7.1927	9.1254	-2.5106	-8.3832	5.0727	-0.9329	3.2952
HG02395	EAS	EAS	1	0	0	0	0	-6.4339	-44.5744	0.2817	9.0145	6.7929	-5.7166	-5.4385	3.5483	-3.5714	2.4396
NA19712	AFR	AFR	0	0.9988	0.0012	0	0	54.7383	-14.4606	0.3408	1.9647	2.6308	-3.1004	-4.0536	3.5695	1.2344	-1.572
HG00382	EUR	EUR	0	0	0.0617	0	0.9383	-0.542	8.2453	6.2899	7.7052	5.1094	6.6492000000000004	-3.9478	3.7943	-2.7417	-2.2176
HG03868	SAS	SAS	0	0	0	1	0	-0.0026	-4.8648	-18.1683	-4.6469	1.9673	-2.7455	-2.9876	0.7087	-1.6721	-3.9399
HG01281	AMR	AMR	0	0.0013	0.9985	2e-4	0	-0.6454	3.0905	9.2201	-2.4096	0.5157	-2.0516	-2.0072	6.4128	-0.3132	-5.2591
HG01565	AMR	AMR	0	0.001	0.999	0	0	-4.0189	-12.4394	17.6867	-23.6111	1.1183	-2.9742	-5.974	4.4521	-5.9471	-1.3741
HG02113	EAS	EAS	1	0	0	0	0	-8.6147	-42.6653	0.1676	8.9652	8.3012	-3.9325	-1.348	3.4592	-0.5179	-2.5704
HG00310	EUR	EUR	0	0	0	0	1	-1.3414	10.7037	6.8446	8.6993	4.6119	6.0884	-1.3859	4.5485	3.5092	-4.4435
HG00581	EAS	EAS	1	0	0	0	0	-7.9904	-43.2565	3.2122	6.912	0.1705	-4.9411	-4.0928	6.265	-2.75	-0.8655
NA20798	EUR	EUR	0	0	0.0014	0	0.9986	2.5637	12.313	3.7248	8.8382	1.883	-6.7464	-3.5977	5.4606	-4.7119	2.2185
HG00556	EAS	EAS	1	0	0	0	0	-7.7802	-43.8488	3.233	9.5266	3.7832	-2.4395	-4.3992000000000004	6.0229	-4.7836	-0.7491
HG02314	AFR	AFR	0	0.9998	2e-4	0	0	58.6109	-16.6605	-0.7214	1.93	2.0666	-3.7993	-4.9365	3.5722	-0.426	-0.9095
HG03132	AFR	AFR	0	0.9999	1e-4	0	0	62.2014	-17.2862	-0.1902	1.324	1.0544	-2.4389	-5.9971	4.4995	0.1964	-1.3184
HG01809	EAS	EAS	1	0	0	0	0	-7.5776	-43.893	1.0744	8.2768	8.7526	-7.1718	-4.488	4.5303	0.9722	-0.0114
HG03491	SAS	SAS	0	0	0	1	0	1.5481	-5.2652	-17.1821	-3.9515	0.6407	-3.218	-1.7629	3.2046	-0.9064	-2.2321
HG02768	AFR	AFR	0	1	0	0	0	61.2908	-17.5794	-1.1808	1.2743	0.9432	-0.0181	-0.9676	2.6516	-2.1429	-2.833
HG01941	AMR	AMR	0	0.0018	0.9982	0	0	-2.2042	-21.0806	19.0803	-31.3926	1.9055	0.2745	-5.9868	4.3459	0.1166	-2.0208
HG03738	SAS	SAS	0	0	0	1	0	1.3627	-6.8349	-19.1913	-7.3302	1.5724	-0.7272	-2.8505	-1.0868	-0.3699	-4.1982
HG03295	AFR	AFR	0	0.9992	8e-4	0	0	62.3012	-18.9915	-0.591	0.8053	1.2122	-2.4153	-1.9597	2.2532	3.7417	-1.0887
HG03872	SAS	SAS	0	0	0	1	0	2.6413	-8.0781	-19.5734	-4.5508	1.7167	-2.6535	-0.6004	3.7328	-2.1183	-1.8858
NA19923	AFR	AFR	0	0.9983	0.0017	0	0	38.5442	-7.0981	1.6459	2.1865	0.4335	-3.3917	-2.3275	3.1049	-0.5731	-0.039
HG02399	EAS	EAS	1	0	0	0	0	-7.9738	-44.7805	-0.6484	7.996	6.1066	-2.8883	-2.6016	5.9031	-0.9883	1.2015
HG03706	SAS	SAS	0	0	0	1	0	0.7386	-5.712	-20.3893	-5.3477	3.7442	0.2867	-5.4169	4.7856	2.5767	-2.3775
NA19084	EAS	EAS	1	0	0	0	0	-6.2504	-43.381100000000004	4.176	6.208	-5.7899	-3.1704	-4.1583	4.0337	-0.7263	0.3512
NA11894	EUR	EUR	0	0	0.0091	0	0.9909	-0.5604	12.8787	5.0695	9.5507	5.046	1.1249	-3.1101	3.9822	-0.8674	-1.1185
HG00338	EUR	EUR	0	0	0.0059	0	0.9941	-0.9051	8.6496	7.5266	8.6557	3.9208	8.8453	-1.906	1.313	-3.7572	-2.0496
HG00150	EUR	EUR	0	0	0.0197	0	0.9803	0.7955	11.8645	4.8472	8.9272	2.8432	-1.9276	-3.159	2.8966	-3.6011	-0.5381
HG03925	SAS	SAS	0	0	0	1	0	2.0388	-11.4196	-16.3895	-4.3918	4.8698	-1.6921	-0.36	-0.3682	-0.6404	-6.2008
HG01971	AMR	AMR	0	0.0034	0.9966	0	0	4.9395	-14.9987	13.9617	-18.1125	4.2101	-3.3215	-5.047	5.2229	-2.4862	1.8065
HG00132	EUR	EUR	0	0	0.0034	0	0.9966	0.4288	14.0175	6.3503	10.0273	2.7201	-1.4527	-6.9924	3.1913	1.0907	0.8363
NA20771	EUR	EUR	0	0	0.2794	2e-4	0.7204	0.8368	11.3475	4.1231	9.1675	1.4117	-9.8553	-4.5857	2.7115	0.5023	-2.0444
HG04162	SAS	SAS	0	0	0	1	0	-2.3615	-13.0716	-16.5439	-3.6094	2.129	-0.5427	-5.3483	4.21	-0.3288	-2.0745
NA19719	AMR	AMR	0	1e-4	0.9999	0	0	-0.1997	-4.561	13.171	-11.1669	1.9618	-6.9113	-4.4594	5.4291	-3.464	1.9316
HG03913	SAS	SAS	0	0	0	1	0	0.2076	-10.796	-16.6546	-4.1143	-0.5739	-1.407	-4.2389	5.1524	-0.1956	-3.5186
HG04061	SAS	SAS	0	0	0	1	0	1.2903	-10.4824	-22.8808	-6.7445	2.0263	-1.5924	-2.294	0.6691	-3.5123	-6.5476
HG01073	AMR	AMR	0	0	0.9424	4e-4	0.0572	5.6378	4.022	7.3461	1.6959	2.9745	-5.6275	-0.7749	6	-3.3659	0.1862
HG00118	EUR	EUR	0	0	0.0328	0	0.9672	0.64	13.1106	5.6164	8.9019	-0.7798	-1.4584	-2.5524	4.3792	-0.331	1.0853
NA18627	EAS	EAS	1	0	0	0	0	-8.9329	-44.7044	2.9083	6.4565	-0.1904	-2.4668	1.9595	2.5671	2.3105	-1.6454
HG02725	SAS	SAS	0	0	0	1	0	2.2873	-6.4312	-18.573	-4.2036	-0.7251	-4.1037	-2.2637	4.2499	-0.2193	-4.6905
HG01841	EAS	EAS	1	0	0	0	0	-5.1576	-44.136	0.4705	6.4952	7.2619	-2.4835	-4.0459	3.0714	0.1327	-2.7052
HG02799	AFR	AFR	0	1	0	0	0	61.0933	-16.9811	0.2598	1.6619	0.5562	-2.5777	-1.9521	7.4483	-2.3837	-0.1065
HG04019	SAS	SAS	0	0	0	1	0	0.8146	-6.7084	-18.2679	-4.9067	2.6612	-3.7462	-1.9396	4.3729	3.0173	-1.8598
HG02186	EAS	EAS	1	0	0	0	0	-9.1941	-44.5615	0.9935	8.5276	9.7875	-5.0797	-2.4865	5.9395	0.3769	-1.9387
HG03007	SAS	SAS	0	0	0	1	0	0.5791	-11.6353	-17.7603	-4.3219	-0.9065	-0.0043	-3.9277	2.9455	1.2415	-0.6268
HG00240	EUR	EUR	0	0	0.0065	0	0.9935	-1.111	13.2488	5.5109	7.3823	3.347	-3.9347	0.0653	3.1277	2.4326	-0.0558
HG03603	SAS	SAS	0	0	0	1	0	0.2437	-11.4504	-17.9783	-4.1855	-1.6823	-6.7646	-4.2752	3.5028	-0.0097	0.6583
HG00631	EAS	EAS	1	0	0	0	0	-7.3322	-43.5189	2.4266	8.5986	-0.5687	-0.6357	-2.8397	6.5969	1.6686	-1.7727
NA20882	SAS	SAS	0	0	0	1	0	0.8132	-1.3218	-12.9696	-2.1093	1.2143	-2.0515	-7.7472	4.3372	-2.5986	-0.5863
HG03960	SAS	SAS	0	0	0	1	0	1.19	-9.2913	-20.3734	-6.7836	-0.0946	-1.4537	-0.8771	0.0915	-0.8383	-4.0102
HG03126	AFR	AFR	0	1	0	0	0	62.767	-17.7538	0.3533	0.951	0.9524	-1.0043	-4.605	8.2499	0.5227	2.1218
NA19449	AFR	AFR	0	0.9996	4e-4	0	0	59.6368	-17.0935	0.3531	1.503	5.0031	-4.3247	-1.9703	-0.1249	0.736	-5.3911
HG03021	SAS	SAS	0	0	0	1	0	1.3256	-7.7189	-19.6913	-3.9929	2.786	-2.6172	-2.6674	2.1885	-5.1619	-2.1456
HG03667	SAS	SAS	0	0	0	1	0	1.1925	-9.6753	-21.7388	-4.2776	4.3449	-7.2398	-0.1848	4.326	1.6176	0.9282
HG03437	AFR	AFR	0	1	0	0	0	62.4115	-18.8092	-0.3563	2.2936	1.2734	-1.5271	0.424	3.5534	-0.1447	-0.7411
HG02477	AFR	AFR	0	0.9996	4e-4	0	0	55.1882	-13.6683	0.7612	2.299	4.9429	-3.0705	-2.8059	4.2921	-1.5904	-3.1295
HG01572	AMR	AMR	0	3e-4	0.9997	0	0	-7.2034	-21.8582	24.1448	-37.3925	4.3032	-1.4599	-4.4298	4.3673	-1.7414	-3.0933
HG01136	AMR	AMR	0	0	1	0	0	4.2838	-0.0948	11.2529	-4.0392	5.6054	-6.6969	-2.1701	6.0323	-2.7956	-3.5366
NA18956	EAS	EAS	1	0	0	0	0	-6.8849	-43.5196	2.1217	5.9117	-8.7222	-1.8446	-5.5235	7.0467	1.7583	-0.9271
HG03109	AFR	AFR	0	1	0	0	0	62.7714	-18.3326	0.4522	0.7272	0.3311	-1.7508	-6.9281	2.4433	4.4395	-3.4729
HG03781	SAS	SAS	0	0	0	1	0	1.5917	-8.8444	-18.8216	-6.2384	-1.0448	-0.7901	-1.9771	3.2646	1.6708	-3.5744
HG00107	EUR	EUR	0	0	0.0037	0	0.9963	-1.0505	13.7264	6.9108	9.7283	4.3309	-2.2116	-3.7339	6.0561	0.7523	-5.3964
NA18934	AFR	AFR	0	1	0	0	0	65.0359	-16.6219	0.7754	1.1475	3.466	-4.8495	-5.4796	5.3408	-1.8637	-2.1685
HG01085	AMR	AMR	0	0	0.9991	0	9e-4	7.8467	4.4424	6.8486	2.8808	0.2943	-6.3504	-6.532	8.4693	-3.0856	-3.9663
HG02816	AFR	AFR	0	1	0	0	0	61.0333	-16.6214	0.2365	2.0874	0.4768	-2.4859	0.4682	4.2372	-2.9185	0.1912
HG03760	SAS	SAS	0	0	0	1	0	-0.1182	-8.5943	-19.8671	-5.5421	0.1222	-2.8919	-3.6178	3.132	1.9505	-3.8081
NA20881	SAS	SAS	0	0	0	1	0	0.8395	-1.3807	-15.8085	-2.0948	-2.7857	-1.6333	-5.0752	7.1319	1.9089	-0.276
HG01979	AMR	AMR	0	0.0018	0.9982	0	0	-4.576	-13.4584	17.4904	-25.9824	-0.1952	-3.179	-5.1747	3.4219	0.1375	-1.7416
HG01886	AFR	AFR	0	1	0	0	0	54.6925	-14.1043	-0.0152	0.429	-0.216	-3.2265	-2.479	6.6742	1.3113	2.5343
HG02371	EAS	EAS	1	0	0	0	0	-7.7949	-45.3982	2.1122	7.1276	11.0293	-2.529	-1.4358	4.4727	-0.6932	-0.202
HG00282	EUR	EUR	0	0	0.0032	0	0.9968	-1.2495	9.2456	6.5042	9.7324	2.1204	7.5214	-1.7651	3.2009	-0.2702	0.7923
HG04161	SAS	SAS	0	0	0	1	0	-0.5814	-12.6199	-16.538	-3.8324	-0.0109	-1.1553	-9.1305	2.5292	-0.453	-3.0773
HG02789	SAS	SAS	0	0	0	1	0	2.7527	-7.6948	-18.0865	-3.746	0.1719	-0.0465	-8.538	6.0049	1.7026	-1.0834
HG03130	AFR	AFR	0	1	0	0	0	61.848	-18.8104	0.1798	1.3398	2.2973	-2.2187	-4.5121	6.5278	-0.9575	-1.0784
NA20783	EUR	EUR	0	0	0.0101	0	0.9899	0.9205	12.9308	4.0822	9.7065	3.2759	-5.8781	-0.5793	1.8788	-4.22	0.8848
HG00524	EAS	EAS	1	0	0	0	0	-8.7056	-44.6864	2.5031	6.8881	2.7814	-1.1099	-5.063	2.3961	-0.9525	-0.0051
HG02019	EAS	EAS	1	0	0	0	0	-7.1758	-43.4721	2.5073	6.8074	6.7199	-2.7599	-3.3512	5.7573	0.3783	-1.6734
NA20542	EUR	EUR	0	0	0.0014	0	0.9986	1.12	11.6892	2.7726	8.7163	1.2831	-3.6043	-2.3421	3.4302	1.5596	-2.231
HG02188	EAS	EAS	1	0	0	0	0	-7.2764	-44.1369	0.9453	7.398	10.5213	-5.4742	-4.0973	6.4222	0.8957	-3.3744
HG03432	AFR	AFR	0	1	0	0	0	61.9451	-15.8439	1.4607	0.2872	1.0606	-2.5729	-1.9814	5.6543	-4.1416	-1.0937
HG02861	AFR	AFR	0	1	0	0	0	61.5473	-16.4558	1.43	2.4219	0.1666	-2.9615	2.0544	4.2532	-4.726	0.8092
NA20785	EUR	EUR	0	0	3e-4	0	0.9997	0.0353	12.1936	3.7454	8.1951	2.6005	-7.2632	-5.7472	1.125	-1.1722	-1.7559
NA20896	SAS	SAS	0	0	0	1	0	-0.2671	-4.8981	-18.5337	-5.7669	3.7872	-0.2358	-5.9389	7.4785	-1.8499	2.5225
HG03784	SAS	SAS	0	0	0	1	0	1.0182	-8.8203	-21.8258	-7.8317	4.1054	-2.6485	1.8156	8.2212	0.877	1.9374
HG00608	EAS	EAS	1	0	0	0	0	-8.1963	-45.4284	2.9125	7.2607	1.4874	-3.0787	-2.9708	5.7275	-1.7511	1.1011
NA21095	SAS	SAS	0	0	0	1	0	2.2906	-6.716	-18.0921	-5.8959	1.4007	0.1642	-4.4932	4.366	-4.6601	1.8654
HG01527	EUR	EUR	0	0	0.1947	0	0.8053	2.4551	12.5982	4.7895	7.9357	5.1256	-7.6616	-6.5199	5.8103	-0.2043	-1.1651
HG02690	SAS	SAS	0	0	0	1	0	1.0403	0.0688	-13.1927	-1.4124	-2.751	-3.5899	-3.2879	3.2341	-3.9383	0.732
HG02973	AFR	AFR	0	0.9999	1e-4	0	0	61.8036	-17.5459	-0.3731	-0.0185	2.4567	-2.4454	-5.5653	7.3721	1.117	-1.6928
NA18987	EAS	EAS	1	0	0	0	0	-8.2237	-42.3334	3.2762	4.8739	-5.4752	0.0593	-6.2277	2.7964	-1.2386	-1.1057
HG03873	SAS	SAS	0	0	0	1	0	2.1533	-8.6137	-20.3539	-4.6844	-0.3781	0.8901	-0.6279	1.8633	4.0953	-7.388
NA19664	AMR	AMR	0	0.0046	0.9954	0	0	-0.535	-9.6881	12.6197	-13.4862	-0.8413	-4.4148	1.5868	5.2243	-0.7301	-4.1325
HG02722	AFR	AFR	0	0.9999	1e-4	0	0	61.991	-16.6746	-0.2045	1.9232	1.0876	-3.4447	-1.6433	6.6617	-2.3869	-2.6588
NA18504	AFR	AFR	0	1	0	0	0	62.2871	-16.5519	0.555	0.3586	0.4397	-2.2108	-6.5655	7.3284	-1.7702	-3.7486
NA10847	EUR	EUR	0	0	0.0179	0	0.9821	0.5872	13.4018	5.9162	6.3864	-0.3901	-0.7408	-3.8077	5.7191	-4.2173	-3.1172
NA18992	EAS	EAS	1	0	0	0	0	-7.2491	-43.8911	2.3225	7.4943	-7.8883	-4.4825	-9.8226	4.3002	-2.5607	2.7835
HG03112	AFR	AFR	0	1	0	0	0	62.8555	-17.3816	1.2617	1.0577	1.4427	-2.3592	-4.9419	5.9341	0.2934	-4.9659
HG00732	AMR	AMR	0	1e-4	0.9807	0	0.0191	4.2046	3.9922	6.0828	2.5268	5.1576	-9.2198	-1.3795	6.8777	1.6169	2.2214
HG00122	EUR	EUR	0	0	0.0069	0	0.9931	-0.3653	11.2599	6.4201	8.2301	1.8422	-1.1531	-1.4067	2.1171	-2.7227	-4.1292
HG01844	EAS	EAS	1	0	0	0	0	-7.2853	-42.2928	0.4042	6.6565	4.345	-1.7429	-4.5016	6.3343	3.2521	2.5208
HG01102	AMR	AMR	0.0012	0.0026	0.7673	1e-4	0.2287	9.0044	4.4551	7.0789	1.3258	4.4626	-4.3476	1.4771	1.7671	-2.6316	2.943
NA19916	AFR	AFR	0	0.9996	4e-4	0	0	56.2889	-14.5129	1.5501	1.4731	1.9345	-2.3185	-4.1341	4.7971	0.0842	-1.0279
HG00320	EUR	EUR	0	0	0.0966	0	0.9034	-0.6182	9.0506	5.2227	8.3303	1.9847	4.1058	-1.9418	0.952	-0.8146	1.7261
HG02727	SAS	SAS	0	0	0	1	0	1.1475	-7.8528	-17.0984	-5.3958	3.6113	-3.4096	-3.0184	4.4029	-5.3222	-6.2699
NA18942	EAS	EAS	1	0	0	0	0	-6.7024	-43.0215	1.8713	5.9295	-4.8216	0.6569	-6.0766	1.2778	-0.0788	1.3872
NA19922	AFR	AFR	0	0.9954	0.0046	0	0	45.0631	-9.1053	0.8712	2.3421	-0.8995	-1.1901	-2.1127	5.4065	-0.5464	-2.6163
HG01326	AMR	AMR	0	1e-4	0.6155	2e-4	0.3841	5.8442	3.9851	8.9899	0.1473	2.8407	-3.6583	-2.8303	1.3287	5.0649	2.1271
HG01121	AMR	AMR	0	0	1	0	0	0.1409	-0.3107	10.4905	-5.7779	2.2256	-4.9193	-1.8881	1.8309	-4.1731	-0.3737
HG02493	SAS	SAS	0	0	0	1	0	2.9075	-3.406	-15.5799	-2.5149	3.9405	-0.6457	-5.333	5.9087	-3.9421	3.009
HG00611	EAS	EAS	1	0	0	0	0	-8.268	-44.4986	4.6463	7.2332	-0.1463	-6.3584	-2.7572	4.2187	-5.8369	-1.8374
NA18915	AFR	AFR	0	0.9998	2e-4	0	0	62.503	-18.3642	1.0952	0.5797	3.8216	-1.2784	-4.3025	5.9714	0.5226	-4.7027
HG03976	SAS	SAS	0	0	0	1	0	2.3318	-9.0149	-20.1894	-5.9715	2.0289	-3.613	-2.2426	2.8093	-2.9728	-5.235
HG04038	SAS	SAS	0	0	0	1	0	0.6822	-10.5536	-19.9014	-3.3587	2.3759	-4.2206	-2.0588	-1.8467	3.2547	-0.3993
HG01951	AMR	AMR	0	2e-4	0.9998	0	0	-5.5058	-23.9483	22.3852	-38.7826	2.2144	-2.9336	1.3286	1.7114	-4.4475	-1.1066
HG02282	AFR	AFR	0	0.9977	0.0023	0	0	49.3544	-11.3981	1.3351	1.083	-2.0801	-3.3254	-5.8534	2.8167	-3.6213	-3.2878
NA18548	EAS	EAS	1	0	0	0	0	-7.4987	-42.7244	2.9651	6.4814	-0.8521	1.1817	-8.3921	3.291	-3.0667	-2.4832
HG00451	EAS	EAS	1	0	0	0	0	-7.0025	-44.941	1.9973	6.1326	3.9945	-2.8769	-4.3537	7.22	-2.1225	-6.1785
HG00403	EAS	EAS	1	0	0	0	0	-7.3447	-43.9543	2.2134	4.6492000000000004	0.6111	-0.8184	-2.3105	7.1018	-3.3369	1.4207
HG00355	EUR	EUR	0	0	0	0	1	0.9204	11.5012	4.7966	8.6466	0.1597	5.9826	-1.8894	4.8127	3.8957	-1.9931
NA20412	AFR	AFR	0	0.9405	0.0595	0	0	47.1312	-12.6224	2.1049	0.5532	4.2824	0.1948	-5.8969	2.6762	-3.4228	-1.8005
HG01869	EAS	EAS	1	0	0	0	0	-7.0983	-43.4846	0.8151	8.7195	7.2122	-4.9623	-3.7679	5.7888	-2.1741	2.0422
HG00663	EAS	EAS	1	0	0	0	0	-7.2831	-44.0866	1.7869	5.9458	4.4841	-3.1777	-4.8026	6.4656	-2.8972	-2.8159
HG01305	AMR	AMR	5e-4	0.001	0.9215	0.0046	0.0724	8.1398	0.9813	9.4794	-2.2264	3.3305	-1.6481	-2.4476	7.0078	2.53	1.3165
NA11920	EUR	EUR	0	0	0.038	0	0.962	-0.6289	12.1542	4.9954	10.2671	1.4907	-0.8803	0.1872	6.73	3.5301	0.7526
NA19209	AFR	AFR	0	0.999	0.001	0	0	63.603	-18.9682	0.3664	1.6338	3.7395	-1.9122	-8.0624	2.0099	-1.4995	-3.73
HG01628	EUR	EUR	0	0	0.0031	0	0.9969	6.193	11.0133	4.7154	10.3996	2.519	-8.2124	-2.4153	1.8316	-4.6184	-1.873
HG02025	EAS	EAS	1	0	0	0	0	-7.7341	-43.4419	3.0287	8.4563	7.7504	-5.1209	-5.3765	5.3713	1.7563	-4.5949
NA19901	AFR	AFR	0	0.9986	0.0014	0	0	54.3769	-15.4788	1.5911	-0.062	2.7001	-1.2738	-3.6624	6.3598	1.2689	-1.5845
NA18642	EAS	EAS	1	0	0	0	0	-6.3275	-42.0689	3.296	4.9765	0.2313	0.3677	-3.0465	2.3755	-3.1307	-0.0624
HG00188	EUR	EUR	0	0	0	0	1	0.1463	9.9269	6.8393	7.0319	1.832	4.6915	-6.1104	6.7805	1.1102	-0.2099
NA20504	EUR	EUR	0	0	6e-4	0	0.9994	-0.5089	10.809	3.5272	7.4853	3.4655	-9.2147	-5.9765	2.5214	-4.8282	-2.5798
HG02461	AFR	AFR	0	1	0	0	0	61.5155	-18.1176	-0.821	0.9603	0.6347	-1.0934	-1.4606	3.4064	-2.0876	0.898
HG00257	EUR	EUR	0	0	0.039	0	0.961	0.5582	12.9206	5.4909	8.7757	1.6212	-3.0092	-0.835	2.8562	0.5902	0.1842
NA20775	EUR	EUR	0	1e-4	0.0797	0	0.9202	2.9546	12.7189	3.0382	8.1453	2.2652	-6.9675	-3.9393	6.7263	-2.0327	-1.3566
NA19072	EAS	EAS	1	0	0	0	0	-7.144	-42.5036	1.5353	4.792	-7.1973	-4.4586	-7.0015	7.0161	-0.0959	-4.302
HG01083	EUR	AMR	0	0	0.3968	0	0.6031	7.6073	3.8602	7.7763	0.3022	0.2232	-8.6713	0.7907	6.7987	1.9793	2.9926
NA20588	EUR	EUR	0	0	0.0101	0	0.9899	1.8676	11.9583	4.2995	10.5479	-0.464	-7.5571	-2.8034	3.2358	-0.2872	0.08
HG01519	EUR	EUR	0	0	0.0164	0	0.9836	0.0696	13.9937	4.8901	9.3817	2.1514	-6.4508	-1.4563	4.958	-1.0532	-9.7399
HG01845	EAS	EAS	1	0	0	0	0	-5.5087	-41.763	2.6138	7.4704	8.4866	-4.99	-2.1371000000000002	8.483	0.116	-3.2382
HG03169	AFR	AFR	0	0.9993	7e-4	0	0	62.8382	-18.445	0.6375	2.6739	1.653	-2.5694	-5.5233	3.2218	2.075	-1.2411
NA19740	AMR	AMR	0	2e-4	0.9998	0	0	-2.9341	-17.945	19.8943	-24.346	1.1349	-2.6032	-6.6769	2.8075	-0.0936	0.5831
NA18940	EAS	EAS	1	0	0	0	0	-7.0669	-43.4358	2.1297	5.5514	-4.1208	-5.3929	-4.974	1.5611	-2.2087	-1.6677
HG01619	EUR	EUR	0	0	0.0014	0	0.9986	3.513	14.852	5.7832	9.6363	2.3332	-10.2009	-4.3764	9.0625	-3.402	-3.3636
HG00176	EUR	EUR	0	0	1e-4	0	0.9999	-3.9354	8.0719	6.6742	7.4628	7.1765	9.4387	-2.9329	2.1636	1.5256	0.2139
HG03861	SAS	SAS	0	0	0	1	0	2.5782	-7.2422	-21.8651	-7.9116	1.9527	-1.8288	-1.6211	6.9492	-8.9124	1.8577
HG02223	EUR	EUR	0	0	0.0014	0	0.9986	1.3072	12.3788	6.0939	8.9839	2.4411	-8.2671	-10.6089	6.7947	1.5143	-0.6071
NA19095	AFR	AFR	0	1	0	0	0	63.1573	-18.973	0.385	0.5556	2.4037	-0.6599	-5.1732	6.3918	-2.4834	-2.2333
HG02613	AFR	AFR	0	1	0	0	0	59.796	-16.8856	-0.1193	1.5666	1.6788	-0.281	-1.9237	4.8932	0.0361	-0.7455
HG00151	EUR	EUR	0	0	0.0276	0	0.9724	-1.1601	11.5063	4.3547	7.2791	-0.1669	-0.564	-8.7308	5.45	1.6586	2.7839
NA18592	EAS	EAS	1	0	0	0	0	-8.2746	-44.3314	2.3878	6.6972	2.0786	-0.4614	-0.36870000000000003	5.4039	0.6642	2.9162
HG03787	SAS	SAS	0	0	0	1	0	2.6907	-9.7331	-20.3129	-6.2426	3.1626	-4.5043	-3.0753	-0.4738	-2.7106	-1.1924
HG03809	SAS	SAS	0	0	0	1	0	1.2144	-11.6207	-16.5835	-4.4939	3.3146	-2.8798	-3.5486	-1.5679	-3.7315	1.2271
HG02555	AFR	AFR	0	0.9987	0.0013	0	0	54.6721	-15.9539	1.6143	1.9443	-1.2369	-2.8025	-5.4567	5.3635	1.5554	-1.9
HG02836	AFR	AFR	0	1	0	0	0	63.1295	-17.4972	-0.0399	1.478	2.459	-1.8586	-2.2123	4.0179	-3.5225	1.4108
NA18991	EAS	EAS	1	0	0	0	0	-6.9752	-44.255	4.1156	5.7159	-7.4327	-3.3945	-2.8436	6.6085	-1.2324	-3.7328
NA19081	EAS	EAS	1	0	0	0	0	-7.3819	-41.3674	1.5218	4.1794	-9.2642	-2.8168	-6.6695	3.0247	-1.1828	-3.6381
NA19086	EAS	EAS	1	0	0	0	0	-7.0426	-44.9668	2.0843	5.1512	-5.2752	-5.0216	-4.9187	2.3447	-2.7	-2.7321
NA20885	SAS	SAS	0	0	0	1	0	1.4104	-2.5362	-14.3852	-3.0568	-0.3132	-0.7102	-6.1667	2.3865	1.0363	-0.0827
HG03354	AFR	AFR	0	0.9999	1e-4	0	0	62.6308	-18.465	-1.3388	0.8845	1.7841	-4.7743	-3.5569	5.9584	0.9189	-1.2844
NA18636	EAS	EAS	1	0	0	0	0	-7.6723	-45.405	4.3894	8.9687	5.1201	-3.009	-4.6179	4.8771	0.3238	-2.2375
HG01583	SAS	SAS	0	0	0	1	0	1.7482	-1.6825	-13.1293	-3.3216	-0.7792	-2.8771	-5.1518	1.9175	-6.0795	-0.8959
HG01110	AMR	AMR	0	0.0129	0.9871	0	0	7.4534	4.4851	7.6408	1.9184	0.0447	-3.8275	-5.0465	2.0886	0.9297	-0.9887
HG01164	EUR	AMR	0	0	0.0647	0	0.9353	5.6212	6.2184	8.4426	3.28	-1.0488	-8.2112	-3.3244	6.409	-3.6266	2.6761
HG02047	EAS	EAS	1	0	0	0	0	-7.4087	-43.9967	-0.3603	8.1717	5.9633	-5.8731	-7.563	3.7148	-3.0758	-1.8871
NA19428	AFR	AFR	0	0.9998	2e-4	0	0	59.4694	-17.4035	0.9678	1.1174	3.1502	-4.0273	-4.5294	3.5902	0.0463	-2.6033
NA19625	AFR	AFR	0	0.9421	0.0579	0	0	39.1453	-17.8411	4.0881	-5.8811	0.4774	-3.5368	-4.2479	6.9719	-1.1744	0.1054
HG04003	SAS	SAS	0	0	0	1	0	-0.4028	-6.1667	-16.5001	-4.1202	1.9023	-1.1287	-3.2429	8.5917	3.1184	-0.4934
HG01747	EUR	EUR	0	0	0.0063	0	0.9937	1.0959	12.4461	5.6003	8.0349	-1.0587	-3.2523	-4.8048	4.9609	-5.2363	0.0025
NA18519	AFR	AFR	0	1	0	0	0	63.2467	-18.3848	0.2517	1.5304	2.5651	-1.4244	0.0884	4.0742	-1.1889	-1.4538
HG02086	EAS	EAS	1	0	0	0	0	-7.587	-42.9032	1.0233	7.1122	8.6854	-6.3164	-4.4162	5.2926	-1.8658	1.1301
HG02580	AFR	AFR	0	0.9992	8e-4	0	0	51.8655	-12.9792	0.5589	3.6058	2.5759	-3.1946	-4.123	-0.1333	-0.1888	-2.8599
NA18950	EAS	EAS	1	0	0	0	0	-5.5059	-43.0514	5.4408	6.6023	-7.8254	-2.2361	-5.307	4.3616	3.0322	-3.0391
HG02968	AFR	AFR	0	0.9996	4e-4	0	0	63.7574	-17.625	1.3942	1.8916	4.0713	-2.2785	-7.2825	7.421	-0.8198	-0.4124
HG02364	EAS	EAS	1	0	0	0	0	-6.0465	-45.3554	0.9861	9.287	7.9698	-3.9355	-4.5607	6.6892	-0.2361	0.1649
HG00379	EUR	EUR	0	0	0.0535	0	0.9465	-1.1978	8.2676	5.2458	7.0041	2.7308	5.0987	-5.2685	3.1532	0.0888	-2.123
HG02679	AFR	AFR	0	1	0	0	0	60.0669	-17.4478	-0.9051	1.9276	0.2432	-3.7523	-1.4884	6.9883	-3.7214	-1.9765
NA20863	SAS	SAS	0	0	0	1	0	1.758	-4.3915	-18.3261	-4.7865	2.691	-3.0078	-5.9731	7.0224	-2.6659	-3.7491
HG00096	EUR	EUR	1e-4	4e-4	0.2001	4e-4	0.799	0.8117	13.2144	5.2346	9.2631	-0.3848	-2.8463	-1.7287	6.1448	2.3391	-2.7676
HG03716	SAS	SAS	0	0	0	1	0	1.9649	-4.0771	-15.0298	-4.902	0.7429	-1.0378	-3.5327	3.5052	-1.8158	-4.0974
HG02154	EAS	EAS	1	0	0	0	0	-8.966	-44.4161	1.1459	6.5331	6.7688	-7.7211	-1.8897	5.6168	-4.7315	-1.599
NA20769	EUR	EUR	0	0	0.1634	0	0.8366	0.075	13.204	4.6086	7.9489	3.2984	-6.5414	-3.3256	3.054	-2.2091	0.6002
NA20514	EUR	EUR	0	0	0.3003	1e-4	0.6995	-0.3292	12.4973	0.8968	8.6465	1.1226	-7.5662	-5.2639	4.8396	-1.8999	-2.0948
HG04033	SAS	SAS	0	0	0	1	0	0.718	-9.8353	-19.3707	-5.283	1.8473	-6.5702	-2.6942	-0.5588	-4.429	-7.7808
HG03449	AFR	AFR	0	0.9999	1e-4	0	0	63.8276	-17.3635	0.8875	2.6053	2.3494	-1.6973	-0.5908	4.8015	-3.1703	-3.0357
HG01859	EAS	EAS	1	0	0	0	0	-6.0119	-43.4004	1.0705	8.0335	6.2276	-1.7825	-7.567	3.0859	0.1045	-2.6887
HG01131	AMR	AMR	0	2e-4	0.9998	0	0	3.1188	0.7247	9.7709	-3.9736	1.9367	-7.7809	-5.7119	6.0644	0.1443	-0.2756
HG03538	AFR	AFR	0	1	0	0	0	61.5119	-16.6814	-0.7121	1.1859	1.1297	-2.384	-0.9546	4.3504	-6.5187	3.5121000000000002
HG03095	AFR	AFR	0	0.9999	1e-4	0	0	62.3103	-17.5512	-0.6693	0.8888	3.4022	-0.1532	-1.4142	4.0698	-2.5623	-4.1342
NA19734	AMR	AMR	0	0.0094	0.9906	0	0	-4.8268	-10.9009	16.5803	-19.7505	1.6996	-8.3334	-4.316	3.1855	-2.0144	-0.2575
HG01097	AMR	AMR	0	4e-4	0.9996	0	0	7.6612	4.4561	7.5137	1.6643	2.5521	-3.4929	-0.0029	4.3424	0.8558	-1.1054
NA20581	EUR	EUR	0	0	0.1123	0	0.8877	1.2249	13.7343	3.0815	9.0162	1.3145	-8.7287	-3.3222	1.8223	-0.0443	-0.972
HG01980	AMR	AMR	0	0.0013	0.9987	0	0	-5.1484	-14.7443	18.1505	-27.699	1.1026	-2.0597	-3.4059	5.0693	0.4484	-4.6975
HG01497	AMR	AMR	0	0.001	0.999	0	0	-0.5385	-2.4792	12.567	-7.7643	0.6804	-4.627	-4.0048	5.1009	-4.4185	-0.1033
HG00625	EAS	EAS	1	0	0	0	0	-7.6166	-45.4396	0.6705	8.2276	4.3575	-2.3895	-2.0431	6.6231	1.6333	-3.0559
NA19307	AFR	AFR	0	0.9999	1e-4	0	0	58.3602	-15.6944	-0.8997	1.6199	5.2588	-1.5264	-6.3268	2.9208	1.1927	-1.0589
NA20756	EUR	EUR	0	0	0.1897	0	0.8103	2.7964	10.9393	2.692	9.0573	-1.231	-6.5663	-3.2178	3.3409	-2.6208	-2.7151
NA18983	EAS	EAS	1	0	0	0	0	-8.3428	-43.9885	3.3749	5.1503	-7.1786	-1.6544	-2.3961	2.4367	-1.3939	-0.4424
HG01389	AMR	AMR	0.0018	0.0157	0.6618	8e-4	0.3199	4.1026	6.2651	7.4551	-0.122	2.2245	-3.6277	-2.5314	5.8537	1.1645	-3.3882
NA20126	AFR	AFR	0	0.9995	5e-4	0	0	41.2997	-8.2103	2.1921	3.659	2.6896	-0.6579	-5.2862	6.3029	0.946	-0.6146
HG00272	EUR	EUR	0	0	1e-4	0	0.9999	-2.1869	5.9892	5.5679	8.6879	7.1038	8.7668	-0.6621	0.7078	1.8204	-1.0996
HG04107	SAS	SAS	0	0	0	1	0	0.7516	-7.8862	-19.7683	-6.4714	0.5156	-1.6959	-3.9275	5.1	-0.1936	-0.7328
HG01054	AMR	AMR	0	0	0.9942	1e-4	0.0057	4.2365	5.5532	7.5903	-0.2879	1.0772	-0.9242	-5.095	3.1575	3.0357	0.983
NA18644	EAS	EAS	1	0	0	0	0	-7.1554	-43.5988	2.726	7.5274	2.2494	0.337	-2.1758	1.1483	-1.8069	-3.9375
NA18595	EAS	EAS	1	0	0	0	0	-9.361	-41.8483	2.7798	7.7537	-5.1694	-1.4713	-4.673	2.1081	-4.0349	-6.1565
NA20770	EUR	EUR	0	0	0.0086	0	0.9914	0.9333	12.9253	3.1461	8.1462	-0.0574	-8.7774	-2.6966	3.4294	-5.5311	-3.1174
NA20887	SAS	SAS	0	0	0	1	0	1.3556	-6.1354	-15.4004	-2.7172	2.1742	-5.0116	-0.0662	2.5854	-2.7322	-1.0771
HG01486	AMR	AMR	0	0.0025	0.9975	0	0	-1.1106	-2.1957	13.4205	-10.7484	1.1497	-3.112	-2.546	6.4362	-4.627	-1.0511
HG00629	EAS	EAS	1	0	0	0	0	-7.6538	-44.694	3.1269	7.4218	1.7575	-3.1249	-2.7358	4.6931	-5.0281	0.7324
HG02953	AFR	AFR	0	0.9999	1e-4	0	0	62.7269	-17.2785	1.7142	0.7506	2.0293	-3.0641	-5.5796	8.1048	-3.1516	-1.6611
HG04106	SAS	SAS	0	0	0	1	0	1.945	-8.4882	-20.2158	-5.9739	1.7503	-0.3349	-1.8576	6.8611	1.1899	0.1533
NA19024	AFR	AFR	0	1	0	0	0	60.1201	-16.808	-1.777	0.8358	0.2412	-2.095	-4.7946	3.3386	0.2685	-2.6218
NA18612	EAS	EAS	1	0	0	0	0	-5.1674	-42.6892	4.1114	6.7614	-5.6766	-4.6277	-2.9324	3.8008	0.1166	-1.5584
HG01101	AMR	AMR	0	0.0035	0.9965	0	0	9.3288	1.7123	7.0329	0.5656	3.6277	-9.2831	-3.3771	3.2046	-2.3362	2.2904
HG01989	AFR	AFR	0	0.9989	0.0011	0	0	52.3898	-13.3539	1.3186	3.7279	1.4977	-2.7444	-2.9892	4.6948	-1.2776	-1.5675
HG03702	SAS	SAS	0	0	0	1	0	2.7217	-6.789	-17.3051	-3.4647	-0.6666	0.2718	-2.1027	9.5155	0.2486	-2.6436
HG02577	AFR	AFR	0	0.9994	6e-4	0	0	51.1772	-9.7733	1.6338	2.2457	-0.1532	-4.0733	-1.8203	5.4425	-2.3589	-1.1102
HG02793	SAS	SAS	0	0	0	1	0	3.6254	-5.8518	-19.9383	-4.284	1.3455	-0.4449	-1.3943	4.9411	0.4357	-6.2103
HG03812	SAS	SAS	0	0	0	1	0	1.8005	-12.6003	-17.4405	-1.9833	6.2847	-5.6315	-5.4705	8.5625	4.3391	-3.6268
HG00145	EUR	EUR	0	0	0.0096	0	0.9904	-0.2058	12.9112	4.7325	9.3692	1.7842	-3.6059	-3.3408	6.2256	-0.5891	-6.4524
NA18530	EAS	EAS	1	0	0	0	0	-7.1945	-44.904	2.7281	5.9441	-4.0133	-0.8315	-2.128	5.9069	-0.6091	-4.4046
HG03088	AFR	AFR	0	1	0	0	0	62.1674	-16.8075	0.2354	0.5783	1.6886	-3.535	0.7311	6.1861	-2.3217	0.13
NA19007	EAS	EAS	1	0	0	0	0	-7.8425	-42.947	2.4632	6.5595	-5.7641	-5.386	-5.7479	5.5064	3.8686	-2.1842
HG02462	AFR	AFR	0	0.9998	2e-4	0	0	59.5504	-15.7866	0.5265	0.8501	1.1728	-2.4058	-0.0043	9.8822	-1.5982	-0.7335
HG01571	AMR	AMR	0	3e-4	0.9997	0	0	-6.1776	-12.7892	16.5054	-23.9976	4.0453	-2.5834	-7.807	9.8471	1.0355	0.4021
HG02224	EUR	EUR	0	0	0.1189	0	0.8811	-0.1999	13.0776	5.655	9.5012	3.4709	-4.5145	-1.6498	1.9251	-2.005	-1.4995
HG01816	EAS	EAS	1	0	0	0	0	-7.3518	-44.1138	2.2537	9.8799	6.376	-4.4704	-1.8266	4.3847	-3.1899	-2.8622
NA18749	EAS	EAS	1	0	0	0	0	-8.2547	-43.8108	1.8904	5.9733	-0.4736	-3.687	-2.9111	4.1564	-1.6427	-1.332
HG02081	EAS	EAS	1	0	0	0	0	-8.7659	-43.4352	0.0971	8.0821	9.3177	-4.0793	-1.8635	7.4651	1.7669	-2.0876
HG03085	AFR	AFR	0	1	0	0	0	64.4311	-16.8351	-0.5283	0.296	1.315	-3.6148	0.7422	4.591	-1.2684	-3.3624
HG02582	AFR	AFR	0	0.9997	3e-4	0	0	62.1265	-17.4	1.2493	1.8087	2.8678	-3.9239	-0.8885	5.0123	-3.8884	-1.5075
NA18565	EAS	EAS	1	0	0	0	0	-7.7044	-45.1828	3.8241	6.9732	3.1734	-3.5636	-4.7564	-0.2954	-6.2154	-0.9071
HG01507	AMR	EUR	0	0	0.5899	0	0.41	1.4112	10.9531	6.1568	9.6812	2.052	-8.2946	-3.0928	3.6679	1.221	0.8972
HG02597	SAS	SAS	0	0	0	1	0	0.8256	-0.1156	-13.3226	-2.7563	-1.5772	-3.6888	-5.5243	2.1072	-2.1731	-0.1026
HG01988	AFR	AFR	0	0.777	0.223	0	0	33.9116	-2.4683	4.0633	3.5034	3.0219	-1.8132	-1.6322	6.4043	1.2993	-1.4842
NA19431	AFR	AFR	0	0.9986	0.0014	0	0	59.0603	-17.5147	-0.6937	-0.0386	5.7636	-1.9428	-6.0391	1.3474	-2.4348	-0.5024
NA18539	EAS	EAS	1	0	0	0	0	-7.9918	-44.3726	3.7713	7.23	-3.815	-2.0907	-7.1767	2.5075	-3.131	-0.5255
HG03401	AFR	AFR	0	1	0	0	0	62.8615	-18.6387	0.4621	0.5034	2.1235	-0.6035	-0.9002	8.5168	-1.5535	-2.8862
HG03775	SAS	SAS	0	0	0	1	0	1.4621	-7.1104	-20.1491	-4.573	1.4144	-6.4224	-8.5318	3.6453	1.8245	-3.3426
NA19777	AMR	AMR	0	0.0214	0.9786	0	0	3.952	-6.9837	11.7751	-11.4751	4.5928	0.4941	-3.1762	-0.1966	-0.1836	-4.17
HG03294	AFR	AFR	0	1	0	0	0	61.5705	-18.0478	-2.0189	1.6869	1.5539	-1.1966	-3.9501	3.2933	-0.0054	-1.6926
NA19393	AFR	AFR	0	1	0	0	0	60.8207	-16.9272	0.4672	2.7481	1.8946	-1.7057	-2.7013	-0.0817	-0.1436	-2.6793
NA18534	EAS	EAS	1	0	0	0	0	-6.2542	-44.0603	3.3414	6.9224	-2.5567	-1.7347	-1.5424	2.3044	-2.254	2.3413
HG04100	SAS	SAS	0	0	0	1	0	2.999	-7.9973	-18.2207	-6.7568	-0.6234	-5.0801	-2.9397	4.8028	-6.8505	-0.5596
HG00634	EAS	EAS	1	0	0	0	0	-6.203	-46.0491	1.0986	7.6188	1.0208	-2.9563	-3.8562	6.8102	-2.7233	-4.3298
HG00369	EUR	EUR	0	0	0	0	0.9999	-2.8391	9.0001	3.8602	8.2468	4.3276	8.6208	-1.1624	2.4071	-0.8792	4.4343
HG01918	AMR	AMR	0	3e-4	0.9997	0	0	-6.4044	-17.8216	22.4768	-28.6942	4.0922	-3.7544	-2.5885	4.9798	-1.9875	-0.9531
HG03224	AFR	AFR	0	0.9998	2e-4	0	0	62.5782	-17.3072	1.6908	1.3456	0.9164	-2.2916	-2.3127	2.6834	-0.1285	-0.5796
NA12842	EUR	EUR	0	0	0.0662	0	0.9338	-0.8174	13.1783	4.8289	10.6538	3.6758	-3.1529	-1.9464	4.1309	-2.3492	-2.1925
NA21091	SAS	SAS	0	0	0	1	0	2.114	-4.2957	-20.2387	-4.2966	2.5617	-3.1046	-6.9161	5.9743	1.832	-1.5588
HG03577	AFR	AFR	0	0.9997	3e-4	0	0	63.139	-16.7658	-0.8105	1.4335	-0.5173	-3.1008	-0.4331	5.3071	1.1413	-0.2875
HG00436	EAS	EAS	1	0	0	0	0	-7.3117	-44.2093	2.6143	8.3714	2.4846	-4.5725	-1.3978	4.3928	-1.9018	-2.7191
HG03874	SAS	SAS	0	0	0	1	0	1.3416	-7.2107	-18.8037	-2.2024	2.228	-4.3243	-2.3594	5.8277	-2.667	-4.7017
HG02621	AFR	AFR	0	0.998	0.002	0	0	61.5336	-16.9207	0.259	1.858	0.2138	-2.2604	-0.8091	6.3863	-3.4476	-2.9503
HG04229	SAS	SAS	0	0	0	1	0	2.3609	-8.9399	-18.6906	-4.8404	4.5001	-1.2507	-2.0924	3.7974	-0.9697	-0.4932
HG03689	SAS	SAS	0	0	0	1	0	0.3171	-8.6176	-19.4906	-5.6376	0.0972	-1.1158	-4.4925	5.973	0.2177	-2.0037
HG00982	EAS	EAS	1	0	0	0	0	-8.0237	-43.2199	1.2957	8.1645	8.7159	-5.4463	-1.5509	3.5649	2.7191	-0.6499
HG02053	AFR	AFR	0	1	0	0	0	57.1918	-16.3697	0.0987	3.5279	1.2611	-3.5583	-3.3717	2.1795	1.208	-1.6017
NA18608	EAS	EAS	1	0	0	0	0	-9.598	-42.0247	3.9652	6.8555	-2.9324	0.3068	-3.7649	5.0833	-0.228	-0.3945
NA18596	EAS	EAS	1	0	0	0	0	-9.2384	-44.1717	3.0032	8.2823	0.2383	-2.7182	0.6647	5.1019	-2.45	-0.5358
HG00614	EAS	EAS	1	0	0	0	0	-6.0069	-43.333	2.4902	8.1828	0.5576	0.3909	-4.2058	6.783	-0.8885	-4.5241
NA20299	AFR	AFR	0	0.9557	0.0443	0	0	23.8621	-17.54	10.2346	-14.4202	-3.6111	-0.2378	-2.0816	7.27	-0.4591	1.4272
HG01173	AMR	AMR	0	1e-4	0.9919	4e-4	0.0076	4.6594	6.4825	5.1123	4.7055	2.4513	-9.8534	-1.5328	4.7546	1.2453	-6.2364
NA20859	SAS	SAS	0	0	0	1	0	0.7745	-5.2918	-19.5019	-3.6867	4.937	-3.5368	-4.1641	8.8076	-1.6449	-2.8583
HG01119	AMR	AMR	0	1e-4	0.5526	0.0013	0.446	0.6465	8.2719	6.3815	1.3784	2.3027	-4.3959	5.145	3.7142	1.2384	4.6077
HG00380	EUR	EUR	0	0	0.0012	0	0.9988	0.1529	11.2029	5.7475	7.5278	2.771	3.4577	-6.1879	5.5873	-2.5862	1.3005
HG01953	AMR	AMR	0	0.0058	0.9942	0	0	-6.7352	-21.3667	22.155	-34.8344	1.9595	-4.9631	-3.9722	6.1836	1.0689	-4.7233
NA20819	EUR	EUR	0	0	1e-4	0	0.9999	0.9184	10.9226	5.6255	9.2836	3.7833	-7.4911	-10.169	0.8077	-3.5706	-2.0079
HG02064	EAS	EAS	1	0	0	0	0	-7.9937	-43.2367	1.2327	7.0596	6.1779	-4.8448	-5.7843	3.8909	1.0636	-3.4023
NA19184	AFR	AFR	0	1	0	0	0	62.3618	-18.7043	0.1905	0.3021	1.256	-2.9879	-5.9273	4.9257	-1.6475	-2.5694
HG02265	AMR	AMR	0	0	1	0	0	-7.3699	-21.0686	23.738	-36.7951	4.2738	-2.692	-3.7286	3.3026	-2.0209	-6.8698
HG04239	SAS	SAS	0	0	0	1	0	2.4436	-8.9714	-20.3944	-4.2478	-0.4064	-4.2903	-4.8756	0.1913	-2.8646	-2.1589
HG00349	EUR	EUR	0	0	0	0	1	-1.9135	8.6115	4.9753	8.5612	3.0525	7.8328	-9.7438	3.6538	1.1407	-0.0824
HG02808	AFR	AFR	0	0.999	0.001	0	0	61.4165	-16.7496	-0.072	2.0465	-0.1012	-2.7382	-2.5785	4.5029	-3.9766	-3.7033
HG03111	AFR	AFR	0	0.9994	6e-4	0	0	62.4565	-18.4754	0.6519	1.1105	1.7088	-1.2989	-7.5335	4.8487	-1.613	-1.7684
HG03049	AFR	AFR	0	1	0	0	0	60.9709	-17.1851	0.5088	2.0993	1.4294	-0.4057	-0.9656	7.5163	-1.519	0.6439
HG00583	EAS	EAS	1	0	0	0	0	-6.8442	-45.4147	2.1641	7.3321	3.3122	-1.0078	-0.417	4.4021	-4.2087	-3.2877
HG00268	EUR	EUR	0	0	8e-4	0	0.9992	0.1582	8.9303	5.1669	6.8678	6.3881	4.6217	-1.5826	4.5262	0.8026	-2.4178
NA18971	EAS	EAS	1	0	0	0	0	-8.9565	-44.439	3.8317	4.5917	-6.6235	-1.6682	-4.2401	6.6496	0.7768	-5.9147
NA19093	AFR	AFR	0	1	0	0	0	63.3559	-17.1795	4e-4	2.62	0.8149	0.7965	-3.1955	3.115	-1.1415	-0.5196
NA11919	EUR	EUR	0	0	0.0019	0	0.9981	0.602	14.0515	5.8566	7.3681	4.66	-2.7727	-11.6962	3.4187	1.939	-0.151
HG01437	EUR	AMR	0	0	0.0349	0	0.9651	0.9108	8.3694	5.694	3.7952	-2.4883	-5.6363	-4.887	9.4604	-4.2283	2.157
NA20359	AFR	AFR	0	0.9982	0.0018	0	0	48.2231	-11.073	1.4078	1.7362	6.7452	-1.1891	1.3903	2.932	-4.264	0.008
NA19334	AFR	AFR	0	0.9996	4e-4	0	0	60.2547	-16.975	-1.4761	2.1149	6.3568	-4.574	-5.9114	-1.4895	-2.6046	1.6052
NA21123	SAS	SAS	0	0	0	1	0	1.2926	-5.0145	-18.8793	-4.5322	1.7547	-2.8604	-4.9018	6.7912	-0.6262	-1.438
NA12760	EUR	EUR	0	0	0.0042	0	0.9958	0.6952	12.791	4.5644	9.79	2.8635	1.0981	-4.3237	3.0505	1.8573	0.7467
HG01374	AMR	AMR	0	0	1	0	0	-1.5781	4.1523	11.2992	-3.8751	4.6705	-6.7953	-1.7923	5.8318	-4.2032	-4.2691
HG00596	EAS	EAS	1	0	0	0	0	-7.35	-46.0543	0.9544	6.8244	0.652	-0.7053	-2.5142	5.4225	-0.7855	0.3468
NA19452	AFR	AFR	0	1	0	0	0	58.6329	-16.675	-0.5981	1.8502	5.2958	-2.997	-5.3994	1.3302	-0.1054	-0.6692
HG02852	AFR	AFR	0	0.9997	3e-4	0	0	60.7889	-17.1954	-0.9816	1.7338	0.9086	-2.1262	2.6183	5.8332	-2.5165	-2.629
HG01092	AMR	AMR	0	0	0.9674	2e-4	0.0324	16.7745	1.0173	6.2431	1.9603	1.9745	-5.9894	-2.5489	4.7985	0.8093	-2.1215
HG03885	SAS	SAS	0	0	0	1	0	1.6043	-7.2557	-20.7569	-6.6151	-0.4143	-0.6404	1.5281	1.5862	-1.2858	-0.6767
NA20801	EUR	EUR	0	0	0.0169	0	0.9831	1.5688	13.8492	5.5546	10.5186	1.745	-9.0092	-7.3586	2.1263	-2.886	0.2529
HG03945	SAS	SAS	0	0	0	1	0	1.5858	-8.4018	-19.7989	-4.8705	1.8302	0.2558	-0.5192	-1.191	-0.3307	-3.0647
HG02408	EAS	EAS	1	0	0	0	0	-6.5855	-42.446	1.0668	7.9414	8.5321	-1.3525	-4.6269	4.6827	-3.4423	-0.6827
HG00315	EUR	EUR	0	0	2e-4	0	0.9998	-0.4366	7.0755	3.8325	5.771	6.528	7.7104	-8.2719	7.2015	-3.0588	0.74
HG02409	EAS	EAS	1	0	0	0	0	-6.9636	-42.7895	1.6162	9.7063	6.1397	-7.584	-0.3823	3.0192	-1.34	0.243
HG01384	AMR	AMR	0	0	0.9939	1e-4	0.006	2.0428	1.1385	10.5213	-1.9236	1.0756	-3.8382	-5.3056	2.9099	-4.799	-3.501
HG01441	AMR	AMR	0	2e-4	0.9998	0	0	-1.0395	-4.7875	9.7716	-11.3267	2.8265	-5.6796	-6.8893	3.8581	-3.1332	-5.0616
HG01779	EUR	EUR	0	0	0.1186	0	0.8814	2.2884	12.8843	5.4661	11.3992	-1.2749	-8.6158	-4.2467	4.7705	1.1834	-2.8768
HG01632	EUR	EUR	0	0	0.3033	1e-4	0.6965	2.1513	12.7927	5.1755	10.6456	-0.9159	-7.2896	-5.0821	7.5661	-2.0586	-2.8111
HG02652	SAS	SAS	0	0	0	1	0	-0.1847	-1.9985	-13.6029	-4.2125	0.4876	-1.1695	-0.3038	7.2348	-2.946	-5.5144
NA20518	EUR	EUR	0	0	0.0024	0	0.9976	2.1408	11.5155	3.8735	7.304	1.807	-6.816	-5.1585	4.6686	-5.4264	1.8485
HG00956	EAS	EAS	1	0	0	0	0	-7.3069	-43.7878	1.7011	7.481	9.1024	-2.1225	-6.0561	5.811	-0.077	-3.9949
HG02048	EAS	EAS	1	0	0	0	0	-6.691	-43.3142	0.2203	7.728	7.2357	-4.1993	-0.9276	3.6525	-4.2066	-2.4993
HG02501	AFR	AFR	0	0.9949	0.0051	0	0	50.2263	-10.5935	0.9227	3.0534	-1.0146	-0.9035	-6.8947	3.3282	1.0327	2.255
HG03977	SAS	SAS	0	0	0	1	0	0.2823	-11.3013	-23.1362	-5.6976	2.8476	-2.6322	-2.0513	3.1363	0.4101	-0.934
NA18522	AFR	AFR	0	0.9998	2e-4	0	0	63.4177	-16.9963	0.4305	0.6905	2.251	-2.3196	-4.3974	7.305	0.1134	-2.0995
HG00136	EUR	EUR	0	0	0.006	0	0.994	0.5776	12.8316	5.9304	7.9583	6.1135	0.1635	-11.0775	6.7426	-4.4402	-2.6205
NA19085	EAS	EAS	1	0	0	0	0	-7.7256	-43.624	2.4346	3.151	-9.9229	-3.5141	-1.0496	-0.3317	1.7817	-4.612
HG00129	EUR	EUR	0	0	7e-4	0	0.9993	0.0991	14.0337	5.4341	8.6692	4.7476	-0.0415	0.5058	5.7272	2.2286	-5.5912
NA20868	SAS	SAS	0	0	0	1	0	0.8901	-5.8985	-19.5156	-8.1982	4.6734	-0.6185	-6.6347	5.5623	-4.2665	-1.0071
HG02561	AFR	AFR	0	1	0	0	0	60.9892	-16.5226	-1.4522	2.165	3.1713	-1.7859	-3.7991	5.7994	-3.0629	-1.7109
NA12234	EUR	EUR	0	0	0.0058	0	0.9942	-0.4592	12.7863	5.3682	10.545	3.8254	-0.4718	-0.8455	3.0174	-1.1147	-4.4147
HG03446	AFR	AFR	0	1	0	0	0	63.3452	-17.6384	0.9933	0.8376	0.8264	-2.9736	-3.4793	3.7669	-2.0211	2.693
HG03300	AFR	AFR	0	1	0	0	0	61.5475	-17.1168	0.4042	2.2487	1.7881	-2.7721	-5.5666	4.0591	-2.5074	-2.9335
NA18579	EAS	EAS	1	0	0	0	0	-6.6198	-43.6358	2.0554	7.0002	-2.9575	-2.4718	-5.1558	3.4583	-1.2263	-1.8109
NA20903	SAS	SAS	0	0	0	1	0	0.9597	-4.4747	-16.9439	-3.8144	1.4041	-5.3862	-8.3102	5.0502	-2.5825	-5.6769
HG03902	SAS	SAS	0	0	0	1	0	-0.0611	-10.292	-15.1949	-4.1665	1.0161	-2.1712	-4.382	4.0322	-5.6759	-3.053
HG01354	AMR	AMR	0	1e-4	0.9999	0	0	1.8146	8.7402	7.6183	0.7548	-0.2038	-6.6746	-1.7236	10.0481	-3.5769	-0.8944
NA19080	EAS	EAS	1	0	0	0	0	-7.9423	-43.6486	3.4239	7.4929	-7.0919	-3.3473	-3.3188	6.479	3.2443	-2.7298
HG04177	SAS	SAS	0	0	0	1	0	-0.2421	-9.635	-17.4116	-1.1212	1.2398	-3.7953	-6.2455	0.905	-0.3337	2.7335
NA20508	EUR	EUR	0	0	0.4679	1e-4	0.532	2.8245	12.4681	4.8053	9.0922	1.594	-7.1554	-7.3294	6.6995	-6.1725	-2.9292
HG03744	SAS	SAS	0	0	0	1	0	1.4872	-9.2011	-17.3799	-4.7701	4.9598	-4.0978	-2.7733	1.605	0.1661	-4.4799
NA19429	AFR	AFR	0	1	0	0	0	60.4246	-17.6432	-1.0673	0.921	3.4077	-3.5583	-6.2066	3.7544	0.9311	0.6082
HG00566	EAS	EAS	1	0	0	0	0	-7.8172	-43.4174	2.8976	8.1251	2.1953	-3.4095	-0.7196	6.7389	0.6175	-2.9752
HG03802	SAS	SAS	0	0	0	1	0	-0.8216	-11.6923	-17.6798	-2.1959	1.7077	-4.9494	-3.8011	5.4753	-3.3202	-5.9719
NA19374	AFR	AFR	0	0.9989	0.0011	0	0	59.6421	-16.4711	0.4773	3.1325	3.0666	-3.348	-6.4106	-1.9386	-0.9206	-1.2529
HG02391	EAS	EAS	1	0	0	0	0	-8.2525	-44.6716	1.0097	8.3893	9.9268	-4.6698	-4.6522	1.9149	-0.8681	-0.4741
HG01762	EUR	EUR	0	0	0.0095	0	0.9905	2.2995	12.6313	4.6763	9.7091	2.829	-6.8687	-1.7082	3.4228	-3.4376	-6.155
HG03779	SAS	SAS	0	0	0	1	0	0.6787	-7.9143	-19.7354	-4.0072	3.3523	-0.4663	-3.1081	4.3863	2.1291	-1.8831
HG02419	AFR	AFR	0	1	0	0	0	57.7809	-15.9065	-0.2377	1.6638	2.2721	-4.6082	-4.6594	4.3637	-2.2891	-1.0406
HG02427	AFR	AFR	0	0.9994	6e-4	0	0	56.4633	-14.7235	1.3931	1.8372	-1.0813	-2.3772	-6.8016	3.0331	-3.8057	0.0089
HG02010	AFR	AFR	0	0.9991	9e-4	0	0	53.3113	-12.0686	-0.024	4.0969	2.6228	0.0722	-7.9834	7.3824	-0.545	-1.1956
NA12812	EUR	EUR	0	0	0.1719	0	0.8281	-0.1184	13.0695	4.8488	10.0232	3.5266	-2.5986	-1.6112	4.72	-2.3135	-3.0836
HG02505	AFR	AFR	0	0.9976	0.0024	0	0	56.5394	-14.9857	1.7524	1.1694	3.2175	-4.1897	-5.6648	5.9997	0.9549	-2.3141
HG03055	AFR	AFR	0	1	0	0	0	61.9551	-17.3119	-0.022	0.142	3.2584	-3.9701	-3.3287	5.4772	-2.9903	-1.4877
HG03808	SAS	SAS	0	0	0	1	0	-0.5136	-13.1329	-14.8334	-4.3964	2.4549	-2.854	-4.9958	0.7796	-2.1406	0.2769
NA20753	EUR	EUR	0	0	0.0135	0	0.9865	0.2637	12.0642	5.7329	10.0385	-0.6482	-5.5866	-6.171	3.5273	-1.8156	2.3022
HG01936	AMR	AMR	0	0.005	0.995	0	0	-2.6545	-13.9932	18.6533	-22.911	2.0238	-4.3329	-2.88	2.5624	0.8804	-1.7866
NA19676	AMR	AMR	0	0	0.9203	5e-4	0.0793	0.8905	-0.0681	8.7586	-6.0055	0.0805	-1.7725	-6.5731	3.2151	-7.146	-0.1841
HG03619	SAS	SAS	0	0	0	1	0	1.0274	-1.0969	-10.0363	-1.5408	1.0913	-1.6826	-10.2142	8.6116	-2.0833	1.2852
HG03829	SAS	SAS	0	0	0	1	0	-0.5253	-12.7247	-16.9446	-3.9455	1.2492	-2.2487	-1.2263	5.8717	0.6977	-3.651
NA20758	EUR	EUR	0	0	0.0237	0	0.9763	2.3499	12.3484	3.4707	10.2396	-2.3154	-5.9561	-4.1349	-0.2038	-1.7529	2.9572
HG00358	EUR	EUR	0	0	4e-4	0	0.9996	-0.2458	6.0717	4.9952	9.6113	3.3204	8.6039	-3.2846	5.7397	-2.5758	1.4262
HG02140	EAS	EAS	1	0	0	0	0	-6.388	-41.8543	-0.0338	8.0538	4.0174	-5.3936	-5.2791	5.6705	-0.9031	-0.5068
NA19321	AFR	AFR	0	0.999	0.001	0	0	58.7166	-17.4234	-1.2568	2.2806	4.0214	-6.0153	-5.7593	0.4165	-2.471	-3.3431
NA19152	AFR	AFR	0	1	0	0	0	62.7765	-17.7596	-1.2827	0.9568	3.0611	-2.7157	-7.5296	3.0263	1.5197	-1.9443
NA12347	EUR	EUR	0	0	6e-4	0	0.9994	0.2308	11.0946	5.6272	8.531	1.0696	0.4251	-5.5655	7.1175	-2.0561	-4.4268
HG02700	SAS	SAS	0	0	0	1	0	1.9156	-2.507	-11.6421	-1.1477	3.0308	-1.5642	-1.9845	5.0772	-4.1363	-4.2258
HG04134	SAS	SAS	0	0	0	1	0	0.3047	-10.5387	-15.93	-5.0671	-1.0738	-5.8298	-5.4055	4.3678	-4.734	-0.0923
NA18947	EAS	EAS	1	0	0	0	0	-7.7056	-42.9633	2.3411	6.1319	-6.1488	-2.8833	-5.489	4.1627	-1.7929	2.4649
HG03857	SAS	SAS	0	0	0	1	0	1.3813	-9.3847	-20.1899	-3.9289	1.2401	0.6905	1.0577	3.552	0.9283	-0.8215
NA20803	EUR	EUR	0	0	0.0116	0	0.9884	1.3942	12.7217	5.015	9.2462	0.0344	-7.2185	-5.6764	5.2408	-5.1256	2.5153
NA20528	EUR	EUR	0	0	0.0249	0	0.9751	-0.8566	12.1845	4.798	8.4873	1.2425	-6.5445	-3.4454	2.6872	-0.8637	-2.1345
NA21124	SAS	SAS	0	0	0	1	0	-0.3921	-4.8701	-18.7457	-5.2408	0.9572	-6.4563	-7.1268	8.2265	-1.4335	-0.9426
NA19904	AFR	AFR	0	0.9934	0.0066	0	0	52.4368	-12.1627	0.5812	0.7945	-0.5732	-3.6316	-2.803	3.1119	-1.6158	-2.3188
NA19788	AMR	AMR	0	0.0025	0.9975	0	0	-0.1294	-13.5745	15.4623	-21.2937	-3.1786	-5.4492	-5.4375	3.6592	-4.935	3.6554
HG03755	SAS	SAS	0	0	0	1	0	2.1943	-8.1511	-18.36	-5.097	-0.739	-0.8583	3.4166	8.2573	-1.1625	-4.5917
NA20276	AFR	AFR	0	0.9999	1e-4	0	0	50.3153	-11.8836	0.457	1.838	-0.2845	-0.1088	-5.7481	6.8716	2.593	2.3238
NA19445	AFR	AFR	0	1	0	0	0	59.303	-16.1079	-1.0508	2.5166	3.3615	-4.0644	-5.2221	0.1512	-4.2082	-2.7778
NA18555	EAS	EAS	1	0	0	0	0	-6.5783	-43.3173	2.6381	7.4709	0.6132	-2.09	-3.2855	2.8669	-3.0326	-3.0945
HG03911	SAS	SAS	0	0	0	1	0	0.7496	-9.1673	-17.3658	-2.1847	0.5231	-1.8081	-0.6329	1.2069	-2.174	-1.4976
HG01248	AMR	AMR	0	0	0.6059	4e-4	0.3937	6.8896	5.2768	6.1276	2.5291	2.5091	-3.8283	-2.6848	11.6882	-0.8664	-0.3983
HG03898	SAS	SAS	0	0	0	1	0	1.7526	-9.0165	-19.2279	-3.2622	2.9957	-2.3774	-4.9388	3.2587	-4.096	-0.2721
NA20511	EUR	EUR	0	0	0.0196	0	0.9804	1.9189	12.7156	4.0679	7.4863	2.8074	-8.1393	-6.4021	4.8891	-3.1986	-0.4101
NA19185	AFR	AFR	0	1	0	0	0	62.9497	-18.1524	0.959	1.5041	1.472	-3.2913	-4.7571	3.1743	0.095	1.7443
HG00409	EAS	EAS	1	0	0	0	0	-7.9269	-46.4004	3.6392	7.393	4.7616	-2.2434	-1.6641	3.3466	-2.4889	-0.7745
NA19248	AFR	AFR	0	0.9999	1e-4	0	0	63.5491	-16.8479	0.2238	0.3857	2.0414	-6.3362	-3.9785	5.4961	-0.3553	-2.6382
NA21106	SAS	SAS	0	0	0	1	0	1.0958	-8.4348	-18.5124	-5.6669	1.8777	-4.4324	-8.527	7.4428	-3.5163	-2.3507
HG02882	AFR	AFR	0	0.9999	1e-4	0	0	60.6999	-16.8888	0.163	1.5953	1.8564	-3.1677	-1.8268	1.5412	-3.0819	0.7068
HG02661	SAS	SAS	0	0	0	1	0	1.43	-3.0106	-14.1565	-3.2204	3.1262	-1.1624	0.1602	6.9402	-2.4557	-4.9103
HG03557	AFR	AFR	0	1	0	0	0	63.2448	-18.1257	0.0904	1.5782	3.4281	-1.2271	-2.2019	8.1095	-2.1253	-0.2466
HG03105	AFR	AFR	0	0.9999	1e-4	0	0	62.8131	-17.3731	-0.6422	0.3683	1.4604	-1.7888	-7.2776	5.329	-1.1129	-1.697
HG02390	EAS	EAS	1	0	0	0	0	-7.5866	-43.0065	0.9909	6.4115	7.1506	-5.123	-4.7847	3.3939	0.052	-4.7494
NA19474	AFR	AFR	0	0.9994	6e-4	0	0	58.7833	-17.3134	0.2481	0.5417	3.5707	-2.9656	-4.758	1.0405	-0.5074	-2.375
NA18933	AFR	AFR	0	1	0	0	0	63.5632	-18.7828	0.9796	1.7576	3.1709	-1.0096	-4.424	6.9098	-0.6076	-0.0979
HG03897	SAS	SAS	0	0	0	1	0	0.8646	-6.5665	-19.4219	-4.1994	0.5448	-5.7435	-1.8656	3.1395	0.1636	-1.8322
NA21086	SAS	SAS	0	0	0	1	0	0.1702	-6.0572	-18.6967	-5.4784	0.5658	-2.8032	-3.1512	8.0556	-5.6324	-1.2885
HG03455	AFR	AFR	0	1	0	0	0	62.2647	-19.4309	0.8514	2.1849	1.7953	-2.9763	-1.399	7.6246	-2.4558	-3.3784
HG01815	EAS	EAS	1	0	0	0	0	-5.924	-44.6335	1.4587	6.4184	8.9455	-4.0016	-5.0931	5.6981	-2.7635	1.0538
HG00103	EUR	EUR	0	0	0.0113	0	0.9887	0.2165	10.7132	5.7564	9.0136	4.6742	-0.2236	-3.6256	1.3545	1.5506	-3.3195
NA19762	AMR	AMR	0	7e-4	0.9993	0	0	0.0182	-13.696	16.6738	-20.9017	3.0655	-2.6737	-5.2421	3.6795	-8.8052	-1.77
NA18975	EAS	EAS	1	0	0	0	0	-9.5469	-42.4306	2.5435	6.3322	-3.153	-1.5715	-6.9676	1.6266	-0.0471	-1.5006
NA20346	AFR	AFR	0	1	0	0	0	51.8216	-12.9286	0.4567	3.3871000000000002	2.4605	-2.4666	-2.0198	6.7392	-2.6959	3.2196
NA18531	EAS	EAS	1	0	0	0	0	-8.636	-43.8545	2.3849	5.9182	-1.6276	3.4146	-4.5444	2.8018	-3.6409	1.2999
HG00108	EUR	EUR	0	0	0.012	0	0.988	-1.3093	11.5316	6.5383	8.3448	-0.4257	-1.7529	-7.6126	3.2159	1.3418	-3.0479
HG02026	EAS	EAS	1	0	0	0	0	-8.24	-43.3405	2.4104	8.3111	9.3853	-6.1992	-6.413	4.3439	-3.7764	-1.7541
HG03947	SAS	SAS	0	0	0	1	0	0.9982	-7.9715	-19.0345	-5.1221	0.97	-0.2731	-6.5336	5.2477	-3.8055	0.7501
HG02491	SAS	SAS	0	0	0	1	0	0.3927	-4.634	-15.8362	-4.0685	1.7146	-3.2354	-3.9021	5.2017	0.5105	-2.9845
NA19060	EAS	EAS	1	0	0	0	0	-7.8149	-42.4277	4.5422	4.3828	-4.7183	-1.2179	-1.7739	4.5549	1.5238	-2.2164
HG02317	AFR	AFR	0	0.9997	3e-4	0	0	58.16	-15.2284	-1.1347	2.3712	3.287	-3.0573	-2.6851	2.076	3.4217	-1.8726
HG04225	SAS	SAS	0	0	0	1	0	-0.0284	-7.1195	-18.82	-4.3013	0.4212	-4.3627	-10.1537	-0.5729	-3.871	-3.5119
HG02855	AFR	AFR	0	1	0	0	0	60.6867	-17.481	-0.462	1.2718	0.323	-3.6103	1.4317	3.8846	0.3196	-0.2862
HG01531	EUR	EUR	0	0	0.0353	0	0.9647	1.9899	12.2527	3.8351	7.8476	2.3778	-6.4888	-0.646	6.5146	-1.3274	0.4475
NA20822	AMR	EUR	0	0	0.7978	0	0.2022	2.5905	13.1676	6.8956	9.3641	1.404	-8.9322	-5.889	4.3744	-2.6128	0.3263
HG03985	SAS	SAS	0	0	0	1	0	1.1325	-10.9328	-21.5854	-5.1302	2.0713	-2.6247	-5.0187	5.3034	-2.3036	-10.6649
HG03920	SAS	SAS	0	0	0	1	0	-0.5744	-9.3436	-16.7177	-3.0339	2.0772	-2.6591	-2.8928	6.3953	-0.9524	-2.293
HG00139	EUR	EUR	0	0	0.0022	0	0.9978	1.1298	12.7009	6.3595	10.3831	0.315	-1.5503	-6.5558	1.8449	1.2217	-4.0095
HG04026	SAS	SAS	0	0	0	1	0	2.7881	-8.7925	-23.577	-5.8589	4.1677	-3.937	-0.9368	5.4301	-2.5896	2.6379
HG00650	EAS	EAS	1	0	0	0	0	-7.9916	-44.1766	2.8876	6.5413	6.601	-1.9759	-1.5634	4.2581	-2.8626	-2.7603
HG00623	EAS	EAS	1	0	0	0	0	-6.7232	-44.9863	2.4653	5.3425	3.1264	-4.8217	1.8266	6.9391	-2.1227	-3.9362
HG01468	AMR	AMR	0	0.0014	0.9978	8e-4	0	0.4427	4.7074	7.9632	-0.0558	3.8975	-5.1708	-1.6581	8.3781	1.1545	-2.8535
NA19317	AFR	AFR	0	1	0	0	0	60.5135	-17.2454	-0.1607	1.8984	0.8706	-4.1643	-5.2763	0.2224	0.9261	0.0067
HG01125	AMR	AMR	0	0.013	0.987	0	0	5.3986	0.3459	7.9891	-6.1314	1.8982	-3.7246	-3.2711	4.4266	4.6695	-1.0242
HG00111	EUR	EUR	0	0	0.0063	0.0045	0.9892	0.1001	12.9626	4.0109	5.3687	3.0782	1.8077	-7.3792	7.599	0.6911	-0.6575
NA21115	SAS	SAS	0	0	0	1	0	0.1716	-5.2587	-19.9391	-5.3972	1.73	-1.1307	-5.5601	5.673	0.2314	-0.4392
HG01675	EUR	EUR	0	0	0.0629	0	0.937	-0.3635	13.2673	5.8903	9.1581	-0.2759	-3.3951	-0.6941	3.472	-1.9575	-4.8643
HG01878	EAS	EAS	1	0	0	0	0	-7.5752	-41.612	-1.546	7.0287	6.3734	-3.4593	-3.5203	3.794	-0.5941	-1.4004
HG03291	AFR	AFR	0	0.9996	4e-4	0	0	62.7963	-19.5346	0.3482	0.4974	0.9316	-1.5752	-3.3908	4.4047	-0.8045	-1.9101
NA19113	AFR	AFR	0	0.9999	1e-4	0	0	62.9862	-18.0106	-0.8852	1.6271	-0.0669	-3.373	-3.0058	5.2447	-0.9687	-1.153
NA20527	EUR	EUR	0	0	0.0178	0	0.9822	1.0837	13.2913	3.922	7.5284	2.0628	-6.5634	-3.4713	4.1758	-0.75	-0.984
HG01378	AMR	AMR	0	0.0106	0.9894	0	0	0.9734	-4.6052	11.8655	-8.5067	1.0593	-3.5463	-2.0405	0.8237	-1.9257	-3.3788
HG03520	AFR	AFR	0	0.9999	1e-4	0	0	61.7648	-18.49	-0.7444	1.3461	1.1241	-4.0556	-2.1596	5.9973	-1.1491	-2.1615
NA19092	AFR	AFR	0	1	0	0	0	63.4676	-17.8002	0.559	1.467	3.0653	1.0557	-5.8816	8.3336	0.787	-2.6269
HG03887	SAS	SAS	0	0	0	1	0	1.7459	-8.0482	-20.3727	-6.3672	1.0603	-0.598	-4.5661	3.0276	2.2316	5.5108
HG01082	AMR	AMR	0	0.0023	0.9977	0	0	12.6602	0.3087	7.9282	0.1975	-0.4468	-3.6603	-2.2461	2.3002	0.5486	-0.5824
NA19455	AFR	AFR	0	0.9999	1e-4	0	0	58.9642	-17.2281	0.3537	2.2649	2.8703	-4.0961	-8.7854	0.9635	-1.1486	-4.2556
NA11930	EUR	EUR	0	0	5e-4	0	0.9995	0.8147	10.4966	3.8985	9.0204	1.8176	2.1002	-4.2254	3.3936	1.4464	-3.2603
HG03225	AFR	AFR	0	1	0	0	0	63.5511	-17.1508	-0.5937	1.3825	0.2219	-2.7667	-1.542	5.6379	-1.9508	1.654
HG02144	AFR	AFR	0	0.9998	2e-4	0	0	57.2241	-16.3064	-0.3485	2.8176	3.887	-2.4317	-2.5363	6.6911	-0.7078	-3.6911
HG00675	EAS	EAS	1	0	0	0	0	-8.2438	-45.4748	1.3348	8.2239	1.7879	-4.4038	-4.1823	5.0437	-2.221	0.8512
HG03708	SAS	SAS	0	0	0	1	0	-0.6376	-6.5925	-15.9882	-3.4513	-1.5389	-2.8594	-7.9571	8.6661	-1.8517	-2.9173
NA19001	EAS	EAS	1	0	0	0	0	-6.6316	-43.2024	4.8723	5.2768	-8.8058	-3.2805	-1.5919	8.1699	-0.5844	-3.5417
HG02681	SAS	SAS	0	0	0	1	0	0.6388	-1.9333	-13.2636	-2.167	2.4081	-3.5591	-2.8879	5.452	2.4028	-1.6318
NA19017	AFR	AFR	0	0.9999	1e-4	0	0	61.065	-18.6044	0.2507	0.9893	4.9483	-2.3328	-7.0112	2.7153	-1.5112	-1.5176
HG03267	AFR	AFR	0	0.9998	2e-4	0	0	63.2387	-18.7245	-0.371	1.0652	1.3325	-1.8442	-4.7266	6.0155	-3.1452	-2.4724
HG03717	SAS	SAS	0	0	0	1	0	2.7615	-8.5147	-23.1422	-5.6761	0.7411	-0.9486	-3.5003	3.5281	-2.4473	1.2937
HG03916	SAS	SAS	0	0	0	1	0	-0.3549	-10.5003	-18.51	-4.0481	3.412	-3.095	-5.6374	3.0703	-1.9525	-2.4631
HG02433	AFR	AFR	0	0.9998	2e-4	0	0	53.7792	-13.9686	0.3782	2.4477	4.6912	-0.0895	-5.2937	1.7245	-0.6368	-0.2895
HG01795	EAS	EAS	1	0	0	0	0	-6.735	-44.4082	1.1877	8.1143	8.5526	-3.756	-5.8572	1.9185	1.5499	-2.2884
NA18970	EAS	EAS	1	0	0	0	0	-7.3208	-43.9689	3.0986	7.3638	-7.2939	-4.629	-3.5134	4.8555	-1.9814	-0.517
HG02946	AFR	AFR	0	1	0	0	0	62.3754	-18.585	-0.5832	0.9401	1.3698	-1.6367	-6.3111	4.8653	-2.208	-1.7
HG02471	AFR	AFR	0	0.9994	6e-4	0	0	58.2798	-15.9352	2.042	1.3061	4.5002	-1.3695	-3.9683	3.5783	-1.435	-2.1438
HG02260	AMR	AMR	0	2e-4	0.9998	0	0	-5.6127	-19.4748	20.9353	-33.002	3.2268	-0.8617	-2.5138	2.9116	-0.1919	-1.4177
HG01088	AMR	AMR	5e-4	0.0043	0.9949	1e-4	1e-4	9.7974	3.3143	7.3174	2.9124	4.9575	-3.6205	-3.2573	4.4352	-4.1065	1.3444
HG00345	EUR	EUR	0	0	0.0211	0	0.9789	-0.6073	8.5858	6.3242	7.1614	-1.5305	4.9608	-2.4819	4.3715	-0.2857	-5.9414
NA06985	EUR	EUR	0	0	0.0096	0	0.9904	0.4013	13.4683	5.9347	8.8493	0.9561	-4.7354	-6.6758	7.3546	1.6024	-1.0403
HG00690	EAS	EAS	1	0	0	0	0	-8.0363	-44.0024	2.1778	6.6755	-0.8572	0.1135	-7.0155	3.1937	-1.946	-5.0767
HG03894	SAS	SAS	0	0	0	1	0	3.1109	-9.113	-21.2771	-3.0968	5.3243	0.30620000000000003	-2.1214	5.5967	-1.3647	-2.6552
HG00353	EUR	EUR	1e-4	0	0.0489	0	0.951	-2.3432	8.5153	6.5165	9.4889	3.2364	5.616	-5.0581	2.0739	-4.456	0.3944
NA19315	AFR	AFR	0	0.9999	1e-4	0	0	58.396	-15.3864	-0.6038	2.5449	4.7151	-1.8405	-4.0824	0.4417	0.9433	-0.7568
NA12400	EUR	EUR	0	0	0.1568	0	0.8432	0.257	13.5871	4.7366	9.1017	5.1496	-1.5891	-5.7576	5.6916	-1.0375	-1.5077
NA19982	AFR	AFR	0	0.9994	6e-4	0	0	52.9612	-13.0777	1.2182	2.4488	0.5364	-0.8748	-6.9226	8.2559	-0.7842	-0.8398
HG02769	AFR	AFR	0	1	0	0	0	60.4096	-16.9513	-0.6735	0.5435	-1.3504	0.2434	1.4943	9.249	0.2971	1.2879
HG03793	SAS	SAS	0	0	0	1	0	1.1709	-10.8244	-20.5697	-4.0908	3.95	-6.389	-0.6855	5.0288	3.5056	-0.773
NA18633	EAS	EAS	1	0	0	0	0	-7.622	-45.7678	3.5514	6.0185	-2.4331	-3.2007	-3.4574	4.0989	0.5374	-4.858
NA19247	AFR	AFR	0	0.9999	1e-4	0	0	62.4292	-18.7634	0.0169	3.3503	2.455	-1.7445	-4.2126	2.7769	3.3764	-3.1747
HG04159	SAS	SAS	0	0	0	1	0	0.9406	-11.8138	-15.8808	-3.4648	4.7047	-3.0736	-4.1861	3.047	-1.391	3.1251
NA18980	EAS	EAS	1	0	0	0	0	-7.5244	-41.3816	2.074	2.927	-7.5091	-0.9597	-3.6362	7.0975	0.1509	0.052
HG02685	SAS	SAS	0	0	0	1	0	1.4038	-6.8539	-17.9477	-4.0489	2.7352	0.4833	-6.22	3.7067	-0.9801	-5.8101
NA20351	AFR	AFR	0	0.9954	0.0046	0	0	43.721	-8.5107	1.7245	3.8143	0.7593	-3.0801	-4.6795	0.5738	-4.4477	-2.2984
HG00290	EUR	EUR	0	0	0.001	0	0.999	-1.3658	6.469	4.6315	8.3331	6.3136	7.4218	-4.2613	3.9585	-4.9662	0.232
NA20282	AFR	AFR	0	0.9996	4e-4	0	0	44.9562	-10.0304	0.617	3.5534	-0.6603	-3.0181	-2.2141	4.9665	-3.5703	-0.9984
NA19153	AFR	AFR	0	1	0	0	0	62.7094	-16.9782	0.6827	2.1022	2.2016	-1.7466	-5.1614	6.8312	-1.0977	1.3918
NA12718	EUR	EUR	0	0	0.0029	0	0.9971	-0.667	13.1514	5.7078	8.4408	-0.1691	-1.3725	-1.8435	5.9349	-3.1687	-2.6522
HG03646	SAS	SAS	0	0	0	1	0	1.1626	-8.8845	-18.2941	-5.1836	-3.7587	-4.6384	-3.8153	3.5143	0.5472	-4.8097
HG03485	AFR	AFR	0	1	0	0	0	62.9295	-18.0096	1.7715	2.5022	3.2073	-2.5055	-1.562	4.9603	-1.0056	-1.4055
HG00475	EAS	EAS	1	0	0	0	0	-8.773	-44.1572	3.1506	6.0239	0.56	-3.303	-0.1144	2.0528	-1.9641	0.0013
NA18982	EAS	EAS	0.9996	2e-4	2e-4	0	0	-7.2061	-42.1987	2.4044	4.4611	-5.8921	-1.4808	-2.635	5.6105	2.404	-2.4261
NA18591	EAS	EAS	1	0	0	0	0	-9.2156	-45.1699	4.3092	7.7418	2.145	0.1307	-1.9364	10.0267	-0.3162	-3.0066
HG00419	EAS	EAS	1	0	0	0	0	-7.7566	-45.2531	2.4015	6.0176	2.7833	-4.3086	-5.2367	3.4422	-3.3599	-3.1601
HG03478	AFR	AFR	0	1	0	0	0	63.2101	-16.7776	-0.0186	1.8871	1.2397	-0.1814	0.2896	3.5107	-0.8077	-1.2794
HG01060	AMR	AMR	1e-4	0.0017	0.8743	1e-4	0.1238	5.1664	5.0349	8.3336	2.9682	-0.548	-6.989	-3.5925	4.0795	-1.4438	-2.475
HG00851	EAS	EAS	1	0	0	0	0	-7.6935	-42.6497	1.9052	7.564	11.2199	0.2347	-0.9221	2.5874	0.7747	-5.6413
NA19003	EAS	EAS	1	0	0	0	0	-7.5494	-42.5511	2.765	5.9103	-7.9523	-4.7145	-3.7635	5.0176	0.2245	-0.4816
NA19223	AFR	AFR	0	0.9996	4e-4	0	0	62.8879	-17.7319	0.096	0.7582	3.6166	-2.7808	-4.9343	3.4613	-2.409	-2.9652
NA19088	EAS	EAS	1	0	0	0	0	-8.0129	-43.1712	2.3229	5.5623	-3.38	-6.9343	-3.5522	5.6218	-0.8455	-8.6405
NA19198	AFR	AFR	0	1	0	0	0	63.3838	-17.1206	0.4483	0.7698	2.3747	-3.5159	-4.4624	6.081	-1.4503	-0.9214
HG01668	EUR	EUR	0	0	0.0026	0	0.9974	4.3088	11.8336	3.832	10.2329	3.1948	-7.7396	-1.886	6.5438	0.0408	-2.6379
HG01075	AMR	AMR	0	0	0.8912	0	0.1088	6.9294	7.5738	4.8623	6.9434	0.3995	-7.8714	-2.6271	4.0014	0.9525	-2.574
HG03718	SAS	SAS	0	0	0	1	0	0.3171	-8.544	-21.4806	-6.2067	1.4383	-1.0876	3.4207	4.8716	2.6711	0.5383
HG02737	SAS	SAS	0	0	0	1	0	-0.0857	-1.0611	-11.2558	-2.5956	3.2525	-1.1578	-2.1799	7.5969	-2.8088	-6.4814
HG03202	AFR	AFR	0	0.9999	1e-4	0	0	62.8288	-18.239	-0.8774	1.3932	-0.089	-0.9436	-4.1024	1.6858	-1.5515	-3.9566
NA20897	SAS	SAS	0	0	0	1	0	1.306	-8.5568	-19.2315	-5.9644	-0.1829	-2.8563	-3.8682	4.8302	0.3754	-2.969
HG00346	EUR	EUR	0	0	0	0	1	-0.786	8.2721	5.7852	5.8267	1.5156	4.7518	-5.8747	1.6663	-9.2796	-5.1902
HG01775	EUR	EUR	0	0	0.0175	0	0.9825	1.0976	12.6767	5.3751	8.5428	3.6239	-3.7862	-1.7959	4.2019	-3.2888	0.0558
HG00269	EUR	EUR	0	0	1e-4	0	0.9999	-2.0861	9.212	4.7806	7.5205	2.5546	7.5624	-4.9556	9.2536	-4.8999	1.9008
HG01260	AMR	AMR	0	0.0178	0.9822	0	0	7.1567	-3.4507	11.0478	-5.1054	0.9997	-5.9782	-5.4225	4.2806	-1.5866	-4.3394
HG01052	AMR	AMR	0	0.0148	0.9852	0	0	13.1812	-1.0723	8.843	-1.4509	2.6768	-5.3539	-2.955	8.17	4.5236	1.1841
NA12340	EUR	EUR	0	0	0.0168	0	0.9831	1.7288	12.6574	4.3986	8.2747	-0.6552	-1.7558	-2.9814	6.3854	0.4216	-1.297
HG03836	SAS	SAS	0	0	0	1	0	2.1568	-8.9295	-19.0481	-4.6936	-0.7176	-2.8553	1.7259	-0.7253	0.2018	3.5231
HG03949	SAS	SAS	0	0	0	1	0	2.8061	-6.97	-19.6411	-4.6816	-0.1562	-2.6603	-5.9181	2.0116	-1.7219	2.8894
HG00437	EAS	EAS	1	0	0	0	0	-9.3514	-43.8499	2.069	8.2278	1.783	-3.8385	-3.2663	5.6985	-2.2036	-2.1919
HG01673	EUR	EUR	0	0	0.0011	0	0.9989	0.846	12.9447	4.9736	10.0566	-0.7944	-6.6446	-8.9139	4.9576	-2.8752	-3.811
NA19143	AFR	AFR	0	1	0	0	0	62.0333	-17.5766	0.2037	1.2933	0.4304	0.2141	-4.6786	7.6055	-1.3484	-1.265
HG03788	SAS	SAS	0	0	0	1	0	2.0986	-8.4676	-20.0287	-4.8852	2.8839	-2.3944	-3.7897	4.158	6.228	-3.9518
HG02682	SAS	SAS	0	2e-4	6e-4	0.999	1e-4	2.0055	-1.7032	-11.8135	-1.1272	0.0402	-4.9891	-4.8041	3.888	2.9643	3.706
NA11992	EUR	EUR	0	0	0.0078	0	0.9922	-0.5122	12.9346	5.7617	8.8568	-0.5447	-1.9208	-7.1228	3.933	0.217	0.8794
HG02141	EAS	EAS	1	0	0	0	0	-8.0382	-43.8458	-0.3211	7.9846	8.4708	-3.1068	-4.2004	5.4907	-3.0576	-0.2599
HG03950	SAS	SAS	0	0	0	1	0	1.9268	-8.7221	-20.0557	-4.9409	0.8598	-1.6459	-4.669	-0.5049	1.0508	-2.1762
NA12348	EUR	EUR	0	0	0.0427	0	0.9573	-0.8211	11.9736	6.2619	7.8236	1.6867	-4.6329	4.2342	2.8411	3.1091	-1.5155
NA19138	AFR	AFR	0	0.9999	1e-4	0	0	62.3674	-16.6209	-0.2458	0.9063	-0.096	-2.118	-5.6072	4.3371	-0.7279	0.5301
HG02536	AFR	AFR	0	0.9998	2e-4	0	0	51.2092	-12.1757	1.4525	2.5362	2.1623	-1.8353	-2.8598	2.3865	-2.738	-0.924
HG01885	AFR	AFR	0	0.9985	0.0015	0	0	58.5643	-16.9706	0.3987	2.4476	-0.6755	-2.0811	-6.6942	4.6359	-2.4016	-3.4973
HG03018	SAS	SAS	0	0	0	1	0	2.3976	-4.3421	-18.7729	-2.0207	4.427	-3.5115	-2.3538	1.0151	-1.72	-3.6067
NA20911	SAS	SAS	0	0	0	1	0	0.5435	-6.1618	-19.0027	-4.3175	5.4274	-0.2433	-8.1546	8.7819	-3.6234	0.0292
HG03821	SAS	SAS	0	0	0	1	0	0.6886	-10.555	-17.1542	-3.6168	2.3674	-2.7748	-2.0422	5.9907	-2.4722	-4.9077
NA20291	AFR	AFR	0	1	0	0	0	60.95	-15.7945	0.7808	1.6619	2.5001	-1.3596	-1.0256	3.6279	-3.373	-0.4754
HG00476	EAS	EAS	1	0	0	0	0	-8.8667	-45.2607	2.5326	7.3525	3.0137	-0.438	-3.892	4.7168	-1.5608	-4.5528
NA12489	EUR	EUR	0	0	0.0324	0	0.9676	-1.0393	14.2635	4.6089	8.9755	3.8012	4.2432	-3.9044	2.8798	2.657	-2.3023
NA18499	AFR	AFR	0	1	0	0	0	63.5267	-17.8823	-0.0955	1.4916	0.8821	0.6935	-4.6827	5.4594	-2.2957	-1.8785
HG02981	AFR	AFR	0	0.9987	0.0013	0	0	63.141	-17.6034	0.1993	0.602	1.6049	-0.569	-4.2668	7.4548	-0.761	-4.1501
HG04164	SAS	SAS	0	0	0	1	0	1.1109	-10.8657	-16.8612	-4.4601	0.6424	-1.0441	-9.9988	1.9534	-0.2604	-1.6148
NA19789	AMR	AMR	0	0.0044	0.9956	0	0	0.1752	-4.4087	10.8451	-10.3525	0.7192	-4.9225	-2.0674	4.2928	-2.1667	-2.8055
NA18941	EAS	EAS	1	0	0	0	0	-7.6613	-42.9565	2.9376	5.0582	-5.1004	-2.6838	-4.1741	2.2863	-5.2524	-0.3705
HG00384	EUR	EUR	0	0	0	0	1	-2.1066	9.4526	4.7341	7.6004	5.2007	9.8475	-2.2222	3.9335	-4.8872	2.4992
HG02009	AFR	AFR	0	0.9952	0.0048	0	0	53.6698	-11.7447	2.0732	2.9061	2.695	-2.451	-4.6311	3.6078	2.0419	-3.6715
NA20899	SAS	SAS	0	0	0	1	0	-0.1421	-4.8843	-18.9176	-6.0652	6.2766	-2.5488	-6.4599	5.5334	-1.8034	-3.948
HG03653	SAS	SAS	0	0	0	1	0	3.0732	-5.0755	-17.0315	-4.2833	2.5868	-2.1326	-0.3341	4.7967	0.1033	-1.5407
NA20875	SAS	SAS	0	0	0	1	0	-1.1093	-4.1844	-18.0003	-3.7485	4.5597	-4.2627	-9.0723	5.6265	-0.8739	-1.9792
HG02150	AMR	AMR	0	8e-4	0.9992	0	0	-9.3394	-22.6488	23.8809	-36.6927	5.8517	0.2248	0.5034	4.1111	-0.5222	-4.0145
NA19074	EAS	EAS	1	0	0	0	0	-7.9925	-42.91	2.9138	4.8862	-5.482	-1.2905	-2.3931	3.7057	-0.6054	0.7296
HG03846	SAS	SAS	0	0	0	1	0	1.673	-10.4962	-19.8555	-4.9976	0.2593	-1.5229	-4.3244	1.9777	-1.433	-4.0958
HG03692	SAS	SAS	0	0	0	1	0	0.8329	-10.1731	-20.582	-4.0302	6.6178	-5.7864	-3.3422	8.4384	5.2766	-2.6319
HG03989	SAS	SAS	0	0	0	1	0	2.3433	-7.9173	-19.5899	-5.7797	0.7815	-3.1746	-0.1676	3.5169	2.475	-2.6808
NA19384	AFR	AFR	0	0.9999	1e-4	0	0	59.969	-16.6612	-0.7206	0.5501	4.8604	-3.3616	-5.2169	1.811	-0.8395	-2.0962
HG01866	EAS	EAS	1	0	0	0	0	-6.7408	-43.0023	2.0712	7.6825	7.0391	-6.1329	-2.4908	5.1239	-2.7956	1.3322
HG04182	SAS	SAS	0	0	0	1	0	0.2514	-12.1325	-18.6022	-2.4475	1.6907	-4.6842	-2.7015	5.5347	-3.8404	-3.3503
HG01031	EAS	EAS	1	0	0	0	0	-7.472	-44.6788	0.8039	8.215	5.0493	-4.6706	-7.5629	4.8108	-1.0305	-0.9625
HG00537	EAS	EAS	1	0	0	0	0	-7.8466	-44.6223	2.6049	8.5856	-0.4828	-3.8951	-3.0222	5.6389	-1.6477	-2.6334
HG02840	AFR	AFR	0	1	0	0	0	61.2854	-15.1311	0.3494	1.8842	-0.1412	-2.5473	-1.9505	6.7387	-2.0116	-1.2958
HG02082	EAS	EAS	1	0	0	0	0	-6.8084	-43.7318	2.0065	8.2121	4.8566	-4.8135	-2.2972	6.6147	-0.9479	-4.5565
HG01850	EAS	EAS	1	0	0	0	0	-5.9103	-44.4045	2.2551	8.1533	3.5926	-3.3309	-6.8414	8.0174	-0.3802	-5.8657
NA18873	AFR	AFR	0	0.9991	9e-4	0	0	62.3752	-17.3221	-0.1034	2.029	3.3	-4.418	-6.2573	8.1316	-3.2127	-3.4933
HG01049	AMR	AMR	0	0.1247	0.8753	0	0	16.4098	-0.1842	7.5598	1.0644	4.6092	-4.7354	-3.275	4.3047	-1.5657	-0.0634
NA19461	AFR	AFR	0	0.9979	0.0021	0	0	59.6326	-16.3831	-1.5507	1.3366	0.8584	-1.3891	-6.637	1.3681	-2.0177	-1.9183
HG03160	AFR	AFR	0	1	0	0	0	62.5489	-18.2139	-1.0003	0.6494	0.0109	-1.1723	-5.1437	3.1917	-3.641	-2.7969
HG03514	AFR	AFR	0	0.9999	1e-4	0	0	63.6144	-17.6161	-0.5016	0.9004	3.0758	-2.0702	-3.1733	4.9174	3.2698	1.5859
NA18747	EAS	EAS	1	0	0	0	0	-6.8143	-43.6108	4.8359	6.8559	0.0422	-2.351	-2.557	0.9223	0.2593	-4.4704
NA19704	AFR	AFR	0	0.9998	2e-4	0	0	52.8846	-12.1307	-0.7079	0.7915	3.3381	-3.0953	-4.6643	2.877	-2.4334	-1.7161
HG03778	SAS	SAS	0	0	0	1	0	0.2108	-10.4555	-20.4816	-5.4252	2.0494	-2.9018	-8.5283	4.5335	-1.6715	0.4
HG04018	SAS	SAS	0	0	0	1	0	1.2668	-6.1734	-19.706	-3.1996000000000002	-0.4194	-3.6619	-2.2675	8.539	2.1292	-0.5788
NA20808	EUR	EUR	1e-4	1e-4	0.0971	0	0.9026	2.9132	11.6416	6.361	10.3136	-0.9276	-7.471	-10.7682	0.1465	0.1699	2.1505
HG01785	EUR	EUR	0	0	0.0046	0	0.9954	1.9031	12.9224	6.7379	8.6635	-0.7108	-2.5987	-5.6157	7.6219	3.3792	-0.6796
HG01051	AMR	AMR	0	0.0055	0.9945	0	0	12.8331	-1.1074	8.5228	-0.8764	2.7355	-3.2074	-1.6076	4.3583	2.1885	1.1317
NA21103	SAS	SAS	0	0	0	1	0	1.0775	-5.3198	-18.4385	-5.4141	4.1427	-5.8445	-6.8054	7.4064	-3.8835	-2.5025
NA19466	AFR	AFR	0	0.9998	2e-4	0	0	57.7312	-16.6715	-0.1397	1.0251	6.4898	-3.343	-5.1474	-0.0941	-0.4184	-2.177
HG04029	SAS	SAS	0	0	0	1	0	-0.873	-8.9293	-19.6666	-6.1431	3.3132	-1.7065	-3.2183	3.5833	1.1562	0.1978
NA19746	AMR	AMR	0	0.0014	0.9986	0	0	-2.3039	-13.6509	16.1136	-20.5719	0.1612	-1.0302	0.5813	1.7234	0.6924	0.1813
HG01746	EUR	EUR	1e-4	1e-4	0.0681	0	0.9318	0.2249	11.1832	4.8977	11.1253	2.1566	-3.8671	-3.5132	4.5193	-2.3986	-3.5792
NA07051	EUR	EUR	0	0	0.0026	0	0.9974	-0.3525	12.1237	5.1724	8.8708	3.3393	-0.385	-7.2278	10.7647	-0.4361	-2.9636
NA18577	EAS	EAS	1	0	0	0	0	-7.039	-44.6558	4.3205	6.1475	-4.2137	-3.1887	-0.6596	4.082	-3.1246	-1.9448
HG03815	SAS	SAS	0	0	0	1	0	-0.6964	-11.003	-15.2688	-2.1045	3.9146	-5.2132	-0.156	2.5789	3.2623	-0.9113
HG00277	EUR	EUR	0	0	0.027	0	0.973	-1.7153	11.5366	4.9052	8.3668	3.6175	2.9042	-5.0791	4.8153	-3.5718	0.9208
HG03238	SAS	SAS	0	0	0	1	0	1.3322	1.3184	-11.2813	-2.4943	0.0661	-2.2316	-1.8275	5.2343	3.3942	2.2013
HG04059	SAS	SAS	0	0	0	1	0	2.1782	-6.4224	-19.7355	-5.7178	2.9785	-8.2869	-4.4701	5.7895	-4.1451	-1.2809
HG01842	EAS	EAS	1	0	0	0	0	-7.9734	-42.5853	-0.3609	6.5549	5.3092	-2.269	-2.285	3.3185	-1.455	-0.7701
HG03914	SAS	SAS	0	0	0	1	0	0.9534	-11.9283	-15.7845	-4.5961	3.4871	-4.415	-4.6692	7.1444	4.5859	0.2507
HG03767	SAS	SAS	0	0	0	1	0	-0.0429	-0.5329	-12.3384	-1.9548	0.2764	-2.7851	-1.2028	3.1962	-3.0528	-4.47
HG02262	AMR	AMR	0	0.0067	0.9933	0	0	-6.6181	-17.6391	19.7323	-29.7918	0.4192	0.068	-3.7103	6.3811	0.625	-0.3416
HG03343	AFR	AFR	0	1	0	0	0	62.5142	-19.0569	-1.1488	1.9047	1.8771	-3.4325	-3.8829	1.734	-1.104	-1.5585
NA19900	AFR	AFR	0	0.9905	0.0095	0	0	50.1167	-11.8241	0.9756	1.5791	2.277	-3.1859	-3.4931	7.2253	-3.2324	-2.4337
HG03168	AFR	AFR	0	1	0	0	0	62.7096	-17.0764	-0.211	1.823	1.9652	-2.9223	-6.1594	7.2936	-0.0233	0.0323
HG01133	AMR	AMR	0	0	0.9991	0	9e-4	1.6909	6.011	6.7582	2.2141	3.9545	-5.6691	-4.7304	6.5477	-0.5136	-1.2496
HG01669	EUR	EUR	0	0	0.0039	0	0.9961	3.074	12.8402	4.4906	8.5501	2.7139	-1.8815	-4.4601	8.0575	0.9821	-0.74
HG02406	EAS	EAS	1	0	0	0	0	-8.807	-44.4581	1.4461	9.8766	11.138	-3.489	-3.6028	8.7007	-1.2251	1.1465
HG00739	EUR	AMR	0	0	0.0847	0	0.9153	2.7953	10.692	6.1859	6.5962	2.07	-4.5769	-5.7422	6.8402	1.6761	-7.1529
HG02420	AFR	AFR	0	0.9721	0.0279	0	0	36.3998	-4.5659	2.7805	5.5108	1.6486	-2.4287	-2.5328	1.5891	-0.2647	0.1333
NA19190	AFR	AFR	0	0.9997	3e-4	0	0	62.832	-18.943	-1.1465	0.6094	4.119	-2.036	-3.907	3.2776	0.2377	-0.731
NA18533	EAS	EAS	1	0	0	0	0	-8.2691	-45.1692	2.432	6.209	1.1363	-2.2978	-5.3646	5.9809	-2.1165	0.3748
NA18988	EAS	EAS	1	0	0	0	0	-7.019	-43.1607	2.3064	4.3382	-7.4821	1.0771	-5.0561	2.7172	0.4502	0.8672
NA18648	EAS	EAS	1	0	0	0	0	-7.6214	-42.9206	3.2187	6.9012	-4.7323	-0.8578	-3.7582	2.9353	-2.7752	-2.1739
NA19225	AFR	AFR	0	1	0	0	0	63.1284	-18.9237	0.4736	1.148	2.7458	-4.8268	-6.741	4.5452	-2.7607	-0.238
NA21116	SAS	SAS	0	0	0	1	0	0.7552	-5.2081	-16.7558	-5.227	3.8596	0.9092	-6.2638	3.5991	-2.0132	-0.3193
HG01341	AMR	AMR	0	8e-4	0.9992	0	0	-3.2266	-10.9147	14.0719	-19.3341	3.008	-3.1844	-6.9784	1.1805	-2.3889	-1.5229
HG00261	EUR	EUR	0	0	0.0404	0	0.9596	1.0717	12.8438	6.6743	9.5901	4.8	0.8072	0.2919	-2.5575	-4.2895	-7.7297
HG02239	EUR	EUR	0	1e-4	0.0024	2e-4	0.9973	2.6149	10.4177	3.8989	7.7815	3.9849	-7.1032	-0.418	0.3234	-3.0589	1.9907
NA20876	SAS	SAS	0	0	0	1	0	0.6599	-5.2589	-18.273	-5.8832	-0.5182	1.6174	-7.1472	5.4996	-5.5211	2.6398
NA12748	EUR	EUR	0	0	0.0555	0	0.9445	-1.2855	11.598	5.8015	8.657	3.2557	-3.4541	-3.2313	7.7597	-3.7316	-1.5213
NA19078	EAS	EAS	1	0	0	0	0	-8.2375	-41.6907	0.6213	7.1409	-5.9019	-5.7967	-7.5783	3.4776	3.0022	-3.1828
HG01789	EUR	EUR	0	0	0.0017	0	0.9983	-1.091	12.8467	6.5092	9.9613	0.3334	3.6333	-5.2101	2.4001	3.071	0.2221
HG01360	AMR	AMR	0	2e-4	0.9998	0	0	2.2107	2.6398	8.83	-2.4808	0.7133	-5.9802	-3.3516	6.6143	-0.3304	-8.3522
NA19064	EAS	EAS	1	0	0	0	0	-7.3419	-43.5331	3.7707	5.4577	-4.3008	-1.9169	-4.7115	6.0011	4.4036	-2.3444
HG03944	SAS	SAS	0	0	0	1	0	2.0287	-8.8592	-18.9248	-5.8509	0.3279	-0.7719	-1.0142	6.8288	0.8438	1.1722
HG03563	AFR	AFR	0	1	0	0	0	62.5746	-17.5187	0.305	1.2461	3.2925	-3.2282	-2.4894	6.7592	-6.9062	1.7663
NA19404	AFR	AFR	0	0.9993	7e-4	0	0	58.8855	-16.1559	0.7862	1.6899	2.9818	-4.7169	-4.0256	1.0126	0.3369	-4.4784
NA20763	EUR	EUR	0	0	0.0024	0	0.9975	-0.0209	12.747	5.7166	10.454	-2.0666	-3.041	-4.6258	8.4818	5.106	-0.7437
NA12776	EUR	EUR	0	0	0.0014	0	0.9986	0.4789	11.4308	5.7019	7.9181	3.8845	2.7992	-4.7982	6.6738	0.4012	0.21560000000000001
NA18552	EAS	EAS	1	0	0	0	0	-7.5298	-43.4503	2.0276	6.5605	-0.1905	-3.7258	-0.8599	3.4607	-2.5871	-2.1041
HG02634	AFR	AFR	0	1	0	0	0	62.2192	-15.879	0.5857	2.0469	1.5829	-5.0207	-1.5104	3.8066	-2.8475	1.1314
HG02178	EAS	EAS	1	0	0	0	0	-6.8687	-44.4708	-0.65	8.6641	11.706	-6.0887	-2.7371	1.6049	-3.9625	-3.8461
NA18978	EAS	EAS	1	0	0	0	0	-7.2831	-42.5452	3.2126	6.4579	-6.8169	-3.6199	-4.048	5.6152	-1.3919	-3.735
HG03016	SAS	SAS	0	0	0	1	0	1.6467	-7.0472	-17.1171	-6.5002	6.4505	-2.6084	-3.7905	2.6764	-0.7318	-1.8143
NA12889	EUR	EUR	0	0	0.1274	0	0.8726	1.3003	13.4452	5.6983	8.643	2.992	-1.7068	-0.3164	8.3141	-0.6388	-6.3822
HG02666	AFR	AFR	0	0.9998	2e-4	0	0	62.713	-16.3427	-1.1678	1.0112	-0.4102	0.1455	-0.7888	6.8571	-2.2651	-1.0553
HG03063	AFR	AFR	0	1	0	0	0	62.2476	-17.7101	0.2641	-0.8247	0.7965	0.5816	-3.173	1.0847	-4.5601	-0.6255
HG01709	EUR	EUR	0	0	0.0031	0	0.9969	3.5676	11.6242	4.0439	7.2077	2.4821	-4.2949	-3.7262	6.9895	3.242	-1.4319
HG02508	AFR	AFR	0	1	0	0	0	56.8843	-15.4317	0.4695	1.0092	2.9043	-5.2124	-5.9483	5.9136	-4.3815	-0.3605
HG01094	AMR	AMR	0	0.0014	0.9986	0	0	8.3365	3.278	6.4171	3.5787	3.102	-8.8657	-3.0536	7.6883	-0.5487	-0.1372
HG04144	SAS	SAS	0	0	0	1	0	0.3829	-8.3995	-16.6838	-3.544	1.1218	-2.1505	-3.4663	6.6244	1.2816	-3.2483
NA20813	EUR	EUR	0	0	0.0018	0	0.9982	2.3071	14.2193	4.6082	7.6335	2.7934	-9.7271	-5.2406	1.7276	-4.3646	-2.9051
NA18969	EAS	EAS	1	0	0	0	0	-8.4608	-42.7732	2.5252	5.8716	-7.0402	-1.6577	-5.0872	4.8642	0.9101	0.3521
HG01183	AMR	AMR	2e-4	0.1052	0.8571	1e-4	0.0375	7.6351	1.8946	7.9926	1.8444	3.1318	-4.8165	-3.6134	3.6848	-0.6197	1.5195
HG02155	EAS	EAS	1	0	0	0	0	-7.1915	-45.0319	2.0965	7.2558	4.3105	-1.5844	-5.207	8.5664	3.1912	-4.725
NA19117	AFR	AFR	0	1	0	0	0	63.1729	-17.8925	0.7692	1.0502	4.6862	-3.8237	-3.6269	3.9772	-0.7865	-2.3617
HG02058	EAS	EAS	1	0	0	0	0	-5.7157	-40.941	1.8211	6.0851	5.8104	-2.9461	-4	6.2157	-1.7633	-2.1852
HG00553	AMR	AMR	0	0.016	0.9839	0	0	12.2991	-0.6093	6.8479	-0.3645	1.7828	-6.6209	-0.4428	7.1563	0.9456	1.0017
HG03765	SAS	SAS	0	0	0	1	0	2.2451	-1.808	-12.6343	0.4144	0.4093	-1.4231	-0.1844	3.7038	-1.6094	-2.6549
HG01618	EUR	EUR	0	0	0.0971	0	0.9029	1.3064	11.5895	3.5769	7.9753	0.6223	-2.7914	-1.9635	5.8624	1.5462	-6.0623
HG02230	EUR	EUR	0	0	0.1567	0	0.8433	0.7491	13.2754	3.2717	10.2086	-0.4968	-1.3733	-2.386	7.0859	2.9427	-1.8395
HG01883	AFR	AFR	0	0.9983	0.0017	0	0	53.3653	-13.2164	0.1516	1.3947	4.8203	-0.8929	-5.5246	2.9322	0.4465	-1.7807
HG02558	AFR	AFR	0	0.9984	0.0016	0	0	55.1048	-14.9508	1.2053	0.8594	3.5977	-0.8811	-5.5576	4.0073	-2.0989	2.2846
HG02152	EAS	EAS	1	0	0	0	0	-7.0567	-43.0903	0.17	6.2443	9.3771	-4.8134	-5.4792	4.7081	-0.3747	0.7962
NA18558	EAS	EAS	1	0	0	0	0	-6.8884	-42.9007	1.9151	4.8053	-2.2153	0.5755	-3.6181	3.2094	-0.9118	-0.6274
NA12155	EUR	EUR	0	0	0.0225	0	0.9775	0.5333	13.6084	5.7572	9.5443	3.5676	-3.1104	-3.219	3.1884	-1.7016	-0.6894
HG01781	EUR	EUR	0	0	0.0193	0	0.9807	1.0335	13.8772	4.4858	10.2231	1.135	-8.9118	-6.6749	3.5554	-1.8068	-3.712
HG01982	AMR	AMR	0	0.0641	0.9359	0	0	-5.2865	-17.7978	18.3966	-28.3169	2.4094	-2.9671	-4.4607	6.2856	-0.3991	-3.2406
NA18923	AFR	AFR	0	1	0	0	0	63.1912	-17.4573	-0.117	2.8178	1.5902	-2.7747	-7.4406	6.0892	-0.6817	-4.0752
HG00280	EUR	EUR	0	0	0	0	1	-0.6462	8.2353	6.2631	8.0641	1.5836	7.2565	-1.6009	1.8839	-1.757	1.446
HG00324	EUR	EUR	0	0	4e-4	0	0.9996	-2.3754	8.3881	6.0572	8.9782	5.5906	6.5592	-3.9469	5.4623	-2.497	2.8719
HG02623	AFR	AFR	0	0.9998	2e-4	0	0	61.4594	-17.5666	1.4496	1.1011	1.6688	-3.9715	0.5734	4.6777	-2.2786	-1.8716
HG03668	SAS	SAS	0	0	0	1	0	-1.5316	-5.316	-15.6714	-4.6404	2.0466	-1.552	-3.3663	5.3284	-0.0913	-2.5602
HG02635	AFR	AFR	0	0.9999	1e-4	0	0	61.3326	-16.6348	0.3598	2.2408	-0.76	-2.2383	-3.1881	6.4019	-1.8869	-0.9268
NA11829	EUR	EUR	0	0	0.014	0	0.986	0.8548	14.3239	5.1721	8.7849	0.6199	2.5612	-4.3886	6.6615	-1.3624	-2.9422
HG01606	EUR	EUR	0	0	0.0018	0	0.9982	2.857	12.1542	5.0991	9.6064	2.5742	-4.9331	-3.4789	5.1293	1.2347	-1.0658
NA18858	AFR	AFR	0	0.9999	1e-4	0	0	61.2133	-18.1548	-0.8528	1.5367	1.5977	-2.5161	-2.3008	4.4919	-0.7978	-5.2978
NA19235	AFR	AFR	0	0.9999	1e-4	0	0	62.6425	-16.2877	-0.3463	1.8889	2.0291	-2.4318	-6.1282	4.4896	3.2165	-0.3118
HG00693	EAS	EAS	1	0	0	0	0	-7.9056	-44.7874	2.0418	8.314	2.2992	-6.7968	-5.4253	2.682	0.514	-1.6791
HG04118	SAS	SAS	0	0	0	1	0	1.3261	-6.3219	-22.3186	-3.4361	3.1796	-1.1154	-5.012	4.8683	1.2427	-4.8088
NA19770	AMR	AMR	0	0.0011	0.9989	0	0	1.4492	-5.2656	11.6649	-10.5265	0.2576	-5.2832	-3.676	2.9767	0.9186	-1.3982
HG02078	EAS	EAS	1	0	0	0	0	-6.4649	-44.8724	-1.2382	6.5676	6.8291	-2.8852	-1.6518	2.7939	-3.3949	1.1241
HG00244	EUR	EUR	0	0	9e-4	0	0.9991	-0.7235	13.9066	4.8986	7.9944	1.8471	2.8038	-3.3109	3.9725	-2.1048	0.1859
NA12045	EUR	EUR	0	0	5e-4	0	0.9995	0.6554	14.1878	5.8874	8.9175	2.0481	-0.3791	-6.9392	2.3945	-2.8748	-0.0272
HG01518	AMR	EUR	0	0	0.714	0	0.2859	2.1411	12.0242	6.7374	10.5268	6.0438	-5.7554	-1.6716	4.0242000000000004	-2.4861	-0.5844
HG02979	AFR	AFR	0	0.9996	4e-4	0	0	63.2511	-16.8883	0.2579	0.8853	4.1316	-0.1971	-6.635	2.4072	0.608	-3.1807
NA19752	AMR	AMR	0	0.0026	0.9974	0	0	-1.479	-8.0749	12.2957	-15.1761	1.4243	-1.6195	-0.6393	2.6461	-4.44	-2.2516
NA19059	EAS	EAS	1	0	0	0	0	-6.1972	-41.2844	0.9726	6.6483	-5.0074	-5.8638	-8.7847	3.8863	-1.9523	0.6224
HG01947	AMR	AMR	0	0.0204	0.9796	0	0	-3.2961	-11.9328	15.6561	-20.1189	0.2081	-2.9531	-7.0091	4.3413	-3.9042	-2.0258
HG03963	SAS	SAS	0	0	0	1	0	1.9033	-8.4023	-18.0927	-5.0917	1.0044	-0.7864	-6.2242	5.5758	-2.1242	2.6725
HG03756	SAS	SAS	0	0	0	1	0	-0.5064	-8.5263	-18.5086	-5.0354	1.1306	-3.1809	0.3161	3.7134	0.9013	-0.1935
HG03298	AFR	AFR	0	0.9963	0.0037	0	0	62.5925	-16.8333	0.0038	-0.1372	-0.3646	-4.253	-4.882	4.5483	-1.3635	-4.4576
NA19057	EAS	EAS	1	0	0	0	0	-7.2275	-42.1316	1.7147	4.0063	-3.3653	-2.3145	-3.6844	7.5013	-3.3897	-0.1243
HG01578	AMR	AMR	0	3e-4	0.9997	0	0	-3.6568	-10.7639	16.5651	-20.2805	3.6479	-2.7267	-4.3365	0.4306	-3.23	-3.0061
HG00534	EAS	EAS	1	0	0	0	0	-7.2665	-43.1325	4.1852	6.2551	3.4374	-2.3339	-3.9369	5.0078	-0.7309	-0.9607
HG02658	SAS	SAS	0	0	0	1	0	1.8103	-3.3131	-14.5563	-3.5707	1.726	-3.0813	-2.583	4.5764	-8.3273	-0.6434
NA19027	AFR	AFR	0	0.9999	1e-4	0	0	58.8467	-16.2875	-0.5674	1.0015	4.2049	-7.3936	-6.3766	0.3783	0.9398	-0.5963
HG03690	SAS	SAS	0	0	0	1	0	1.5446	-7.9682	-20.1459	-4.1121	-0.6667	-3.6874	-0.823	4.7375	1.7702	0.1409
HG03679	SAS	SAS	0	0	0	1	0	2.222	-8.8706	-18.8534	-5.2788	2.0174	-1.9511	-5.2263	2.1743	-3.0982	1.6445
HG01369	AMR	AMR	0	0.0034	0.9966	0	0	4.5374	-9.0284	12.7289	-14.1843	2.0882	-3.0671	-6.1226	4.8261	-2.0012	-3.1913
HG03844	SAS	SAS	0	0	0	1	0	1.679	-7.64	-18.5886	-4.8191	4.8584	-3.0043	-1.5288	3.7751	1.4237	-6.9668
HG03973	SAS	SAS	0	0	0	1	0	1.8372	-7.4545	-20.2038	-4.9148	-0.0761	-6.1867	-3.9641	2.0276	-2.116	-2.7074
HG00737	EUR	AMR	0	0	0.4703	0	0.5296	5.327	7.1701	8.1968	4.7499	1.1844	-3.9027	-4.2063	7.4176	0.0183	0.699
HG00728	EAS	EAS	1	0	0	0	0	-8.2255	-44.8565	2.0177	7.5621	5.5634	-3.9964	-4.3281	7.1998	-0.6651	-0.8551
NA19649	AMR	AMR	0	5e-4	0.9951	0.0034	0.001	0.3446	3.1555	8.5176	-0.6713	-0.7011	-1.0569	-1.5204	1.9878	2.2515	-3.4481
HG00243	EUR	EUR	0	0	0.0101	0	0.9899	-0.2489	13.5495	5.5019	8.7662	1.7454	0.6001	-5.5999	3.8272	0.9252	2.8069
HG02127	EAS	EAS	1	0	0	0	0	-7.1952	-42.8668	-0.8506	6.5898	8.9618	-2.9575	-2.077	7.5444	-0.5204	-1.4309
HG03175	AFR	AFR	0	0.9998	2e-4	0	0	62.643	-17.3351	0.7807	1.6108	2.7372	-2.9522	-5.7643	6.9835	-0.2436	-2.8457
HG01686	EUR	EUR	0	0	0.0855	0	0.9144	3.2903	11.9816	3.8108	7.6268	-0.0239	-4.1245	-6.1032	4.3451	-0.8258	-0.6712
HG02255	AFR	AFR	0	0.9998	2e-4	0	0	57.821	-16.2747	-0.1657	0.1725	2.3337	-3.3979	-2.9532	4.9626	-2.3539	-0.553
HG00449	EAS	EAS	1	0	0	0	0	-7.7389	-44.0947	2.9193	7.5033	2.1894	-0.3249	-4.0649	0.0184	-2.2627	-1.9284
HG02496	AFR	AFR	0	0.9983	0.0017	0	0	58.3318	-13.7655	0.5664	2.496	3.7598	-5.6211	-3.0111	4.4145	-3.3913	-2.6838
HG00173	EUR	EUR	1e-4	0	0.0614	0	0.9385	-0.611	8.367	6.5297	7.6808	1.0712	6.1307	-5.7293	0.5391	-1.8679	1.6896
HG03397	AFR	AFR	0	1	0	0	0	62.2638	-17.0077	-0.11	2.4801	-2.1129	-4.33	-4.2493	4.6283	-2.5317	-2.1452
HG02308	AFR	AFR	0	0.9988	0.0012	0	0	55.7665	-14.642	1.0713	1.5442	4.9158	-4.2216	-3.8628	6.689	-4.5663	-1.6508
HG04212	SAS	SAS	0	0	0	1	0	2.6947	-7.453	-20.4913	-6.5348	-1.9804	-2.4786	-4.4602	0.7303	-2.8869	-5.4085
HG04180	SAS	SAS	0	0	0	1	0	-0.2518	-8.7274	-17.0509	-2.972	5.1914	-4.7969	-2.7624	-0.5184	-1.6672	-0.7837
NA18624	EAS	EAS	1	0	0	0	0	-8.1678	-42.9913	2.5365	7.5717	-3.813	-0.6099	-5.2963	3.3625	-3.9366	-3.4492
NA21117	SAS	SAS	0	0	0	1	0	0.4671	-7.2462	-17.8906	-5.236	4.2947	-2.4667	-6.7401	5.4451	-2.6905	-2.5265
HG03660	SAS	SAS	0	0	0	1	0	1.2136	-6.4467	-16.2562	-2.7548	-0.5396	-2.0342	-5.518	1.651	-4.5769	-0.9092
HG03585	SAS	SAS	0	0	0	1	0	0.0047	-10.6509	-16.1465	-5.2914	4.7366	-1.1596	-0.9949	1.0604	3.3186	-3.5718
NA20866	SAS	SAS	0	0	0	1	0	1.4777	-5.2905	-16.5242	-4.757	-0.7767	-5.4629	-3.8153	7.0451	-0.965	-0.6258
NA19323	AFR	AFR	0	1	0	0	0	57.6609	-16.907	-2.3631	1.1142	4.768	-3.472	-5.8882	-1.1129	-4.0441	-0.5015
HG02657	SAS	SAS	0	0	0	1	0	1.9152	-5.2867	-14.6832	-2.6856	0.459	-1.887	-4.2386	3.8158	-4.8988	-0.4427
NA18572	EAS	EAS	1	0	0	0	0	-7.0093	-45.5793	3.6473	6.0884	1.126	-2.5752	-0.2795	4.7341	-1.9067	-2.8746
HG00533	EAS	EAS	1	0	0	0	0	-9.3611	-44.387	4.2061	6.3388	0.628	-1.9302	-5.4586	2.3706	-0.5109	-4.462
HG03709	SAS	SAS	0	0	0	1	0	0.0185	-7.7624	-18.3081	-2.6831	-1.0767	-4.5628	-4.8312	6.319	-1.8243	-3.2529
NA20530	EUR	EUR	0	0	0.0215	0	0.9785	1.2333	13.2721	5.374	11.014	-3.1715	-6.6189	-4.7272	2.0041	-6.8	-5.4664
NA18879	AFR	AFR	0	1	0	0	0	62.7512	-16.776	1.0699	1.843	1.4839	-2.7621000000000002	-4.5415	5.0408	-1.0607	-2.279
HG02941	AFR	AFR	0	0.9999	1e-4	0	0	63.2052	-17.4327	-0.9603	1.8742	-0.4044	-2.2657	-7.9506	4.8039	-1.0562	-4.582
HG02013	AFR	AFR	0	0.9985	0.0015	0	0	59.9243	-16.9309	-0.4499	2.1614	-0.3299	-0.7497	-4.8254	4.7349	0.3954	-0.8186
NA19741	AMR	AMR	0	0.0023	0.9977	0	0	-5.5009	-19.4344	18.9151	-28.9752	1.5039	-2.4181	-2.6507	3.5571	-3.5025	2.158
HG00181	EUR	EUR	0	0	1e-4	0	0.9999	0.0302	8.8923	4.5736	8.7187	3.1223	2.3524	-4.2241	2.4732	1.1548	-0.6121
NA18502	AFR	AFR	0	0.9999	1e-4	0	0	62.6132	-16.93	0.2785	1.854	2.7829	-4.1709	-6.4833	4.2952	0.6783	-0.2479
HG03866	SAS	SAS	0	0	0	1	0	1.6781	-7.137	-17.9313	-5.3904	0.1125	-1.5043	1.1136	2.18	0.8188	-3.7365
HG00141	EUR	EUR	0	0	0.02	0	0.98	-0.4093	12.6017	3.5183	8.5508	0.091	-3.0981	-6.269	7.2489	-0.9094	-2.2804
NA12878	EUR	EUR	0	0	0.0075	0	0.9925	0.0252	12.3797	5.705	10.0764	-0.899	-0.8108	-1.4965	3.1149	-2.5265	-0.3773
HG03681	SAS	SAS	0	0	0	1	0	1.3773	-7.498	-19.9766	-4.9155	5.0453	0.1334	-2.8573	2.1648	-1.3624	-5.8788
NA21112	SAS	SAS	0	0	0	1	0	1.8994	-4.4658	-18.2417	-5.6913	7.775	-0.3614	-4.9101	6.6421	-2.7212	2.2324
NA20858	SAS	SAS	0	0	0	0.9999	0	1.8882	-1.2889	-10.9008	-1.9336	1.0969	-2.5067	-9.6603	4.0636	1.4449	-0.3959
HG03445	AFR	AFR	0	1	0	0	0	62.5659	-16.8691	-0.381	2.2771	4.3797	-2.9367	-0.599	2.5032	-1.8981	-3.3305
HG01617	EUR	EUR	0	0	0.0318	0	0.9682	1.6152	10.136	6.2805	10.5974	1.7027	-8.9083	-7.3823	0.894	-1.516	-1.5588
HG01986	AFR	AFR	0	0.9976	0.0024	0	0	54.8329	-13.7675	2.1002	2.4285	2.9702	-1.3448	-3.1439	4.1913	-1.1384	-1.9326
HG02728	SAS	SAS	0	0	0	1	0	0.947	-9.0702	-18.0442	-3.6017	2.5259	-1.7211	-1.021	4.2345	-3.5645	-3.733
HG00463	EAS	EAS	1	0	0	0	0	-7.5273	-45.1071	1.8482	7.4188	4.5529	-4.2766	-5.8745	0.7571	-0.6772	-2.947
HG01710	EUR	EUR	0	0	0.0558	0	0.9442	3.0687	11.5305	2.8408	8.7457	2.3097	-6.5844	-4.7337	3.9715	-1.9023	-3.0263
HG01761	EUR	EUR	0	0	0.0185	0	0.9815	2.9721	12.9836	3.9935	9.1326	-0.4134	-5.8474	-6.172	4.2879	1.4626	-2.1231
HG02017	EAS	EAS	1	0	0	0	0	-5.7956	-41.8534	-0.6486	7.3076	9.0027	-2.8467	-4.2076	8.1744	0.8623	1.7643
HG03484	AFR	AFR	0	1	0	0	0	63.2536	-19.4252	-0.4237	0.5584	2.8259	-2.5734	-2.526	6.3096	-0.4628	-3.9834
HG01794	EAS	EAS	1	0	0	0	0	-7.2735	-44.0404	0.8006	8.5191	13.28	-1.4196	-3.1101	5.5815	0.2712	-6.0021
NA20535	EUR	EUR	0	0	0.0067	0	0.9933	1.4672	13.7466	5.0077	9.5711	0.6137	-4.1733	-4.0212	2.3724	-0.4396	-3.9655
HG01860	EAS	EAS	1	0	0	0	0	-8.0107	-42.9269	-0.0198	8.0418	8.2563	-3.6506	-3.341	3.5365	-0.7641	-0.545
NA18532	EAS	EAS	1	0	0	0	0	-8.0893	-44.2901	2.5417	6.2902	-0.8443	0.735	-2.2123	2.1635	-2.5589	-1.3187
HG01105	EUR	AMR	0	0	0.2003	0	0.7997	6.2808	6.7936	6.0575	4.6925	5.6641	-4.359	-4.2215	3.8759	-0.4895	-1.4301
HG00674	EAS	EAS	1	0	0	0	0	-6.5168	-44.4512	2.2146	7.3217	2.7019	-4.174	-1.4387	4.6923	-0.6468	-4.0257
HG00654	EAS	EAS	1	0	0	0	0	-7.7722	-44.7221	0.8733	8.2501	0.6343	-2.503	-4.4162	5.186	-3.7547	-4.1904
HG03066	AFR	AFR	0	1	0	0	0	62.9181	-17.7259	-1.0344	0.9914	1.3145	-2.5297	-0.8097	6.3046	-0.0107	-1.4823
HG00105	EUR	EUR	0	0	0.017	0	0.983	-0.5916	11.3334	5.8714	8.5628	1.0288	0.2212	-2.1354	4.3599	5.9184	3.2044
HG02373	EAS	EAS	1	0	0	0	0	-6.4767	-45.1511	1.6494	9.8581	9.8012	-5.8549	-4.5808	6.721	3.3286	-1.2898
HG03352	AFR	AFR	0	1	0	0	0	63.0891	-18.077	-0.0714	0.5675	1.0298	-4.1834	-2.2427	5.1483	-0.2628	-0.0638
HG00590	EAS	EAS	1	0	0	0	0	-7.2483	-44.7739	1.2614	8.8179	-1.1324	-1.5697	-2.3993	4.1819	0.0642	-1.2673
NA12046	EUR	EUR	0	0	0.0304	0	0.9696	-1.4809	11.8488	5.4519	7.7777	6.5344	-0.8543	1.0374	4.2029	-4.4831	-4.2046
NA19758	AMR	AMR	0	1e-4	0.9999	0	0	-3.9031	-15.7191	16.0547	-24.5503	2.5957	-1.9676	-3.9053	4.9056	-3.0566	-4.6367
HG04188	SAS	SAS	0	0	0	1	0	-2.0131	-11.7652	-16.6475	-3.9786	1.7637	-3.9299	-4.7961	1.4668	1.3352	-3.5762
HG03875	SAS	SAS	0	0	0	1	0	3.2824	-3.4277	-16.9348	-2.1137	1.8785	-3.1954	-2.0239	1.4817	1.4027	0.4979
HG04062	SAS	SAS	0	0	0	1	0	3.0063	-12.5192	-22.4312	-6.5681	0.5964	-2.2615	-3.6401	2.9016	-4.7717	-3.1717
HG00360	EUR	EUR	0	0	0.0014	0	0.9986	-0.8382	11.0631	4.6733	7.2924	5.2132	4.6741	-2.0419	5.143	1.6486	-2.5697
HG01494	AMR	AMR	0	0.0066	0.9934	0	0	2.9308	-5.3521	12.8645	-10.9088	5.9335	-2.445	-5.0196	4.5758	-1.0225	-4.676
HG02266	AMR	AMR	0	3e-4	0.9997	0	0	-7.9674	-22.1207	23.601	-37.0175	5.5092	-3.1064	-5.4573	2.0236	-3.9956	-1.1028
HG02449	AFR	AFR	0	0.9998	2e-4	0	0	59.5284	-15.9193	-0.4211	2.1014	3.278	-1.9217	-5.3269	5.6977	-1.3795	-0.0981
HG02131	EAS	EAS	1	0	0	0	0	-6.3955	-38.9762	-0.4349	5.0437	6.8819	-1.43	-1.3527	3.2611	-4.1955	-1.2847
NA20826	EUR	EUR	0	0	0.0157	0	0.9843	1.753	13.1067	3.6325	10.0286	3.3606	-9.126	-4.3175	1.3161	-2.4219	-2.274
HG00442	EAS	EAS	1	0	0	0	0	-6.598	-44.9271	2.1214	5.8705	0.5092	-0.5133	-0.921	2.0077	1.6573	-1.927
HG01107	AMR	AMR	0	1e-4	0.9999	0	0	13.2799	2.2297	7.1492000000000004	2.2163	3.5226	-5.9583	-1.4378	7.3667	1.4356	0.5924
NA21143	SAS	SAS	0	0	0	1	0	1.5065	-6.0015	-19.7009	-4.9829	2.4706	2.4102	-7.2096	6.5956	-1.5642	-1.4945
HG03696	SAS	SAS	0	0	0	1	0	3.0693	-7.5014	-20.8992	-5.5947	3.2122	-2.2023	-4.0404	5.5144	-2.1244	-1.8303
NA21088	SAS	SAS	0	0	0	1	0	1.1671	-5.4833	-18.5675	-5.3809	5.4339	-0.7399	-9.6457	7.1406	1.8466	-3.5078
NA07000	EUR	EUR	0	0	0.0032	0	0.9968	-0.7944	13.6912	5.0068	8.6741	3.4575	-1.5519	-5.0272	6.6641	-1.3915	-2.7653
HG01599	EAS	EAS	1	0	0	0	0	-6.7509	-43.7252	0.9751	7.1574	5.4097	-5.7039	-3.2922	3.6467	-0.8329	-0.7199
NA19004	EAS	EAS	1	0	0	0	0	-8.3821	-43.7009	1.1058	6.4454	-4.0559	-2.0303	-3.0262	6.352	-1.4652	-0.055
HG02546	AFR	AFR	0	0.9994	6e-4	0	0	59.0926	-16.4709	0.2966	1.2553	-0.724	-1.7878	-1.0971	4.2096	-0.6427	-4.3651
HG02085	EAS	EAS	1	0	0	0	0	-6.5953	-44.4667	-0.4989	8.0105	4.1525	-4.6128	-6.8695	7.3338	0.3478	1.4821
HG00699	EAS	EAS	1	0	0	0	0	-7.0417	-45.8575	2.3901	8.1495	0.4449	-5.511	-1.6444	6.4301	0.386	-2.6663
NA19707	AFR	AFR	0	0.9938	0.0062	0	0	44.0282	-7.8105	3.1393	2.259	-0.3431	-2.2524	-2.5634	8.388	-0.7472	-2.1671
HG01465	EUR	AMR	0	0	0.3873	0	0.6127	-0.1787	5.1422	6.316	0.8703	5.1132	-4.5667	-4.7692	7.6182	0.9653	0.0697
NA18641	EAS	EAS	1	0	0	0	0	-7.735	-44.0942	3.3449	5.8125	-2.1969	-4.1657	-2.9878	2.8988	0.1498	1.6647
HG02774	SAS	SAS	0	0	0	1	0	1.6408	-5.6603	-15.307	-3.7115	3.0174	-3.3493	-3.1546	4.2473	-5.4115	0.668
HG03270	AFR	AFR	0	1	0	0	0	62.5156	-18.6019	0.504	2.1597	1.7361	-3.3611	-4.9179	7.4327	-3.4876	-3.9891
HG02407	EAS	EAS	1	0	0	0	0	-5.0454	-44.3668	0.0791	7.457	8.034	-3.8272	-5.3347	6.4528	0.0541	1.2966
NA20874	SAS	SAS	0	0	0	1	0	2.123	-3.4262	-17.8153	-3.9934	2.1428	1.0618	-5.6666	3.7946	-2.5407	-1.3676
NA18625	EAS	EAS	1	0	0	0	0	-8.4657	-44.3546	4.1323	7.5831	-2.7989	-4.2498	-3.5503	3.2079	-1.7738	-1.6389
HG03814	SAS	SAS	0	0	0	1	0	-1.4081	-11.0356	-17.5761	-1.3225	1.28	-0.8126	-3.8145	5.5283	5.6461	-7.2653
HG03888	SAS	SAS	0	0	0	1	0	0.4955	-5.2621	-16.4999	-2.8812	0.2525	-0.4314	-4.2682	5.0224	-2.869	0.8619
HG01377	AMR	AMR	0	0	0.9995	3e-4	1e-4	2.9738	-1.9788	9.8084	-9.6844	1.4039	-6.0817	1.1502	2.4262	-4.5753	-6.6227
NA12830	EUR	EUR	1e-4	1e-4	0.0824	0	0.9175	0.5493	12.0605	6.363	7.9276	-1.7116	-2.7384	-5.155	1.1654	2.549	2.2567
NA18989	EAS	EAS	1	0	0	0	0	-7.5964	-43.113	2.2	5.286	-5.5872	-0.8385	-5.6431	4.1555	-0.117	-0.4244
HG02190	EAS	EAS	1	0	0	0	0	-7.1211	-44.883	0.10780000000000001	8.0544	7.4906	-6.7233	-5.9541	6.8673	-1.8127	2.2645
HG02464	AFR	AFR	0	0.9996	4e-4	0	0	63.0862	-17.6229	-0.0083	1.1438	0.4065	-3.217	0.9749	5.1148	-3.5613	-3.4031
HG01767	EUR	EUR	0	0	7e-4	0	0.9993	1.5221	12.5151	4.5977	8.7321	4.1433	-8.458	-7.7938	2.7963	-3.0128	-3.5396
HG03624	SAS	SAS	0	0	0	1	0	0.9724	0.0495	-14.2275	-3.373	3.5142	-3.1657	-0.7114	6.6118	-1.104	-1.1682
NA21098	SAS	SAS	0	0	0	1	0	1.3664	-5.4519	-19.7958	-4.3956	1.8251	-4.3531	-8.2341	6.6058	1.5244	-1.4656
HG02215	EUR	EUR	0	0	0.0851	0	0.9149	0.1005	12.4186	6.3883	9.7372	1.5549	-1.7811	-2.1524	0.723	0.0137	-2.0219
NA19318	AFR	AFR	0	1	0	0	0	59.8486	-16.7352	-1.0325	1.6881	4.6113	-3.0597	-6.0666	0.431	-2.7975	-0.0547
HG04200	SAS	SAS	0	0	0	1	0	1.4517	-6.9935	-17.6957	-3.9228	1.5516	-2.3843	-2.9897	4.6469	-2.7616	0.0032
NA18525	EAS	EAS	1	0	0	0	0	-6.7662	-44.6013	3.6326	7.1058	0.0079	-2.4112	-2.1659	4.4049	-1.9824	-1.7355
NA12777	EUR	EUR	0	0	0.0017	0	0.9982	-0.1737	13.6727	3.8335	8.2881	-0.7532	0.8372	-2.4236	7.2347	2.1184	-3.1617
HG00410	EAS	EAS	1	0	0	0	0	-7.7375	-43.0649	2.9636	9.3442	1.988	-2.3122	-4.4731	5.0596	-1.1087	-1.1365
HG03212	AFR	AFR	0	1	0	0	0	63.541	-18.3125	0.588	-0.0541	1.8512	-3.2707	-1.8367	4.0292	0.6882	-1.4684
HG00698	EAS	EAS	1	0	0	0	0	-7.4753	-46.1306	1.5231	7.9351	1.4564	-4.7188	-1.733	6.4321	-2.1232	1.6993
HG03940	SAS	SAS	0	0	0	1	0	0.7791	-10.0959	-20.0021	-3.9085	3.3855	-0.711	0.9034	3.5522	-1.0728	0.3139
NA20543	EUR	EUR	0	0	0.016	0	0.984	3.1856	12.5436	4.9059	9.4121	0.7563	-4.8473	-0.7476	4.8036	-2.0542	-1.7199
HG03072	AFR	AFR	0	1	0	0	0	62.0124	-16.7815	0.9815	0.7706	2.4504	-1.7741	-0.4349	6.233	0.0637	-0.505
HG01894	AFR	AFR	0	0.9999	1e-4	0	0	58.6764	-14.3188	0.4356	2.0607	2.9772	-0.3572	-6.7573	4.2529	-3.9538	-3.5919
HG02332	AFR	AFR	0	0.9842	0.0158	0	0	56.1695	-15.3592	-0.1609	1.8904	1.9174	-1.5469	-4.6522	5.1284	-2.6087	-6.0616
HG00133	EUR	EUR	0	0	0.1657	0	0.8343	0.1041	12.3461	4.8286	9.1939	4.3225	-3.979	-3.1701	10.3002	0.6128	-4.967
NA10851	EUR	EUR	0	0	0.0267	0	0.9733	0.0734	13.8763	6.6122	8.9185	0.4557	-1.4914	-1.0532	3.9917	-0.1066	-5.0997
HG02884	AFR	AFR	0	0.9999	1e-4	0	0	61.7335	-16.1439	0.2305	1.8173	-1.1629	-2.2221	-0.03	3.8816	-3.2532	-0.043
HG01990	AFR	AFR	0	0.9965	0.0035	0	0	56.0459	-14.5806	1.6001	3.4546	2.6264	-3.5679	-4.5994	4.337	-1.1486	-0.1855
HG03849	SAS	SAS	0	0	0	1	0	1.6876	-7.988	-20.7746	-6.1801	5.4777	-6.5736	-4.3916	3.1044	2.4427	-3.8552
HG01801	EAS	EAS	1	0	0	0	0	-6.4953	-44.0602	-0.039	7.5208	8.1081	-0.9409	-8.049	5.4533	0.5584	-1.0292
HG01550	EUR	AMR	0	0	0.4289	1e-4	0.571	2.4084	1.4281	8.0771	-1.7714	2.7703	-6.5354	-3.0407	2.5752	-2.7017	-3.9925
HG02879	AFR	AFR	0	0.9998	2e-4	0	0	62.3029	-17.8815	-0.298	0.6794	3.6657	-2.0357	2.4577	4.7467	-1.257	1.2332
NA18622	EAS	EAS	1	0	0	0	0	-8.0157	-43.9063	1.6671	7.2122	-1.7498	-0.8135	0.0237	4.4274	-1.8723	-0.0538
HG02881	AFR	AFR	0	1	0	0	0	62.0525	-18.3961	-0.4692	2.0492	2.5557	-5.0924	-1.5551	4.5903	-3.8171	-2.2062
HG03472	AFR	AFR	0	1	0	0	0	63.1575	-17.6359	0.531	0.4451	1.693	-4.0874	1.2582	6.1077	1.3242	0.7642
NA20796	EUR	EUR	0	0	0.007	0	0.993	1.859	13.5665	4.4127	7.8453	0.4944	-6.6886	-1.6288	5.1754	-3.0699	-4.0017
HG03864	SAS	SAS	0	0	0	1	0	1.6229	-7.9446	-18.8494	-5.477	1.1356	-2.9309	-3.56	0.373	-4.2063	-2.5062
HG03271	AFR	AFR	0	1	0	0	0	63.8283	-18.325	0.2325	1.4772	3.1235	-3.1967	-6.142	7.8409	-0.0871	-0.8844
HG00672	EAS	EAS	1	0	0	0	0	-7.7074	-45.5463	2.5786	6.7634	4.7043	-3.4928	-0.8523	8.1561	1.8839	0.2524
NA20522	EUR	EUR	0	0	0.0097	0	0.9903	1.7244	11.2732	4.3921	5.99	3.6786	-12.0054	-3.0846	6.8126	-2.6271	-0.2903
HG03476	AFR	AFR	0	0.9999	1e-4	0	0	63.2523	-17.1952	-0.7728	0.9575	1.8071	-1.9914	-2.4905	5.7036	-0.976	0.3475
HG02165	EAS	EAS	1	0	0	0	0	-7.3949	-44.1888	2.2718	7.7963	8.2837	-4.8473	-7.0209	3.3816	-2.83	0.483
HG01414	AMR	AMR	0	6e-4	0.8631	0	0.1362	9.0504	2.275	7.2036	0.8621	1.1156	-4.1572	-3.8314	3.8887	-2.2192	-1.3977
HG00187	EUR	EUR	0	1e-4	0.1708	0	0.829	0.6967	8.7261	5.8112	6.3938	3.8759	8.3236	-3.3261	-0.3168	-4.4287	-2.352
NA12750	EUR	EUR	0	0	0.004	0	0.996	0.5848	12.9457	5.4442	8.898	-2.7925	-1.7559	-3.1529	3.0971	-2.8751	-3.5003
HG01536	EUR	EUR	0	0	0.0019	0	0.9981	2.7426	12.2521	3.9032	9.4789	1.6809	-5.5398	-6.2104	5.6629	-6.2041	-3.494
HG04063	SAS	SAS	0	0	0	1	0	1.6098	-6.9573	-22.9032	-9.5904	5.0207	-2.5624	0.4783	4.0004	4.4795	1.4474
NA18909	AFR	AFR	0	1	0	0	0	62.8345	-18.2307	-0.4605	1.6352	1.4817	-2.1662	-5.2118	2.7968	-0.6909	0.8694
HG02343	AFR	AFR	0	0.9533	0.0467	0	0	49.8845	-10.9371	1.1406	2.3856	4.9418	-2.2207	-0.614	4.5161	0.4123	-1.7812
HG02895	AFR	AFR	0	1	0	0	0	63.3852	-17.1971	-0.3587	0.8951	1.6793	-3.6857	-0.7796	5.2633	-1.7877	-2.5288
NA19055	EAS	EAS	1	0	0	0	0	-6.8762	-42.9927	1.797	5.6003	-6.5742	-2.7056	-8.9375	5.211	-1.021	-0.0758
HG00457	EAS	EAS	1	0	0	0	0	-6.8955	-44.6764	2.1564	5.7465	1.3806	-4.1506	-8.4596	2.534	0.8397	2.0905
HG01474	AMR	AMR	0	1e-4	0.9999	0	0	-0.4281	6.9135	9.8677	2.2412	1.1396	-4.9317	-5.5576	6.0469	-5.4258	0.1802
HG03663	SAS	SAS	0	0	0	1	0	1.3787	-9.2584	-19.7274	-3.3549	0.0633	-3.5658	-2.2421	7.6939	-3.7709	-4.436
HG01697	EUR	EUR	0	0	0.0056	0	0.9944	1.6696	11.1123	4.1828	8.7238	1.4386	-5.2838	-4.3208	4.1734	2.7964	2.9043
HG03968	SAS	SAS	0	0	0	1	0	1.6042	-6.4356	-19.2849	-5.1967	-0.1703	-3.9122	-1.0745	-0.2199	1.7494	-0.3065
HG01768	EUR	EUR	0	0	0.0062	0	0.9938	1.3235	12.8962	5.4804	9.8553	3.0593	-6.4152	-3.2417	4.9606	-3.8552	-2.4277
HG03917	SAS	SAS	0	0	0	1	0	-0.0667	-9.3482	-18.266	-3.6687	0.1333	-5.2385	-1.6034	4.8416	-1.0416	-3.9906
HG02628	AFR	AFR	0	1	0	0	0	61.8122	-18.8745	-0.3517	2.0516	-2.5088	-2.4981	3.3775	2.5209	-2.9474	-2.4445
NA12249	EUR	EUR	0	0	0.0042	0	0.9958	-0.6322	11.319	3.5023	7.3693	2.598	-3.1976	-8.4593	5.48	-4.8416	-0.803
NA20767	AMR	EUR	0	0	0.6201	0	0.3798	2.6162	11.7205	3.8459	8.8786	1.153	-5.4603	-4.4768	2.7974	-0.4843	0.7911
HG04047	SAS	SAS	0	0	0	1	0	1.8395	-9.0523	-20.0572	-4.833	2.4405	1.1159	-3.8333	3.5215	-1.8987	-4.0403
NA18647	EAS	EAS	1	0	0	0	0	-7.592	-41.8597	2.6963	6.0752	-2.4966	1.4846	-2.4201	3.9657	-1.6561	-1.2065
HG02050	EAS	EAS	1	0	0	0	0	-6.8341	-42.8058	1.7637	7.2448	8.2962	-1.7298	-3.7489	3.6829	-1.833	-2.466
HG00372	EUR	EUR	0	0	0	0	1	-2.4006	11.5128	4.378	7.5968	2.7166	7.1925	-4.2009	4.7924	-2.3735	-2.5795
HG03127	AFR	AFR	0	1	0	0	0	61.7857	-16.7876	0.8939	1.5479	3.2274	-1.4633	-6.6317	4.3331	2.4174	-3.3916
NA19206	AFR	AFR	0	1	0	0	0	63.2114	-16.8052	0.8954	-0.0979	4.0652	-0.8081	-4.4501	4.6545	0.644	-0.2434
HG00367	EUR	EUR	0	0	1e-4	0	0.9999	-2.749	7.9121	6.2744	8.4108	2.0181	6.0739	-3.6122	3.9186	-2.708	-4.8514
NA18567	EAS	EAS	1	0	0	0	0	-6.9929	-43.465	3.0577	7.2991	1.2246	0.7671	-2.1134	1.8653	-0.3194	2.2969
NA20908	SAS	SAS	0	0	0	1	0	1.5783	-6.708	-18.4352	-3.8821	0.2313	-3.6967	-2.2445	0.4694	0.9776	-1.4158
HG01932	AMR	AMR	0	0.0086	0.9914	0	0	-5.6059	-15.3656	20.4135	-30.875	0.9337	-3.7911	-4.242	6.6945	1.2302	-1.7971
HG00253	EUR	EUR	0	0	0.0011	0	0.9989	-0.2235	12.7173	4.894	9.3567	0.2081	-2.0771	-6.7906	5.3139	0.7064	-1.3153
HG00180	EUR	EUR	0	0	0.0087	0	0.9913	-0.0161	10.3828	6.529	8.1097	3.0799	7.9643	-6.4965	4.4782	-0.8649	-0.0818
HG02389	EAS	EAS	1	0	0	0	0	-8.5871	-46.016	-0.1246	8.7654	7.6027	-0.5634	-1.0383	5.4971	-2.2524	2.5301
NA19682	AMR	AMR	0	0.0024	0.9976	0	0	-1.1752	-7.122	12.186	-13.9039	2.38	-3.6894	-5.9295	2.244	-0.2153	0.5237
NA19473	AFR	AFR	0	0.999	0.001	0	0	59.3669	-16.4521	-0.1919	1.2681	2.7664	-4.9409	-5.0742	0.6406	-1.3887	0.1283
HG03157	AFR	AFR	0	0.9999	1e-4	0	0	63.1683	-19.6457	-0.3091	1.8553	1.9441	-3.3096	-6.014	4.7101	-1.7042	-3.8299
HG00867	EAS	EAS	1	0	0	0	0	-6.9565	-45.1598	2.005	7.6944	6.0332	-1.5429	-6.834	3.6284	-1.9104	-4.2962
HG02252	AMR	AMR	0	0.001	0.999	0	0	-3.5495	-12.2709	18.5707	-24.1685	4.9329	1.1234	-4.9266	-0.1199	-5.2378	-3.2276
HG03826	SAS	SAS	0	0	0	1	0	-0.0807	-10.096	-16.9816	-5.2197	0.4328	-2.901	2.1736	0.9517	-6.0097	-5.597
NA19456	AFR	AFR	0	0.9999	1e-4	0	0	60.1839	-18.8346	1.478	2.4589	2.7158	-2.0491	-7.7025	-2.6141	-0.9503	-1.2441
NA18643	EAS	EAS	1	0	0	0	0	-8.8519	-45.0849	4.692	7.4448	-4.6209	-1.853	-2.6473	4.454	-4.9598	-1.9007
NA19189	AFR	AFR	0	1	0	0	0	63.9928	-16.0575	-0.0664	0.8506	2.5893	-4.1747	-7.827	3.9857	-3.9258	-2.4684
HG02356	EAS	EAS	1	0	0	0	0	-6.8872	-46.1081	0.7833	9.0834	9.3215	-4.2529	-1.5601	4.2292	1.5976	-0.8538
HG01191	AMR	AMR	0	0.0025	0.9975	0	0	5.6614	2.2929	8.9977	-2.2814	3.3349	-6.0057	1.5203	7.0612	-0.0784	-1.1357
NA20877	SAS	SAS	0	0	0	1	0	1.3142	-5.077	-17.409300000000002	-5.4222	2.632	-2.3622	-8.9326	4.497	-1.849	-1.3188
HG00236	EUR	EUR	0	0	0.0134	0	0.9866	1.1413	12.3622	5.4741	8.9954	5.145	-2.4538	-3.7107	5.4836	-2.3855	-1.2458
HG00271	EUR	EUR	0	0	1e-4	0	0.9999	-1.6543	8.6372	5.6782	8.4367	7.1505	6.7592	-4.0145	4.2207	-0.4699	1.2138
HG03410	AFR	AFR	0	1	0	0	0	63.2752	-17.9616	-0.885	0.1688	0.1324	-4.9597	-0.3214	3.6015	-1.5079	-0.5186
HG00189	EUR	EUR	0	0	0.0014	0	0.9986	-2.6908	7.0656	7.2724	9.9124	0.7452	4.6079	-5.3822	0.4471	0.4642	5.7165
HG03895	SAS	SAS	0	0	0	1	0	2.5673	-6.6938	-19.1185	-7.024	0.1141	-1.4651	-4.137	4.1163	-1.4248	-2.8042
NA19434	AFR	AFR	0	1	0	0	0	59.9941	-17.2531	0.2838	1.4786	2.2425	-4.5532	-7.2989	3.3784	2.4383	-2.4048
HG00114	EUR	EUR	0	0	1e-4	0	0.9999	-1.2463	12.6872	6.2512	9.5071	1.1577	-0.4577	-4.5531	4.7185	2.1291	-3.456
HG01970	AMR	AMR	0	1e-4	0.9999	0	0	-4.5391	-10.2482	17.5421	-23.3053	4.1497	1.0752	-3.7332	5.719	-1.7052	-2.8322
HG00267	EUR	EUR	0	0	1e-4	0	0.9999	-1.0339	9.1599	2.9148	8.5197	3.2901	8.8128	-5.0303	3.717	-3.6304	1.8977
NA18868	AFR	AFR	0	1	0	0	0	63.1583	-17.6851	0.617	-0.0611	1.7878	-1.5492	-5.6362	3.3366	-1.4579	-2.6291
NA21127	SAS	SAS	0	0	0	1	0	1.2257	-6.2971	-19.9985	-6.1991	5.7	-2.5944	-3.5084	7.0959	-4.4387	-2.1428
NA19908	AFR	AFR	0	0.9994	6e-4	0	0	53.6428	-13.8272	2.3116	1.3489	-1.7939	-1.6418	-2.2309	4.5446	-2.421	-0.7935
HG03539	AFR	AFR	0	1	0	0	0	58.4995	-17.2017	0.0255	2.3685	3.1966	-3.206	-2.6279	5.4485	-3.2267	0.9021
HG00328	EUR	EUR	0	0	0.0091	0	0.9909	-0.8327	10.2133	6.8417	8.9623	3.8691	6.0214	-3.7577	4.3819	-6.2611	-1.8145
NA19314	AFR	AFR	0	0.9999	1e-4	0	0	57.3584	-15.9123	-0.067	2.1065	5.3565	-2.7438	-4.7309	2.9185	-3.5405	0.9181
HG01323	AMR	AMR	0	0	1	0	0	5.5627	5.1844	9.6166	-0.3424	3.322	-5.5104	-1.4352	6.0633	0.0973	1.5268
NA21099	SAS	SAS	0	0	0	1	0	0.3494	-5.236	-17.6817	-3.5237	3.3815	-2.4083	-11.0297	8.4731	-2.3775	-1.3048
HG02392	EAS	EAS	1	0	0	0	0	-7.8265	-43.7403	0.2458	8.4276	10.5616	-5.1028	-2.9788	5.0248	0.1948	0.1841
NA12828	EUR	EUR	0	0	1e-4	0	0.9999	-1.4562	11.9435	4.6522	6.4721	3.5116	1.4195	-6.3198	5.9139	0.3803	-1.6451
HG02301	AMR	AMR	0	0	1	0	0	-5.2506	-17.3705	18.8338	-32.737	-0.2105	-0.0568	-5.1913	2.7459	0.2789	-2.4248
HG02614	AFR	AFR	0	0.9996	4e-4	0	0	59.8447	-16.7594	-0.9185	1.9859	1.2826	-4.0324	3.4217	5.4102	-0.1525	-0.625
NA20529	EUR	EUR	0	0	0.0066	0	0.9934	1.9441	12.3182	5.1178	9.1819	-0.2647	-8.9562	-0.1012	2.6191	-1.9443	-4.3875
HG00138	EUR	EUR	0	0	0.0072	0	0.9928	0.33	14.1466	5.5209	9.3152	3.3765	-5.081	-2.2537	5.1122	-1.4729	-0.2351
NA18994	EAS	EAS	1	0	0	0	0	-7.6427	-43.3876	2.0404	5.3666	-3.8864	-2.6285	-4.7215	3.7059	-0.6875	-2.2221
HG00542	EAS	EAS	1	0	0	0	0	-8.6759	-45.0483	-0.0373	5.8781	0.1316	-2.2285	-2.862	4.6411	0.7445	-0.8833
HG03773	SAS	SAS	0	0	0	1	0	1.6302	-8.0071	-23.5473	-6.2689	3.5098	-4.7056	-0.1815	5.1949	0.7026	3.5656
HG00273	EUR	EUR	0	0	0.3013	0	0.6986	-1.0369	8.3682	6.2295	8.7977	0.5796	0.5058	-1.6379	3.2674	-0.1251	1.0935
NA21090	SAS	SAS	0	0	0	1	0	1.9592	-6.2433	-20.4204	-5.4663	4.7668	-4.0252	-8.7107	7.6241	-3.9962	0.7872
HG01390	AMR	AMR	0	0.0016	0.9984	0	0	17.5846	-6.0192	11.4247	-4.5516	1.9196	-3.2385	-9.7886	1.1542	1.4546	-0.4889
NA18614	EAS	EAS	1	0	0	0	0	-7.8097	-44.7988	3.0202	7.6888	-1.7954	-0.9819	-4.8113	1.7767	-4.0819	3.4955
HG01272	AMR	AMR	0	1e-4	0.9999	0	0	8.5804	-6.9763	8.5026	-9.4236	2.4932	-8.6257	-4.6528	6.152	-2.4258	-0.2031
HG03752	SAS	SAS	0	0	0	1	0	1.3132	-7.7903	-18.0975	-5.3124	-0.2088	-0.7657	-3.0365	4.5894	-3.1977	-1.3674
NA20869	SAS	SAS	0	0	0	1	0	0.2174	-5.7285	-17.7936	-7.0421	4.7925	-4.6917	-8.7302	7.2654	-4.6212	-7.2329
HG04209	SAS	SAS	0	0	0	1	0	1.246	-6.395	-20.5409	-6.3915	-1.8595	-2.215	1.4778	2.7383	2.6136	-4.4405
HG00237	EUR	EUR	0	0	0.0013	0	0.9987	1.4303	11.0118	4.2371	8.6162	0.7488	-1.2363	-3.4066	4.2724	-2.8485	-2.2111
HG02107	AFR	AFR	0	1	0	0	0	60.3816	-17.1193	-0.1859	0.7495	2.8594	-2.0752	-5.0977	6.268	0.5684	-0.0142
HG01892	AMR	AMR	0	7e-4	0.9993	0	0	-1.0963	-17.5654	17.5505	-28.5521	-0.6025	-2.1046	-4.8911	4.2114	-8.2845	2.2842
HG00130	EUR	EUR	0	0	2e-4	0	0.9998	1.1135	13.5141	4.8601	11.109	-0.5803	-3.1941	-2.0614	1.8206	-2.2403	-3.7811
HG03965	SAS	SAS	0	0	0	1	0	1.2189	-10.2592	-19.7171	-6.4395	2.5324	-4.0309	-4.188	2.0553	-3.2715	-4.4043
NA19779	AMR	AMR	0	7e-4	0.9993	1e-4	0	0.8882	-1.8533	8.9559	-6.0788	1.782	-4.4998	-2.4172	6.426	-0.3802	-2.5044
HG01598	EAS	EAS	1	0	0	0	0	-7.5976	-43.3013	0.2594	7.5788	7.9613	-3.6365	-1.3643	4.7477	0.8448	-1.2538
NA12778	EUR	EUR	0	0	0.2241	1e-4	0.7759	0.3896	13.5211	7.5814	9.0877	1.2456	1.9236	-3.5253	3.1239	1.8474	-1.5345
NA19681	AMR	AMR	0	0.0166	0.9834	0	0	-0.8211	-10.55	13.6244	-17.457	1.8901	-0.3427	-2.9646	3.7726	-2.3926	0.4835
HG00472	EAS	EAS	1	0	0	0	0	-7.3053	-44.4154	2.6817	8.567	0.7839	-0.6633	-4.1109	5.7606	-0.777	-1.0378
NA19068	EAS	EAS	1	0	0	0	0	-9.0157	-43.4494	4.0106	5.4528	-2.891	-3.0236	-4.9028	4.1191	-2.439	2.1136
HG00266	EUR	EUR	0	0	0.0088	0	0.9912	-0.1119	9.2844	5.6518	7.5316	1.874	7.5814	-1.2825	4.8817	-2.894	-2.1715
NA19771	AMR	AMR	0	0.0284	0.9716	0	0	0.2803	-7.8529	14.2786	-12.5798	-1.2118	-1.8898	-3.6631	6.7905	-3.941	0.2315
HG02568	AFR	AFR	0	1	0	0	0	59.9717	-16.4588	-1.2864	0.483	0.9412	1.4618	0.8174	4.454	-0.5671	-1.4438
NA19678	AMR	AMR	0	5e-4	0.9995	0	0	5.2736	2.8215	8.596	-0.5402	0.5842	-3.9579	-3.2458	4.2753	-1.1095	0.0911
NA18523	AFR	AFR	0	0.9999	1e-4	0	0	62.9034	-17.1212	-0.3608	0.928	0.0762	-2.4712	-2.7553	7.2911	-2.1754	-3.4144
HG02235	EUR	EUR	0	0	0.0158	0	0.9842	1.1873	13.1146	3.5517	7.5459	-0.6964	-9.0792	-3.4251	8.2833	0.6613	-1.2058
HG01945	AMR	AMR	0	0.0023	0.9977	0	0	-4.5434	-17.3336	18.6304	-29.1651	2.9315	0.6801	-3.7391	3.7878	-0.4419	-1.1667
HG01939	AMR	AMR	0	0	1	0	0	-4.8583	-16.6563	21.5014	-30.0891	4.4412	-0.8339	-7.9555	6.8209	-2.0795	-2.0883
HG04141	SAS	SAS	0	0	0	1	0	0.5327	-13.2321	-17.1919	-4.8808	2.0453	-4.9529	-1.7087	2.3113	-0.9604	-1.4584
HG02943	AFR	AFR	0	0.9997	3e-4	0	0	62.0559	-18.2253	-0.5608	2.2934	2.8349	-3.5062	-4.8009	5.8886	-2.3214	-1.2507
NA18640	EAS	EAS	1	0	0	0	0	-8.3056	-44.3354	3.3585	6.3831	0.6758	-1.4382	-3.3131	4.7915	0.2967	-2.5028
HG01670	EUR	EUR	0	0	0.0023	0	0.9976	2.6428	13.0377	4.7023	10.8877	1.7197	-3.7882	-2.341	2.8357	-3.4252	1.5933
NA19009	EAS	EAS	1	0	0	0	0	-7.3874	-41.3646	2.8337	4.9253	-5.499	-2.7116	-5.5503	4.7189	2.5902	-0.8005
NA19036	AFR	AFR	0	0.9996	4e-4	0	0	60.5608	-15.4193	-1.332	1.2537	3.9634	-1.9033	-3.0272	1.9612	-2.3679	1.0372
HG02272	AMR	AMR	0	8e-4	0.9992	0	0	-8.2542	-25.8979	25.5297	-41.6903	5.656	-2.0909	-2.9635	4.9133	-1.2519	0.7719
HG00637	AMR	AMR	0	5e-4	0.9995	0	0	10.0467	2.2878	7.7199	1.0378	2.7553	-3.717	-2.8218	3.9226	-0.1107	0.9552
NA20321	AFR	AFR	0	0.9999	1e-4	0	0	50.0058	-11.6649	1.6614	2.2143	1.5366	-3.2218	-5.3468	3.3919	3.0343	-4.4904
NA19020	AFR	AFR	0	0.9957	0.0043	0	0	60.7088	-15.7353	-0.7331	3.5647	3.6204	-3.6798	-4.639	-0.1247	-1.0711	-1.1227
NA21101	SAS	SAS	0	0	0	1	0	0.2733	-7.2773	-18.793	-3.7267	5.0085	-1.8746	-6.1631	6.3349	0.9068	-5.9032
HG03742	SAS	SAS	0	0	0	1	0	1.8827	-7.043	-19.3903	-5.4457	3.8223	-1.9586	-1.6546	2.3635	4.0321	-5.4294
HG02003	AMR	AMR	0	4e-4	0.9996	0	0	-6.4087	-19.5604	21.8859	-32.1905	1.333	-2.6194	-2.7098	6.4123	-2.6658	-0.146
NA19834	AFR	AFR	0	0.9985	0.0015	0	0	47.8586	-9.0593	2.6328	3.524	-1.0914	-1.7022	-1.1785	5.71	-1.353	-0.4978
NA19403	AFR	AFR	0	1	0	0	0	59.3539	-15.897	0.4817	2.4508	4.1841	-2.9565	-5.045	0.081	-1.8357	0.7677
HG01148	AMR	AMR	0	5e-4	0.9995	0	0	2.3913	0.6505	9.3903	-3.5067	5.2669	-6.0528	-5.1664	1.0631	-2.7184	-3.5227
NA18870	AFR	AFR	0	1	0	0	0	63.2575	-17.6503	1.0047	2.1733	1.8999	-3.4983	-5.9533	1.4914	-0.1301	-1.1985
HG01284	AMR	AMR	8e-4	0.0064	0.9143	0.003	0.0755	2.202	2.7007	8.2452	-1.6426	3.2401	-5.7649	-3.8211	6.3553	-2.7883	-2.9341
HG01372	AMR	AMR	0	0	0.8662	1e-4	0.1336	0.325	-0.7021	13.4003	-7.1489	4.2538	-4.6953	-6.4789	6.5818	-0.0143	-7.6206
NA19042	AFR	AFR	0	1	0	0	0	58.1041	-16.2745	-1.1995	0.9612	3.84	-5.7936	-3.0886	0.1139	0.1935	-3.1685
NA19471	AFR	AFR	0	0.9996	4e-4	0	0	59.2362	-16.5014	0.2996	1.568	2.3396	-3.1065	-5.0821	0.5421	0.1286	-1.3813
HG02485	AFR	AFR	0	0.9942	0.0058	0	0	45.0808	-9.7376	0.9543	2.2019	4.6535	-8.1156	-2.1896	3.6384	0.9216	-2.4765
HG01577	AMR	AMR	0	0.0012	0.9988	0	0	1.4359	-5.3066	13.0877	-14.5458	4.0044	-3.4139	-0.3053	8.0523	-1.2455	-5.4525
HG00264	EUR	EUR	0	0	0.0019	0	0.9981	1.2648	13.5747	6.8756	8.0818	2.1381	-4.1521	-4.226	2.4157	-0.4641	-6.5372
HG01695	EUR	EUR	0	0	0.0097	0	0.9903	3.0356	9.8101	4.1201	8.6829	3.3268	-6.3698	-2.0005	2.0447	-4.8243	-2.0678
HG01765	EUR	EUR	0	0	0.0423	0	0.9577	1.5902	11.9047	4.8523	8.2339	-0.4498	-5.7419	1.6143	3.5532	-0.9758	1.792
HG04152	SAS	SAS	0	0	0	1	0	-0.7741	-10.892	-18.473	-4.8078	2.2375	-1.8376	0.625	1.9699	-2.3699	-4.5198
HG02696	SAS	SAS	0	0	0	1	0	1.9487	-4.2351	-15.3355	-4.0831	0.9663	-0.4202	-1.2914	7.4914	-2.0022	-4.3414
HG03025	AFR	AFR	0	0.9992	8e-4	0	0	62.4973	-18.597	0.3398	2.4009	1.1973	0.001	-1.8195	3.9969	-3.8599	-0.4926
HG02810	AFR	AFR	0	0.9997	3e-4	0	0	58.1692	-13.4755	0.778	4.0327	2.4507	-5.4229	1.9555	0.7714	-2.1109	0.5837
NA18617	EAS	EAS	1	0	0	0	0	-7.3708	-44.6701	1.6508	7.1407	0.0755	-3.5799	-7.1664	3.3862	0.2316	-2.0267
HG00844	EAS	EAS	1	0	0	0	0	-7.0612	-44.0832	0.9561	9.7484	7.9121	-3.7398	-4.8142	2.4508	-2.0911	-2.2726
HG03645	SAS	SAS	0	0	0	1	0	3.3505	-8.6205	-19.596	-3.6953	0.918	-1.5629	-4.984	6.2373	3.532	-3.2891
NA18999	EAS	EAS	1	0	0	0	0	-8.2155	-43.1306	2.0654	5.0069	-4.8103	0.7238	-7.2589	6.1025	-2.1788	-1.331
NA19440	AFR	AFR	0	1	0	0	0	59.7228	-15.5618	0.4565	2.292	4.4368	-6.3764	-5.6602	-2.6887	0.517	-4.1971
NA12763	EUR	EUR	0	0	0.076	0	0.924	-1.2298	11.5645	5.2796	9.375	-2.009	-1.0453	-0.2854	4.8336	0.8493	-1.9721
HG03115	AFR	AFR	0	1	0	0	0	63.1907	-18.0788	0.3669	0.0511	-0.0809	-1.5227	-4.119	7.4471	2.499	-2.0376
HG03869	SAS	SAS	0	0	0	1	0	0.316	-7.8352	-18.0219	-7.0952	0.5798	-3.0075	-1.497	-2.27	2.0272	-1.9988
NA21144	SAS	SAS	0	0	0	1	0	0.3367	-5.4722	-19.6873	-3.1041	4.0212	-3.5485	-7.1793	10.7367	-2.226	5.0218
NA19457	AFR	AFR	0	1	0	0	0	59.5176	-17.9782	-0.327	1.1938	3.2317	-3.2972	-8.1285	1.4363	-2.7675	-3.1865
HG02138	EAS	EAS	1	0	0	0	0	-6.6245	-44.2303	0.558	6.9972	9.6439	-5.6265	-2.6	3.2245	-4.2588	-0.5497
NA18967	EAS	EAS	1	0	0	0	0	-7.6743	-43.098	3.0859	4.9329	-6.5725	-4.5477	-6.6752	3.6137	1.6228	2.8857
NA18973	EAS	EAS	1	0	0	0	0	-8.007	-41.941	3.0575	4.8786	-6.737	-5.0688	-3.9601	6.3545	-1.199	-3.7896
NA06989	EUR	EUR	0	0	0.2318	0	0.7682	-2.8486	12.668	3.8465	9.65	1.4331	-1.8116	-0.5278	5.5676	-0.5938	-6.4667
HG03470	AFR	AFR	0	1	0	0	0	62.8929	-18.4555	-0.2737	-0.007	4.0604	-1.9845	-2.5417	7.866	-2.6673	0.2345
HG01605	EUR	EUR	0	0	0.001	0	0.999	1.5931	11.4288	4.0864	8.2637	-0.7737	-4.5218	-4.2048	-1.0574	0.9252	-1.1865
HG00146	EUR	EUR	0	0	0.0053	0	0.9947	0.3822	13.2557	6.13	9.9155	2.5023	-0.0254	-2.9873	5.0825	-0.0319	0.4139
HG03886	SAS	SAS	0	0	0	1	0	1.3774	-8.6313	-19.8886	-7.1414	-1.0517	-5.1696	-1.3779	2.6516	-4.2194	-4.6201
HG03074	AFR	AFR	0	0.9999	1e-4	0	0	64.0602	-17.6763	-1.0024	0.9603	2.4413	-2.993	-1.487	6.6665	-3.5861	-1.4287
NA12275	EUR	EUR	0	0	0.0041	0	0.9959	1.2686	13.7656	7.3685	8.7499	3.7306	-1.8082	0.6408	7.0449	-3.0897	0.3561
HG02298	AMR	AMR	0	0.0056	0.9944	0	0	-3.812	-12.0527	17.4264	-18.0826	4.8021	-4.4965	-1.6013	5.5684	0.0657	-3.8384
NA20512	EUR	EUR	0	0	0.021	0	0.979	1.7489	11.774	4.8404	7.9474	1.318	-10.2547	-2.5367	3.8222	-1.7522	0.0822
HG00274	EUR	EUR	0	0	0	0	1	-1.266	11.2092	4.5826	9.0424	3.2636	10.3616	-2.9299	6.1749	-6.9905	-4.8308
HG04070	SAS	SAS	0	0	0	1	0	1.0335	-7.9863	-21.1698	-5.9835	4.3705	-4.0928	-2.9577	6.03	-1.7309	0.3513
NA19657	AMR	AMR	0	0.0046	0.9954	0	0	-0.7175	-10.4843	13.491	-16.2929	-1.2583	-1.2892	-3.4995	4.5442	-6.8722	0.6173
NA18952	EAS	EAS	1	0	0	0	0	-6.9389	-43.8025	3.6068	5.8099	-6.4	-3.1878	-6.0982	2.6313	1.8286	-2.3887
HG02384	EAS	EAS	1	0	0	0	0	-7.9513	-45.8988	2.6027	8.5826	8.7021	-3.9111	0.4685	3.1231	-1.2554	-1.0232
NA20355	AFR	AFR	0	0.9997	3e-4	0	0	50.2695	-12.3438	0.9001	3.2978	3.6688	3.846	-2.9392	6.7186	1.082	-2.3998
NA18939	EAS	EAS	1	0	0	0	0	-6.9728	-44.2751	2.5821	4.6011	-6.7326	-3.4682	-5.0512	4.9739	1.5146	0.7136
NA18545	EAS	EAS	1	0	0	0	0	-7.3266	-44.4213	2.5532	7.574	1.7915	-1.9483	-5.1473	5.695	-2.2241	1.6378
HG02820	AFR	AFR	0	0.9999	1e-4	0	0	62.6029	-17.7419	-0.6204	1.6329	1.3293	-2.0062	0.2319	4.5724	-0.9119	-2.2154
HG03190	AFR	AFR	0	1	0	0	0	63.2512	-17.9748	1.7163	0.412	2.6427	-3.9722	-8.456	3.7082	-0.9672	-3.1585
NA07037	EUR	EUR	0	0	0.0163	0	0.9837	2.2877	13.2459	6.0057	9.3728	0.0064	-0.5059	0.3013	2.3271	0.0185	-2.6692
HG03124	AFR	AFR	0	1	0	0	0	63.2006	-17.7153	-0.1086	0.8749	1.7648	-4.4251	-7.1286	6.1143	-4.2779	-1.9528
NA20800	EUR	EUR	0	0	0.0125	0	0.9875	0.6405	11.9283	5.1887	10.633	0.0853	-13.2536	-0.2847	2.4568	0.6175	-5.5134
HG03824	SAS	SAS	0	0	0	1	0	-0.0817	-13.5976	-15.3973	-4.6468	4.9254	1.3383	-2.2981	5.4271	-2.4591	-2.7954
NA20760	EUR	EUR	0	1e-4	0.1431	1e-4	0.8568	1.8497	9.9505	4.222	9.1793	3.3802	-6.1636	-5.0766	2.4852	-3.5225	-3.2909
HG03833	SAS	SAS	0	0	0	1	0	0.563	-10.4803	-15.1444	-4.3095	4.2244	-2.8736	-3.6463	-3.239	1.2277	-1.7132
NA11843	EUR	EUR	0	0	0.0011	0	0.9989	0.0121	13.4156	4.7551	9.1097	1.9851	0.0713	-5.172	5.5072	-1.044	0.5966
HG03129	AFR	AFR	0	0.9999	1e-4	0	0	64.1808	-18.8451	0.8828	2.7085	1.1613	-2.4446	-3.6761	5.9886	1.923	-4.4141
HG03133	AFR	AFR	0	1	0	0	0	63.7707	-17.6608	0.0179	0.6883	2.1773	-0.5696	-5.7769	7.5705	0.265	1.326
HG01682	EUR	EUR	0	0	0.0149	0	0.9851	1.5246	14.7067	6.1377	10.0454	4.542	-11.1525	-5.3294	2.7719	-0.4461	0.0776
HG01912	AFR	AFR	0	0.9989	0.0011	0	0	55.6966	-13.7371	0.7905	1.5324	3.6186	-3.6459	-5.5882	5.4611	-0.01	-0.0439
HG02896	AFR	AFR	0	1	0	0	0	61.6214	-15.9183	1.0485	2.1547	0.8884	0.033	0.0678	3.5408	-3.1644	-1.7046
HG03040	AFR	AFR	0	0.9999	1e-4	0	0	61.9821	-16.6181	-0.6072	2.1136	1.8271	-3.2825	-1.545	6.5465	0.4347	0.536
NA20516	EUR	EUR	0	0	0.0101	0	0.9899	-0.0407	13.2489	3.4298	9.2236	-1.6383	-6.6005	-0.1097	4.0716	2.4698	-5.1585
NA19010	EAS	EAS	1	0	0	0	0	-8.2861	-44.3893	3.2868	5.1923	-8.3869	-4.1109	-7.3364	4.5762	-5.6549	-3.0166
HG01873	EAS	EAS	1	0	0	0	0	-5.9758	-44.2887	1.0701	8.5369	5.5924	-1.4958	-2.5642	6.235	-3.5856	-0.564
HG03928	SAS	SAS	0	0	0	1	0	1.932	-10.5586	-17.4325	-5.6797	4.151	-5.5238	-2.5213	2.764	2.5866	-2.3063
NA18856	AFR	AFR	0	1	0	0	0	62.5864	-18.1737	-0.2266	1.5985	0.8248	-3.2449	-3.7924	4.9391	-3.1002	-2.593
HG03259	AFR	AFR	0	0.9986	0.0014	0	0	60.8294	-16.8365	-0.9899	2.107	1.0427	-1.2066	-0.8797	6.4584	-3.741	-3.5258
NA18501	AFR	AFR	0	1	0	0	0	61.7685	-17.2447	-0.2027	1.9551	3.9098	-3.4328	-7.0219	8.0063	3.1451	-0.4377
HG01853	EAS	EAS	1	0	0	0	0	-5.7723	-44.3716	-0.6173	5.9532	5.9604	-4.2307	-4.7804	5.3585	-0.5386	-2.3189
NA21093	SAS	SAS	0	0	0	1	0	1.2382	-5.1451	-20.9967	-5.6884	3.9478	-2.4094	-8.0524	9.0122	-1.6009	-3.7023
HG01612	EUR	EUR	0	0	0.0461	0	0.9539	2.5418	11.9428	5.4915	9.1685	7.5785	-1.9464	-4.8739	5.9297	-0.5467	0.5222
HG02122	EAS	EAS	1	0	0	0	0	-5.7301	-45.5829	-0.7295	7.0235	4.4922	-0.3197	-3.4261	6.717	1.903	-3.3815
HG02691	SAS	SAS	0	0	0	1	0	0.2689	-0.4028	-11.4647	-1.4328	0.1495	-4.0209	-3.0697	3.196	-3.4416	-2.6946
HG01868	EAS	EAS	1	0	0	0	0	-7.4627	-42.3988	-0.5221	6.7632	8.956	-4.9366	-3.3978	0.676	1.3666	-0.4288
NA12813	EUR	EUR	0	0	0.0841	0	0.9159	-0.1799	12.6557	4.9378	7.861	-1.9577	2.447	-1.692	4.4461	-0.2311	-2.0532
HG04002	SAS	SAS	0	0	0	1	0	0.963	-6.9536	-21.4711	-4.7764	1.3596	-0.8235	-2.4453	5.7037	1.4013	-0.5716
NA19701	AFR	AFR	0	0.9917	0.0083	0	0	51.5419	-12.8766	-0.6693	0.7622	1.6816	-1.565	-3.4415	2.3683	0.5897	-3.3912
HG03838	SAS	SAS	0	0	0	1	0	1.5078	-9.2657	-19.551	-6.6954	1.123	-2.9946	-6.4722	6.2291	-1.6251	-2.0132
HG01162	AMR	AMR	0	3e-4	0.9974	1e-4	0.0022	5.4787	3.8044	7.3819	-0.9494	2.2415	-8.2521	-7.138	0.0775	-3.6977	0.9123
HG02429	AFR	AFR	0	0.9999	1e-4	0	0	57.8044	-14.8814	1.0561	3.7339	4.4684	-5.3531	-8.4257	3.1632	-2.7695	1.4814
NA11893	EUR	EUR	0	0	0.2968	1e-4	0.7032	-1.6368	11.6239	3.6705	9.5499	0.8519	-0.6461	-0.7767	5.5782	-1.2714	0.3099
NA18516	AFR	AFR	0	0.9999	1e-4	0	0	62.6005	-18.4582	0.0905	0.7192	3.7435	-2.47	-3.5014	6.2456	-0.8484	-2.421
HG03280	AFR	AFR	0	0.9999	1e-4	0	0	64.1631	-17.6369	-0.2067	0.9739	1.4754	-0.707	-6.6518	7.0013	1.5691	-2.9776
NA11932	EUR	EUR	0	0	0.009	0	0.991	0.0119	12.356	4.223	8.4645	2.1268	0.0417	-1.9925	0.3179	3.3968	-2.3805
HG01479	AMR	AMR	0	0.0026	0.9952	0.0017	5e-4	3.0247	6.758	6.6618	3.5279	1.2532	-4.7205	-2.3351	8.8242	-2.9418	1.165
NA19087	EAS	EAS	1	0	0	0	0	-9.5681	-44.0004	3.1432	4.7088	-5.7807	-3.5087	-3.7522	3.6262	-3.0998	0.1065
HG00339	EUR	EUR	0	0	0.0061	0	0.9939	-1.9133	8.3031	5.5089	8.0272	5.8202	4.6404	-1.8585	8.4323	-2.2453	0.7476
HG01796	EAS	EAS	1	0	0	0	0	-9.0208	-44.8272	0.4961	8.4932	8.0384	-5.8631	-3.3513	5.6665	1.4821	-3.0581
NA19914	AFR	AFR	0	0.9994	6e-4	0	0	44.292	-9.2706	0.5881	3.2216	3.1994	-5.124	-4.089	7.4283	-3.5682	-0.3088
NA19438	AFR	AFR	0	1	0	0	0	59.984	-18.0656	0.3813	1.9353	2.9271	-2.4394	-5.6206	0.7427	1.1856	-0.265
HG00275	EUR	EUR	0	0	1e-4	0	0.9999	-0.389	9.5568	5.7238	10.0199	-1.0587	5.9843	-4.2436	1.9908	0.0327	-3.3147
HG02497	AFR	AFR	0	1	0	0	0	60.7185	-16.0177	0.7729	1.7963	1.3022	-2.5291	-5.5371	6.7345	-0.3508	-2.5454
HG03685	SAS	SAS	0	0	0	1	0	1.0492	-7.5224	-18.0771	-5.6649	2.2597	-0.3419	-0.8417	3.2951	4.7243	-1.991
HG00580	EAS	EAS	1	0	0	0	0	-7.7588	-42.6766	1.7914	6.2213	1.2862	-2.4097	-3.0948	3.4805	-0.9819	-0.3464
NA19446	AFR	AFR	0	0.9991	9e-4	0	0	58.8239	-16.9209	-0.7016	0.6063	4.0164	-4.1691	-5.6315	-0.6136	-0.4896	-1.666
NA20524	EUR	EUR	0	0	0.0015	0	0.9985	1.7322	11.5631	3.3023	11.7018	1.3009	-7.9004	-5.9819	3.9476	0.5984	-0.5395
HG00259	EUR	EUR	0	0	0.0121	0	0.9879	-0.2612	12.0449	6.074	8.0249	-0.3358	-2.002	-7.0698	2.2844	0.3252	-4.5752
HG02166	EAS	EAS	1	0	0	0	0	-7.2816	-44.0082	1.2958	9.0739	7.6167	-5.9204	-5.4623	5.6563	0.4808	-1.2165
NA20296	AFR	AFR	0	0.9995	5e-4	0	0	48.096	-11.853	0.6041	3.3906	4.4692	-2.1739	-1.0643	7.8354	0.22	-1.7071
NA12890	EUR	EUR	0	0	0.2491	1e-4	0.7508	-0.19	12.0986	5.2965	8.8225	-0.4583	-2.1772	-5.8054	4.8035	4.3084	0.4737
HG00452	EAS	EAS	1	0	0	0	0	-6.8952	-44.4067	1.7219	7.7155	3.5538	-4.2588	-4.1111	4.0165	-6.2841	-3.0885
HG03951	SAS	SAS	0	0	0	1	0	2.7078	-7.24	-18.9258	-4.9883	2.1462	-1.5282	-2.5302	0.816	-2.2572	-3.6883
NA18528	EAS	EAS	1	0	0	0	0	-5.0561	-41.2493	3.0695	6.124	-5.9774	-0.9688	-4.2938	0.7471	-4.9739	-5.6353
NA18881	AFR	AFR	0	1	0	0	0	62.6255	-17.1109	-0.9087	1.7775	0.7279	-2.879	-5.2637	3.4248	-2.4023	-2.5726
HG01061	EUR	AMR	0	0	0.0971	0	0.9029	3.518	6.4249	9.5541	3.1763	1.9098	-4.3168	-5.1686	-1.2389	3.3245	3.7947
HG03636	SAS	SAS	0	0	0	1	0	0.9318	-2.4697	-14.2559	-3.2201	1.5186	-1.8173	-4.489	2.2174	-2.8296	2.3366
HG00117	EUR	EUR	0	0	3e-4	0	0.9997	-0.0848	12.4405	4.7033	10.3377	3.3169	-2.4798	-3.2668	4.7008	0.8162	-4.9341
NA12283	EUR	EUR	0	0	0.0059	0	0.9941	0.9248	11.859	4.7912	7.6707	1.5564	-4.5628	-7.5324	6.8981	-3.2326	-0.4997
HG03740	SAS	SAS	0	0	0	1	0	3.0105	-9.1228	-20.4013	-6.4383	1.7206	-2.5197	-5.0614	4.361	0.6027	-2.3504
HG01880	AFR	AFR	0	0.9302	0.0698	0	0	34.3382	-14.5774	-7.0265	-0.7997	3.7221	-3.1151	-0.2756	3.6499	-0.9066	0.8928
HG01464	AMR	AMR	0	0.0025	0.9975	0	0	11.2554	-4.2405	10.4715	-7.3525	3.4247	-0.9545	-4.7845	5.8225	1.2419	-1.1341
HG01113	AMR	AMR	1e-4	8e-4	0.999	0	1e-4	-1.0671	2.485	9.6314	-4.6106	1.5307	-6.3759	-1.4811	7.1595	-0.7146	-0.4
HG01528	EUR	EUR	0	0	7e-4	0	0.9993	2.8972	12.4697	5.026	10.7546	0.8897	-2.8412	-6.004	3.5221	-4.3516	-1.4065
HG01048	AMR	AMR	0	0	0.9996	0	3e-4	6.6136	8.6138	7.0727	0.7159	5.1833	-5.8611	-8.9995	6.0971	0.8897	-6.1636
NA19394	AFR	AFR	0	0.9993	7e-4	0	0	60.0178	-18.0361	0.318	-0.3124	4.7399	-0.9766	-5.3504	-1.6943	-2.485	-4.5357
HG01197	EUR	AMR	0	0	0.0943	0	0.9057	3.2175	6.0311	7.6771	1.4623	0.8677	-2.6899	-3.4385	1.6873	-4.8137	8.1958
HG02583	AFR	AFR	0	1	0	0	0	62.277	-16.9971	0.1154	1.4024	2.0504	-2.9937	3.4677	2.9384	-0.3719	-3.5026
HG01870	EAS	EAS	1	0	0	0	0	-7.4104	-43.9153	1.365	6.9854	7.7253	-3.6672	-6.0227	1.3817	0.8488	-2.1543
HG01098	AMR	AMR	0	2e-4	0.9997	0	0	6.5079	5.2486	7.9243	2.1351	2.2952	-8.1485	-2.3146	4.1418	-3.5254	3.9651
HG03770	SAS	SAS	0	0	0	1	0	0.9224	-9.5931	-18.4815	-3.8529	2.1523	-1.0006	-1.5684	0.8731	-1.1284	-3.3157
NA18986	EAS	EAS	1	0	0	0	0	-7.0124	-42.1927	3.3881	4.2466	-4.0641	-3.9747	-1.7765	6.1657	-0.3525	-3.4328
HG00251	EUR	EUR	1e-4	0	0.0056	0	0.9944	0.5438	12.1753	6.0034	9.1715	2.241	-2.2876	-6.1742	2.9194	-5.887	-1.6008
NA20531	EUR	EUR	0	0	0.1474	0	0.8525	1.2345	10.6099	4.7513	8.3082	2.4408	-6.652	-1.6885	-3.0439	-1.2584	0.201
NA18609	EAS	EAS	1	0	0	0	0	-7.0118	-41.1426	2.4201	6.0185	-2.9489	-0.4188	-1.8871	3.0593	-6.9121	-4.7763
HG02035	EAS	EAS	1	0	0	0	0	-6.6255	-43.2718	-0.2773	7.9004	9.0536	-4.5972	-4.4663	6.9734	-4.7364	-1.7304
HG00734	AMR	AMR	0	3e-4	0.9997	0	0	4.0365	3.0711	10.7104	0.1644	3.5269	-3.8013	-3.0128	4.6825	-0.4341	0.0933
NA20786	EUR	EUR	0	0	0.0113	0	0.9887	0.7894	11.0304	4.4863	6.9586	-0.0369	-7.4715	-2.5793	7.1304	0.0132	-3.5659
HG03061	AFR	AFR	0	1	0	0	0	64.1062	-17.5439	-1.4718	1.9494	1.3545	-1.5547	-1.3672	6.4486	-1.2708	1.4843
HG01432	AMR	AMR	1e-4	2e-4	0.9727	0.0011	0.026	2.066	1.8161	8.7236	-0.3553	4.5619	-7.7093	-5.5731	2.1887	-1.7699	-3.3685
HG02278	AMR	AMR	0	0.0015	0.9985	0	0	-6.8358	-22.0693	22.4746	-36.329	3.0075	-2.7013	-6.4465	5.2448	-1.6332	1.2206
HG00325	EUR	EUR	0	0	9e-4	0	0.9991	-3.3948	6.2976	6.3113	8.9204	5.5021	12.1355	-1.2731	4.2973	-3.5544	-1.8713
HG00638	AMR	AMR	0	2e-4	0.9982	1e-4	0.0014	11.3131	4.6046	7.4578	0.2137	2.5484	-7.2427	-5.2988	3.7028	-1.1405	-2.2438
HG03854	SAS	SAS	0	0	0	1	0	2.0671	-8.1364	-20.3879	-7.6449	2.3725	-2.4261	-0.9682	-0.6207	-1.6577	-7.0875
NA19731	AMR	AMR	0	0	1	0	0	-8.0188	-24.8857	21.2866	-35.6439	3.6213	0.0592	-2.5913	3.0785	-0.9921	-0.0234
HG02731	SAS	SAS	0	0	0	1	0	0.0291	-5.4923	-15.2725	-2.2648	1.985	-5.8603	-6.2146	4.8867	0.2625	0.2463
HG00112	EUR	EUR	0	0	0.0023	0	0.9977	0.3077	14.0155	5.0645	9.4944	7.1932	-2.9191	-5.674	2.3723	1.3228	-0.1997
HG03342	AFR	AFR	0	1	0	0	0	62.9018	-17.5894	0.0018	0.2843	3.5029	-0.7572	-5.4195	5.0016	-0.7035	0.2288
HG02379	EAS	EAS	1	0	0	0	0	-8.3594	-43.5457	0.1534	7.4916	8.9015	-2.4762	-6.5171	2.7956	1.2874	1.9433
HG03640	SAS	SAS	0	0	0	1	0	0.8291	-8.3313	-17.72	-4.7687	1.9726	-0.4065	-3.3849	7.4175	1.6639	-3.5272
NA20854	SAS	SAS	0	0	0	1	0	-0.1034	-3.5177	-14.3428	-2.488	4.0599	-1.284	0.6121	6.3048	-4.6229	4.2983
HG00157	EUR	EUR	0	0	0.1051	0	0.8949	0.3416	11.0099	6.7451	9.8477	4.0041	-4.4339	-1.4031	2.7128	-4.7028	-0.5536
HG02108	AFR	AFR	0	0.9978	0.0022	0	0	51.5076	-12.9377	1.4723	2.3312	0.6584	-2.4137	-4.3383	-0.3999	0.2961	1.1982
HG02760	AFR	AFR	0	1	0	0	0	61.4373	-17.0675	0.1329	1.3639	-0.4175	-4.4115	0.5072	2.5835	-4.6161	0.0975
HG01398	AMR	AMR	0	0.0065	0.9935	0	0	9.5289	1.5768	8.3335	-0.678	-1.3534	-6.9734	-6.3428	2.0762	0.7143	2.8111
NA19316	AFR	AFR	0	0.9981	0.0019	0	0	57.4224	-17.4292	-0.2674	2.1993	4.9938	-4.1643	-4.4985	2.0658	-1.647	-3.454
NA19079	EAS	EAS	1	0	0	0	0	-6.9137	-44.053	1.8956	4.0664	-4.7808	-2.095	-2.4605	3.8319	-2.7926	-0.9132
HG01927	AMR	AMR	0	0.0011	0.9989	0	0	-8.8167	-22.1433	22.5501	-37.1455	3.9215	-0.4944	-3.989	4.832	-1.4675	-1.497
NA18537	EAS	EAS	1	0	0	0	0	-7.9537	-43.0989	2.0632	6.2302	-3.077	-1.1359	-4.9386	6.0531	-4.9068	-3.571
HG01174	AMR	AMR	0	0	0.999	1e-4	9e-4	3.6274	6.0326	5.8948	3.3136	0.7534	-5.077	-4.255	5.8258	-0.3844	-3.8934
HG00278	EUR	EUR	0	0	8e-4	0	0.9992	-0.4276	9.5056	5.0141	8.8869	4.1718	7.7095	-3.9689	4.1528	-2.1303	-2.8948
NA18871	AFR	AFR	0	1	0	0	0	62.5874	-17.9201	-0.1279	0.5812	1.7332	-3.1445	-3.0986	4.2359	-0.149	0.0778
HG01079	AMR	AMR	0	6e-4	0.9993	0	0	8.5627	2.5954	6.731	3.0233	4.1487	-7.0054	-0.5277	3.4537	4.2504	-4.523
HG00327	EUR	EUR	0	0	1e-4	0	0.9999	-0.7873	9.2335	6.6221	8.75	2.4641	5.9063	-0.8006	0.2496	0.5157	1.2896
NA20790	EUR	EUR	0	0	0.0029	0	0.9971	1.9973	13.9295	3.1562	9.6888	0.1769	-4.3317	-1.4064	7.7365	-4.4491	3.2265
HG01777	EUR	EUR	0	0	0.1002	0	0.8998	-0.2062	12.8519	5.4385	9.954	-1.2314	-8.596	-4.8344	8.3645	0.8676	-3.4512
HG03974	SAS	SAS	0	0	0	1	0	1.1984	-5.3069	-19.5067	-3.9017	6.2635	-4.5944	-1.1919	1.597	0.6788	0.6264
HG01773	EUR	EUR	0	0	0.0245	0	0.9755	2.0252	12.0588	6.3296	9.8999	2.6156	-8.0472	-2.5196	4.714	-2.5315	-1.5235
NA19651	AMR	AMR	0	0	0.9998	1e-4	1e-4	3.3927	1.7249	9.9693	-5.2916	-0.0681	-6.3427	-1.579	5.1474	-4.7195	-1.4037
NA20519	EUR	EUR	0	7e-4	0.0129	8e-4	0.9855	1.6758	13.0706	3.5114	10.0785	3.1306	-7.2669	-2.1344	3.9861	0.4261	-1.8153
HG01506	EUR	EUR	0	1e-4	0.0128	0.0017	0.9854	2.2633	13.1872	4.0568	8.6224	-0.9447	-2.2133	-3.935	4.8193	3.4024	-0.6453
HG00231	EUR	EUR	0	0	0.0204	0	0.9796	-0.6358	12.2906	6.4113	7.0033	0.9396	-4.4143	-2.0704	1.8689	-1.4551	-2.736
NA19146	AFR	AFR	0	0.9998	2e-4	0	0	62.5649	-18.0408	-0.0745	0.5608	3.0617	-2.6641	-3.3336	3.6623	-1.6291	0.2153
HG01187	AMR	AMR	0	0.0066	0.993	1e-4	3e-4	7.3352	-3.3725	10.0175	-4.6682	0.7069	-4.8144	-5.0106	1.1922	1.4534	2.4099
HG02283	AFR	AFR	0	0.9883	0.0117	0	0	48.8535	-10.3421	2.8496	2.6496	2.6339	-0.7494	-4.6331	7.2224	1.2477	2.9858
NA20298	AFR	AFR	0	1	0	0	0	58.0006	-16.0879	-0.4113	1.3327	4.3698	-2.841	-4.1399	5.384	-0.8498	-1.2259
HG03731	SAS	SAS	0	0	0	1	0	1.9609	-7.0781	-20.202	-5.4896	2.3598	-5.3543	-2.5074	6.9596	-9.4497	1.462
HG02541	AFR	AFR	0	0.9913	0.0087	0	0	50.1587	-12.7617	0.3093	2.8988	1.4092	-2.5742	-6.8905	5.2496	-3.3117	-3.5954
NA19700	AFR	AFR	0	0.9983	0.0017	0	0	53.1034	-12.7101	1.0728	1.3998	2.6508	-0.8499	-3.3934	2.1468	0.2255	-1.1019
NA19332	AFR	AFR	0	0.9999	1e-4	0	0	59.2366	-16.9521	-0.1234	1.9582	2.8043	-4.0116	-7.2475	1.2706	2.7475	-0.7945
NA19462	AFR	AFR	0	0.9991	9e-4	0	0	59.5188	-17.4108	-0.0244	0.4276	2.5189	-1.6276	-9.2131	1.3677	0.3151	-3.3505
NA19436	AFR	AFR	0	1	0	0	0	59.1768	-17.8498	-0.5786	1.5273	3.2028	-3.4789	-4.7169	0.2659	1.6814	2.1661
HG01977	AMR	AMR	0	6e-4	0.9994	0	0	-5.9948	-17.0291	19.25	-31.2668	1.4928	-2.316	-5.5086	1.0224	-3.4945	-0.6422
HG01403	AMR	AMR	0	0.0025	0.9767	0	0.0208	9.6653	-1.5501	6.5637	-0.1255	2.3179	-6.6487	0.3001	1.5397	-4.1874	2.1881
HG03479	AFR	AFR	0	0.9994	6e-4	0	0	62.2347	-18.6697	1.1981	1.238	1.6716	-2.1231	-2.4637	5.3326	-1.7875	-3.2273
HG01112	AMR	AMR	0	0	0.9484	3e-4	0.0513	0.454	10.8213	6.0507	5.3125	1.2615	-2.8906	-1.645	0.9123	-3.2057	-3.8453
NA20886	SAS	SAS	0	0	0	1	0	0.8832	-2.7947	-15.0296	-3.2949	-5.7876	-1.1807	-3.2988	1.8948	-2.3859	-1.412
NA18526	EAS	EAS	1	0	0	0	0	-6.972	-44.1505	3.1076	7.2947	2.6459	-3.9698	-4.4868	4.0121	-2.234	-1.0981
HG03908	SAS	SAS	0	0	0	1	0	1.8068	-10.9243	-18.1375	-5.5472	2.3244	-1.772	-8.6371	5.7539	-0.4226	-2.5833
HG01857	EAS	EAS	1	0	0	0	0	-7.753	-43.5498	0.7535	7.0766	6.6217	-1.6178	-3.4241	3.6335	-1.4732	-1.923
HG02481	AFR	AFR	0	0.9764	0.0236	0	0	56.3869	-14.6462	0.3124	1.8916	1.6704	-0.2311	-3.5112	6.461	-2.9457	-5.5647
HG03937	SAS	SAS	0	0	0	1	0	0.1841	-11.3769	-16.7836	-4.7228	4.4904	-4.1916	-6.1577	4.8055	-3.1673	-3.4714
NA11831	EUR	EUR	0	0	0.0114	0	0.9886	0.4324	12.1114	5.2703	9.8447	1.1695	-2.816	-0.0302	3.9925	0.2461	-0.9759
HG04098	SAS	SAS	0	0	0	1	0	0.8942	-7.6861	-19.2108	-3.4877	5.0776	-3.1738	-4.0916	8.1936	-2.6352	-0.8467
HG03910	SAS	SAS	0	0	0	1	0	-1.0165	-10.7101	-18.337	-3.5928	1.4804	-5.2026	-2.2786	3.4678	-4.9759	3.9796
NA19159	AFR	AFR	0	1	0	0	0	62.6515	-17.3313	-0.3361	0.4257	3.1851	-4.0755	-3.5584	5.6076	-2.4871	-6.2145
HG03753	SAS	SAS	0	0	0	1	0	2.265	-7.9462	-18.8757	-5.7093	2.1842	-3.6195	-3.197	1.6095	-1.6828	1.2389
NA19090	EAS	EAS	1	0	0	0	0	-7.4317	-43.6216	3.0525	7.2447	-7.4082	-4.4285	-2.8614	2.4821	2.1009	-0.9597
NA20809	EUR	EUR	0	0	0.0897	0	0.9103	1.2369	12.2038	4.9775	8.6436	0.6128	-6.1735	-5.5937	5.8084	-5.4362	-4.0258
NA12716	EUR	EUR	0	0	0.0024	0	0.9976	-1.2753	14.0256	5.6527	8.0601	5.0937	-1.9388	-3.6521	3.1269	-1.7019	-3.3607
HG03625	SAS	SAS	0	0	0	1	0	0.8968	-1.4121	-13.205	-1.989	1.5891	-0.2561	-3.8902	1.5684	-2.3085	-1.4007
HG03832	SAS	SAS	0	0	0	1	0	-0.5784	-12.2028	-16.8787	-2.6839	3.2496	-2.9346	-4.3041	5.6697	2.6009	-4.6292
HG00115	EUR	EUR	0	0	0.0011	0	0.9989	-0.6561	11.7479	4.5927	9.3211	0.0395	-2.674	-1.9834	5.6059	-1.3272	-3.572
HG02860	AFR	AFR	0	1	0	0	0	59.9876	-17.2616	0.525	0.279	2.2619	-2.8144	-1.9042	4.3877	-1.7504	-2.3121
NA19713	AFR	AFR	0	0.988	0.012	0	0	45.3979	-9.2275	2.073	3.7006	0.701	-2.0701	-3.6673	5.0366	0.0451	-2.5085
NA19785	AMR	AMR	0	0.0027	0.9973	0	0	-1.5524	-13.0265	17.4877	-21.2117	2.4409	-3.8031	-2.1923	3.4118	-0.7871	-6.7216
NA19378	AFR	AFR	0	0.9998	2e-4	0	0	60.5594	-16.7802	0.1995	1.8864	1.3441	-3.4404	-6.8199	0.97	-2.7202	-0.9117
NA21089	SAS	SAS	0	0	0	1	0	1.7789	-6.0304	-18.7319	-4.2673	6.3033	-3.3445	-5.8973	8.3985	0.2155	-0.4522
HG02179	EAS	EAS	1	0	0	0	0	-5.6844	-44.9138	0.7825	8.3136	7.4501	-4.7015	-5.2442	5.5004	0.1105	-1.9754
HG03391	AFR	AFR	0	0.9999	1e-4	0	0	62.4389	-19.2134	-1.2068	0.8045	0.7062	-2.6017	-2.5268	3.1112	-4.6073	-2.2704
NA18646	EAS	EAS	1	0	0	0	0	-7.1061	-44.0308	2.1761	5.9746	-4.6648	-1.5486	-0.9738	3.4884	-4.5778	-6.2543
NA19065	EAS	EAS	1	0	0	0	0	-7.7897	-44.0276	3.7866	6.4158	-0.8281	-5.3504	-3.781	2.8013	2.4056	-4.3847
HG00531	EAS	EAS	1	0	0	0	0	-8.4539	-44.5099	3.8247	7.2258	6.9869	-4.9641	-3.1491	7.9518	-4.2228	-3.107
NA18629	EAS	EAS	1	0	0	0	0	-8.7028	-42.925	3.7719	6.098	4.3115	-0.9061	-1.3179	1.6194	1.3712	-5.2188
HG02383	EAS	EAS	1	0	0	0	0	-7.0628	-44.4236	-0.2388	8.2117	7.1676	-4.9395	-4.1579	4.5901	-1.4182	-3.424
NA19909	AFR	AFR	0	1	0	0	0	55.5016	-13.434	1.2625	1.4873	0.5919	-3.6457	-1.9901	2.5467	0.4876	-3.0068
HG00174	EUR	EUR	0	0	0.051	0	0.949	-1.6865	7.8748	7.141	8.1161	0.4563	3.9432	-1.7482	6.5997	-2.7713	2.5836
HG00308	EUR	EUR	0	0	0.0113	0	0.9887	-1.0083	8.3948	5.2179	6.6385	3.7181	8.76	-5.0335	3.3568	-2.9776	-9.7581
HG01924	AMR	AMR	0	0.0443	0.9557	0	0	0.7806	-19.9888	16.9834	-26.2416	3.5074	-2.9735	-6.1086	4.6171	-1.4211	-1.1938
HG00365	EUR	EUR	1e-4	0	8e-4	0	0.9991	-0.2976	8.8025	3.6165	9.7895	3.1122	6.9076	-0.6064	1.4943	-2.6863	-0.8268
HG00736	AMR	AMR	0	1e-4	0.9999	0	1e-4	3.3208	8.0683	5.5832	4.0335	5.2278	-3.9018	-1.8025	8.3169	-0.1915	-2.7774
NA19041	AFR	AFR	0	0.9997	3e-4	0	0	59.3447	-16.8862	-0.7451	-0.2809	3.4157	-2.0177	-1.7118	-2.4567	-0.6074	-3.2046
HG00121	EUR	EUR	0	0	0.1001	0	0.8999	-0.9544	13.2598	4.9656	8.5635	-1.1271	-0.7607	-4.8405	3.0378	-1.3943	-0.7949
NA19038	AFR	AFR	0	1	0	0	0	60.1249	-16.8866	0.3578	2.06	2.761	-4.5966	-7.9471	-1.5408	-2.8187	-5.6396
HG02804	AFR	AFR	0	1	0	0	0	63.1715	-16.3784	-0.6259	1.7035	0.8783	-1.8291	0.0476	6.6927	-2.4375	-2.7344
HG01312	AMR	AMR	0	2e-4	0.8037	2e-4	0.1958	8.1786	5.1031	6.4531	3.9615	3.2896	-6.2195	-4.2719	6.7839	4.3096	0.519
HG02588	AFR	AFR	0	0.9999	1e-4	0	0	60.9117	-15.8008	0.7067	0.9883	4.6723	-3.3975	-1.7737	4.467	0.6265	-2.2851
NA20850	SAS	SAS	0	0	0	1	0	-0.0176	0.0474	-12.3226	-1.6304	-0.6163	-5.1808	-4.0412	2.0137	-2.6006	-4.2759
HG00443	EAS	EAS	1	0	0	0	0	-7.704	-45.1884	2.5412	7.2463	0.2269	-1.1385	-4.3206	3.1698	-2.7853	0.0395
HG02072	EAS	EAS	1	0	0	0	0	-8.1661	-43.3952	1.6771	6.1255	7.2427	-3.7343	-5.597	5.7465	-5.5915	-1.6645
HG02111	AFR	AFR	0	0.9998	2e-4	0	0	58.3773	-15.4568	1.3002	3.7085	2.4484	-1.2144	-3.813	0.6921	-1.0818	1.4238
NA19091	EAS	EAS	1	0	0	0	0	-7.2417	-43.2031	0.8993	6.5043	-8.5829	-1.3878	-6.2939	5.0373	-1.5305	-4.5788
NA12717	EUR	EUR	0	0	0.0201	0	0.9799	1.6219	12.5519	5.622	9.5465	5.0572	-2.9854	-3.6788	5.7045	-2.5266	-1.6704
HG03078	AFR	AFR	0	1	0	0	0	63.2931	-16.8518	1.3766	0.6373	1.5783	-2.3284	-2.6339	7.3564	-0.0794	0.2094
NA19819	AFR	AFR	0	0.8607	0.1393	0	0	42.8192	-7.9137	2.989	4.2914	1.1041	2.5105	-4.1761	4.5699	-0.7179	0.9478
HG01070	AMR	AMR	0	0	0.8222	0	0.1778	4.081	3.9484	7.7797	0.7597	2.1386	-7.3959	-5.3008	5.6746	-7.5176	-1.8098
HG02028	EAS	EAS	1	0	0	0	0	-6.358	-43.1178	1.6335	9.1657	8.9361	-3.2166	-5.3999	3.3233	2.9129	-3.3724
HG02660	SAS	SAS	0	0	1e-4	0.9999	0	1.8862	-1.3036	-12.5923	-3.5035	1.2898	-0.6848	-6.0502	3.5937	-0.4711	1.6553
NA20507	EUR	EUR	0	0	0.0274	0	0.9726	1.2778	11.6717	3.0987	9.3736	-1.7401	-5.1837	-2.7801	3.4003	-2.2689	-0.0536
HG00159	EUR	EUR	0	0	0.0487	0	0.9513	-0.1546	12.3264	4.9814	9.5671	3.1799	-4.965	-1.7009	4.0391	0.7745	-1.3953
HG04183	SAS	SAS	0	0	0	1	0	1.9356	-11.3819	-16.227	-4.2531	1.3591	-3.6368	-4.5162	5.6978	-0.1104	-3.7127
HG01130	AMR	AMR	0.0017	0.0011	0.9862	0.0023	0.0088	2.8211	1.9884	9.3888	-1.6376	0.9868	-4.1002	0.2123	5.317	-1.6679	2.8272
HG00178	EUR	EUR	0	0	9e-4	0	0.9991	-2.2166	10.5427	4.9945	8.2763	6.4712	5.7553	-3.6314	2.7517	-1.3856	-2.3041
HG03642	SAS	SAS	0	0	0	1	0	2.4666	-10.3867	-21.1107	-3.2096	1.4913	-0.8722	-3.6912	0.4383	1.1447	1.4422
NA20544	EUR	EUR	0	0	0.0327	8e-4	0.9665	1.1741	12.2682	3.8452	9.7373	0.8263	-4.1127	-4.4641	5.207	-1.1617	-1.7078
NA19257	AFR	AFR	0	1	0	0	0	63.1327	-16.9238	0.1952	2.5825	1.815	-2.7699	-3.9799	6.929	-1.9256	-2.194
HG00595	EAS	EAS	1	0	0	0	0	-8.3354	-45.0863	3.4797	6.7497	2.3086	-1.6982	-3.9495	5.4684	-4.4319	-1.6501
HG02570	AFR	AFR	0	0.9999	1e-4	0	0	62.2322	-17.1733	0.2143	0.609	1.9339	-3.3801	-1.6679	5.3364	-5.0165	-2.1556
HG00428	EAS	EAS	1	0	0	0	0	-9.9427	-44.3617	1.7113	7.2985	1.0937	-3.5052	-2.1496	3.8748	-3.0031	1.9006
NA18488	AFR	AFR	0	1	0	0	0	64.0061	-18.0151	0.9579	1.4488	3.7261	-4.1982	-5.8424	5.0721	0.4945	1.2361
NA19107	AFR	AFR	0	0.9993	7e-4	0	0	61.0023	-16.5646	0.1431	2.6426	-3.9105	0.2813	-5.6087	3.7373	-3.6595	-3.8683
HG02513	EAS	EAS	1	0	0	0	0	-7.4954	-43.8463	0.7079	8.4876	9.1054	-3.7236	-1.0174	5.5403	-2.3346	-6.9664
HG04198	SAS	SAS	0	0	0	1	0	0.7355	-6.6789	-20.448	-6.0226	2.4458	-2.7427	-5.6089	6.7043	0.5385	-1.5412
HG02057	EAS	EAS	1	0	0	0	0	-6.5842	-42.695	-0.0465	8.3931	7.908	-3.4481	-2.1574	2.3714	0.6674	0.0362
NA18561	EAS	EAS	1	0	0	0	0	-8.2164	-42.1456	2.2786	6.0197	-4.3055	-0.0962	-5.7618	5.129	1.2026	3.0279
HG01055	AMR	AMR	0	0	0.6697	1e-4	0.3302	7.8654	4.4478	5.2055	3.9192	4.6371	-4.7465	-5.7954	5.6657	0.0215	1.1993
HG01510	EUR	EUR	0	0	0.0053	0	0.9947	1.4006	11.860900000000001	4.2584	9.3728	-0.9279	-10.5696	-4.0002	4.0826	-0.5513	0.654
HG01058	AMR	AMR	0	0	1	0	0	7.6027	1.6051	6.5675	-0.4731	2.8797	-3.233	-2.2504	2.7339	-5.5759	-1.8049
HG01852	EAS	EAS	1	0	0	0	0	-7.0371	-43.0249	0.3387	8.4174	7.336	-3.2305	-5.4383	2.6336	-0.8812	1.9884
HG00256	EUR	EUR	0	0	0.0633	0	0.9367	0.9533	13.8834	4.0666	9.5331	0.9818	-2.2217	-2.3241	3.8134	-3.0903	-1.6513
NA20540	EUR	EUR	0	0	0.1455	0	0.8545	1.7683	14.7456	4.1526	6.437	-2.1773	-8.9033	-6.9661	3.1491	-1.7506	-2.6823
NA19755	AMR	AMR	0	0.0055	0.9945	0	0	-1.1129	-16.2686	16.4189	-22.938	1.3722	-3.3007	0.2215	2.0543	0.1999	-3.1358
HG03009	SAS	SAS	0	0	0	1	0	1.0765	-12.1178	-16.678	-4.1099	-0.8688	-3.3288	-2.6814	5.442	0.2635	-0.9211
HG02385	EAS	EAS	1	0	0	0	0	-6.7298	-43.9066	1.3194	8.1146	9.6936	-2.3333	-4.485	3.2588	1.2108	-3.6295
NA19380	AFR	AFR	0	1	0	0	0	57.9265	-17.265	-1.5183	1.4263	3.6506	-3.0975	-6.0594	1.606	-2.7491	-4.0324
HG01029	EAS	EAS	1	0	0	0	0	-7.2351	-44.5396	1.3791	7.2879	5.1944	-5.3582	-6.9512	3.4147	-1.194	-0.2341
HG03589	SAS	SAS	0	0	0	1	0	-0.5568	-11.0895	-17.1742	-3.3157	3.5434	-2.4578	-1.8621	3.3999	-4.6797	-4.4457
HG00364	EUR	EUR	0	0	1e-4	0	0.9999	-1.9418	8.4677	6.311	8.1782	1.0068	8.1971	-3.4417	5.5158	-3.4745	-3.1232
HG04219	SAS	SAS	0	0	0	1	0	2.2957	-8.4046	-19.1734	-6.12	-0.5058	-3.0435	-0.2228	3.7306	0.1959	-0.2722
HG04075	SAS	SAS	0	0	0	1	0	0.7341	-7.886	-19.2469	-4.0918	5.8572	-2.2074	-0.042	5.2323	-4.1001	-3.8958
NA19725	AMR	AMR	0	0.0015	0.9985	0	0	0.8285	-1.4639	12.7649	-6.0443	0.1623	-5.8777	-5.1122	2.4724	-5.5526	-0.3456
NA19063	EAS	EAS	1	0	0	0	0	-7.8884	-43.5903	1.8919	7.1253	-5.9801	-4.1615	-4.2605	5.1858	0.6436	-2.8281
HG02146	AMR	AMR	0	0.0015	0.9985	0	0	-6.4925	-20.1868	22.8883	-31.2583	2.7225	-1.7323	-5.2089	6.0664	0.225	-1.94
HG02511	AFR	AFR	0	1	0	0	0	59.5853	-16.1932	0.745	1.8819	4.9417	-2.652	-6.03	5.0327	-2.346	-2.0384
HG02811	AFR	AFR	0	1	0	0	0	62.2539	-17.9698	-1.751	2.0296	-1.1792	-1.61	-0.0949	4.6835	-2.0681	0.1424
NA18632	EAS	EAS	1	0	0	0	0	-8.9187	-44.7811	5.1303	7.6169	1.1069	-1.4171	0.9113	3.3273	-2.0012	0.2942
HG03369	AFR	AFR	0	1	0	0	0	62.3582	-16.5082	-1.589	1.5571	-0.8653	-1.4281	-5.8724	7.9268	-0.1773	-4.4915
NA18878	AFR	AFR	0	1	0	0	0	63.0102	-16.5048	0.6928	1.3562	2.4744	-3.1008	-6.2697	5.7725	-1.2867	0.2433
HG02675	AFR	AFR	0	1	0	0	0	62.2486	-16.3678	-0.4871	0.6972	1.1756	-2.7152	-2.9906	7.4804	-1.8568	0.1434
HG00446	EAS	EAS	1	0	0	0	0	-8.7316	-45.1062	2.8865	7.7663	0.8941	-0.8603	-3.387	4.8395	-2.6301	-2.2719
HG02586	AFR	AFR	0	1	0	0	0	60.5783	-17.406	-0.5896	1.7782	3.4283	-4.5553	0.7157	6.7069	-4.4554	-4.8456
HG01351	AMR	AMR	0	0	0.9943	1e-4	0.0056	0.0701	0.8589	10.496	-4.6793	-0.0843	-1.6534	-1.9857	5.0589	-3.827	0.3096
HG00250	EUR	EUR	0	0	0.1422	0	0.8578	-2.2464	12.4809	5.2986	7.6192	1.1073	-1.8077	-4.0621	4.4693	-0.6234	-4.2737
HG01602	EUR	EUR	0	0	0.076	0	0.924	2.9813	11.8551	5.9221	7.9981	4.5613	-5.7446	-2.619	2.5053	-3.9045	0.3946
HG00131	EUR	EUR	0	0	0.0028	0	0.9972	0.6202	12.2934	4.8967	10.6433	3.8328	1.7926	-4.2892	1.2273	1.7805	-6.7982
HG00106	EUR	EUR	0	0	0.2902	0	0.7098	-2.1271	11.2132	4.2172	10.1339	3.0086	-5.752	-4.5408	6.0797	2.9008	1.2741
HG02502	AFR	AFR	0	0.9992	8e-4	0	0	51.9037	-12.7311	1.1105	2.5858	0.3322	-3.751	-7.5166	6.0213	0.1169	-3.5498
NA12413	EUR	EUR	0	0	0.0543	0	0.9457	-1.2667	12.6386	6.7134	9.3173	3.3317	-2.653	-3.4967	4.1439	-1.9906	-4.5691
NA18611	EAS	EAS	1	0	0	0	0	-7.7586	-44.9339	0.8789	6.857	-3.4084	-4.868	-6.3223	2.0358	-3.6326	1.0238
HG03862	SAS	SAS	0	0	0	1	0	1.6239	-6.1979	-18.58	-6.2822	-0.7045	-1.0922	-3.7608	1.9209	-1.53	4.2493
HG01938	AMR	AMR	0	3e-4	0.9997	0	0	-7.912	-24.05	24.1268	-40.3096	6.1215	-2.152	-0.9098	4.0777	-0.4344	0.3728
HG00406	EAS	EAS	1	0	0	0	0	-9.0187	-45.0793	1.431	7.0863	4.2015	-2.7966	-2.865	8.0406	0.8112	0.7762
HG02839	AFR	AFR	0	1	0	0	0	61.5685	-18.2655	-0.3811	1.7676	1.0066	-2.9712	1.1864	6.5186	-4.8278	2.0507
HG03900	SAS	SAS	0	0	0	1	0	0.5568	-5.9909	-19.468	-4.7946	3.5731	-3.3028	-1.1729	0.8899	-2.0784	-3.0279
HG03301	AFR	AFR	0	1	0	0	0	63.7025	-18.4999	-1.7744	0.6341	0.3097	-3.5257	-4.8406	6.7351	-0.6696	-4.1482
NA18549	EAS	EAS	1	0	0	0	0	-7.7376	-44.6413	1.4643	7.4808	-1.0426	-5.0067	-4.1964	3.9207	0.7698	-1.7688
HG04206	SAS	SAS	0	0	0	1	0	3.3549	-6.6404	-18.6895	-3.4278	1.2623	-0.1666	-1.469	2.3831	-1.8822	-1.5321
NA20764	EUR	EUR	0	0	0.0261	0	0.9739	1.3798	12.5162	3.2396	9.5756	3.737	-7.8727	-2.1408	7.0129	-6.2512	-0.5539
HG00622	EAS	EAS	1	0	0	0	0	-8.4038	-47.1195	2.6029	6.8478	1.8454	-0.5188	-4.7342	2.529	-2.815	-1.6597
NA19197	AFR	AFR	0	1	0	0	0	63.3466	-17.1276	0.3793	2.1293	2.8306	-4.9795	-7.8596	4.4849	-0.5641	-3.679
HG00557	EAS	EAS	1	0	0	0	0	-7.8654	-45.321	5.7214	6.8827	-0.0895	-2.3539	-2.9079	2.857	-2.3208	-0.4469
NA21105	SAS	SAS	0	0	0	1	0	-0.7625	-6.5472	-18.6103	-2.9137	-0.7032	-1.8718	-8.279	6.7083	-1.1495	1.2474
HG04216	SAS	SAS	0	0	0	1	0	0.2911	-7.9354	-17.918	-5.2301	2.9258	0.681	0.0305	3.6247	2.766	2.1771
NA19310	AFR	AFR	0	0.9982	0.0018	0	0	60.9606	-17.9545	-1.0008	0.6816	2.73	-3.0146	-5.7634	1.8798	0.9445	-1.1963
HG02274	AMR	AMR	0	0.0275	0.9725	0	0	12.0032	-17.7599	13.6534	-22.7232	3.216	-0.9067	-6.9352	4.2111	2.5133	-1.9014
HG02479	AFR	AFR	0	0.9998	2e-4	0	0	57.542	-13.5865	0.5507	3.479	3.2917	-6.0009	-9.0998	4.5253	-3.4915	1.4274
NA18876	AFR	AFR	0	1	0	0	0	62.7908	-17.8294	0.1004	0.6858	2.7534	-4.1396	-2.6395	7.046	-2.5377	-3.9071
HG03428	AFR	AFR	0	1	0	0	0	62.014	-16.3788	-1.2347	1.2496	4.0665	-2.4579	-0.6804	8.9996	-2.5797	-0.9803
HG00177	EUR	EUR	0	0	0.01	0	0.99	-2.1624	6.8182	7.3327	8.0943	4.4547	4.6019	-7.7768	1.0812	-2.5667	-1.3121
HG03743	SAS	SAS	0	0	0	1	0	1.9549	-11.276	-22.952	-6.9169	1.814	-2.1928	0.838	2.7705	3.1326	-3.242
HG00543	EAS	EAS	1	0	0	0	0	-7.0114	-44.5472	3.2646	7.239	3.5627	-2.3378	-5.9203	4.1021	-3.6121	1.5168
NA21125	SAS	SAS	0	0	0	1	0	1.6976	-4.8186	-18.6196	-4.0815	2.3748	-0.5037	-7.7887	6.8015	-1.4865	-0.724
HG00473	EAS	EAS	1	0	0	0	0	-8.0737	-46.0138	3.9196	8.2517	0.0318	1.4665	-6.0292	3.7558	-2.475	-1.4232
NA19062	EAS	EAS	1	0	0	0	0	-6.8938	-42.4314	2.9906	4.7844	-4.6732	-2.8224	-4.1091	5.2076	4.7519	-0.368
HG03114	AFR	AFR	0	1	0	0	0	63.0361	-17.6931	-0.8018	0.3393	0.8318	-3.5238	-4.6406	3.4373	-0.5806	-0.3099
NA19098	AFR	AFR	0	1	0	0	0	62.6419	-18.3028	0.8616	1.1511	1.6962	-2.0292	-8.0409	4.999	-1.3215	0.2961
HG04140	SAS	SAS	0	0	0	1	0	-0.0537	-14.2999	-15.3088	-2.873	3.6644	-4.9113	-3.4561	2.4909	-1.8974	-3.1322
NA18964	EAS	EAS	1	0	0	0	0	-6.5129	-43.549	3.0294	5.5406	-4.7605	-4.157	-3.1779	5.7112	-0.8124	-1.5194
NA18944	EAS	EAS	1	0	0	0	0	-7.5279	-43.2789	3.3633	5.8895	-9.0645	-3.3949	-5.7398	3.6005	-1.8304	1.2217
HG04214	SAS	SAS	0	0	0	1	0	1.385	-3.7397	-19.1639	-3.7119	-0.1331	-3.7361	-2.3696	-1.1104	-2.7481	1.5722
HG02601	SAS	SAS	0	0	0	1	0	1.818	-4.5782	-15.7454	-2.2527	-0.3837	-3.6995	-6.1185	4.5199	1.5963	-7.122
HG02330	AFR	AFR	0	0.9979	0.0021	0	0	56.7749	-15.2263	-0.2129	2.4441	0.7743	-1.8687	-4.2086	3.9653	-2.7045	-2.4782
HG01757	EUR	EUR	0	0	0.0121	0	0.9879	0.6636	11.0234	3.8058	9.9651	1.0693	-6.241	-1.4104	3.8916	-1.8034	-2.496
NA19391	AFR	AFR	0	0.9999	1e-4	0	0	60.6231	-17.4787	-0.1015	1.0016	0.1488	-4.1393	-6.1211	1.7225	-2.0422	-0.5867
HG01503	EUR	EUR	0	0	0.0026	0	0.9974	0.6568	13.909	4.8144	7.7185	-0.9851	-4.247	-1.2722	10.7957	-1.9857	-3.5498
NA19099	AFR	AFR	0	0.9997	3e-4	0	0	63.5699	-17.8689	-1.7751	0.0877	1.5542	-4.0488	-2.4189	8.4594	-0.7822	-0.1009
HG00366	EUR	EUR	0	0	0	0	1	-1.9907	8.0152	4.4974	6.4715	1.8859	9.2573	-4.0579	4.5427	0.0176	-3.7042
HG01848	EAS	EAS	1	0	0	0	0	-6.7848	-43.6474	0.3462	6.7379	7.3016	-3.8639	1.5823	6.9292	-2.7009	-3.3933
HG00113	EUR	EUR	0	0	0.0018	0	0.9982	-0.9271	12.6799	5.8701	8.9856	1.4833	-1.9212	-3.136	5.8001	0.6717	0.6128
HG03370	AFR	AFR	0	0.9999	1e-4	0	0	61.9206	-17.2718	0.7856	0.8888	2.0027	-2.9672	-6.4815	5.8296	-0.3995	-4.2751
HG01498	AMR	AMR	0.0015	9e-4	0.9975	0	0	1.9811	-2.3916	11.0519	-8.4839	4.8506	-5.125	-6.0733	2.5762	-3.9977	-6.8218
HG02643	AFR	AFR	0	0.9998	2e-4	0	0	61.101	-15.504	-0.4933	2.322	0.4883	-0.2052	-2.6034	5.6553	-0.5668	-0.7112
HG02402	EAS	EAS	1	0	0	0	0	-7.7466	-44.7307	2.3908	8.2247	5.4901	-3.5938	-5.5236	2.5402	-2.5492	-0.1448
HG01776	EUR	EUR	0	0	0.0304	0	0.9696	0.4497	10.4669	5.18	8.644	1.0199	-3.9742	0.0984	4.3955	-2.39	-1.7334
HG02271	AMR	AMR	0	2e-4	0.9998	0	0	-7.1262	-25.1178	23.8342	-39.3793	4.3817	-0.8241	-4.0497	7.4541	1.4026	-3.1522
NA18616	EAS	EAS	1	0	0	0	0	-8.5291	-43.7348	1.1391	7.052	7.1711	-2.6333	-6.3335	7.7482	-0.9654	-3.0019
HG01072	AMR	AMR	0	0.0021	0.9979	0	0	4.9586	4.908	6.3038	-0.4239	-1.8227	-7.5853	-5.7479	6.5605	0.1075	0.3628
NA19324	AFR	AFR	0	0.9993	7e-4	0	0	58.8686	-16.2812	-0.1144	1.7892	2.9238	-3.9702	-5.6148	1.3651	-2.5981	-1.3247
HG02253	AMR	AMR	0	5e-4	0.9995	0	0	-3.3977	-6.3109	14.8261	-18.4172	1.0418	-6.0015	-3.21	4.8391	-1.2515	-1.0788
HG03741	SAS	SAS	0	0	0	1	0	-1.3597	-8.0681	-20.2038	-6.5607	4.1262	-2.5432	-1.366	2.74	0.6653	-3.209
HG03941	SAS	SAS	0	0	0	1	0	0.721	-11.9217	-20.4623	-8.1029	1.1631	-3.7503	-4.8984	5.9024	-1.2211	0.5234
HG00245	EUR	EUR	0	0	0.0018	0	0.9982	1.0216	12.3564	5.0781	10.8917	4.004	-1.9545	-1.9941	9.304	-1.0304	-4.0059
NA20900	SAS	SAS	0	0	0	1	0	0.4212	-2.8142	-13.7624	-1.4966	-1.9655	-1.4027	-7.044	0.9944	-0.3789	1.7799
HG00628	EAS	EAS	1	0	0	0	0	-6.5312	-44.8793	2.8433	7.852	-1.4365	-4.2437	-6.3501	5.9019	-4.9997	-2.738
sample1	EUR	NA	0	2e-4	0.4168	1e-4	0.5829	8.3057	6.0244	0.3532	5.9049	2.6164	-7.9213	-3.925	3.6652	-3.502	-2.692
sample2	EUR	NA	0	0	0.0281	0	0.9719	0.8226	12.0799	2.5538	7.2668	1.9928	-1.929	-3.2979	5.0532	1.1021	-2.5052
sample3	EUR	NA	0	0	0.0151	0	0.9849	1.3434	12.9394	4.6598	9.1044	0.6375	-0.9795	-5.0241	5.2379	-1.5474	-1.7626
sample4	EAS	NA	1	0	0	0	0	-8.966	-44.0146	2.5885	6.4907	1.8742	-3.0715	-3.793	4.4737	-0.9768	-0.305
sample5	EUR	NA	0	0	0.0206	0	0.9794	-0.9897	12.5643	6.6129	9.2813	3.2757	-1.4036	-3.1082	4.8533	-1.4664	0.208
sample6	EUR	NA	0	0	0.0153	0	0.9847	-0.7569	11.7176	3.754	9.6831	2.7622	-0.7198	-4.0021	4.0011	0.7	-2.3766
sample7	EUR	NA	0	0	0.0272	0	0.9728	0.6254	10.5826	4.6863	8.4488	0.8375	-0.3413	-4.4292	3.1367	-1.6785	-2.439
sample8	EUR	NA	0	0	0.026	0	0.974	-0.608	12.2476	6.3469	8.0905	2.3415	-1.7805	-3.3164	4.9968	-1.6944	-2.4838
sample9	EUR	NA	0	0	0.0281	0	0.9719	0.7419	12.2946	6.6708	8.8216	2.6959	-2.9739	-4.0743	5.9902	-1.2974	-1.285
sample10	EUR	NA	0	0	0.0919	0	0.9081	3.8648	6.775	0.6301	7.3926	-0.151	-5.9111	-5.6257	2.1476	-1.671	-0.5697
sample11	EUR	NA	0	0	0.0401	0	0.9599	0.0769	11.8744	5.5609	6.6216	3.2255	-1.6532	-3.6531	4.9063	-2.6073	-2.5543
sample12	EUR	NA	0	0	0.0402	0	0.9598	-1.0836	9.1401	2.479	7.9947	2.5626	-1.0135	-4.6106	4.9486	0.6672	-2.2417
sample13	EUR	NA	0	0	0.0439	0	0.9561	1.813	11.4919	6.1728	7.4669	0.3127	-2.5404	-3.3671	5.0372	-0.2847	-1.8181
sample14	EUR	NA	0	0	0.037	0	0.963	-1.7934	10.4304	4.8486	7.8169	2.1368	-1.8259	-4.9004	5.2972	-0.3671	-0.9955
sample15	EUR	NA	0	0	0.0542	0	0.9458	2.8458	10.4923	2.2748	7.3657	2.0372	-5.1941	-3.3494	4.9229	-0.405	0.5168
sample16	AMR	NA	0	0.0675	0.9325	0	0	15.5248	-6.0837	6.8634	-6.3228	2.8643	-4.1002	-4.6429	4.839	-0.0874	-1.1845
sample17	EUR	NA	0	0	0.067	0	0.933	2.2675	8.6254	1.2315	7.2513	0.9711	-8.058	-3.6075	2.4951	-1.4297	-1.2702
sample18	EUR	NA	0	0	0.0099	0	0.9901	1.0934	12.8984	4.3003	10.6252	1.4791	0.0705	-3.758	4.4137	-1.5872	-0.6743
sample19	AMR	NA	0	0.0056	0.9944	0	0	-2.5258	-11.7652	14.9244	-15.8755	1.5918	-3.0411	-4.833	4.8296	-2.277	1.1908
sample20	EUR	NA	0	0	0.0203	0	0.9797	-1.0577	12.6918	6.2791	8.765	1.3157	-1.6288	-2.4763	5.8444	-0.4266	-2.1413
sample21	EUR	NA	0	0	0.019	0	0.981	0.0782	13.5361	4.0354	7.5252	1.2932	-3.238	-5.0336	5.3399	-0.4241	-1.7226
sample22	EUR	NA	0	0	0.0309	0	0.9691	-2.2593	9.5811	5.2574	8.7647	1.4792	-0.0345	-4.95	4.9003	-1.2318	-2.0362
sample23	EAS	NA	1	0	0	0	0	-5.2435	-39.5235	-1.5194	4.3573	4.7923	-4.4611	-4.1499	6.1587	-0.851	-2.8098
sample24	EUR	NA	0	0	0.0101	0	0.9899	1.029	13.6235	5.3419	10.1091	2.799	-1.3833	-3.8386	3.3033	-1.136	-2.4717
sample25	AMR	NA	0	0.0049	0.9951	0	0	2.924	-7.437	13.1922	-14.806	0.6288	-3.3446	-4.0399	5.1696	-1.1549	-1.8614
sample26	EUR	NA	0	0	0.0456	0	0.9543	1.6658	11.4384	4.2509	6.6866	1.3335	-0.4181	-2.3745	4.5626	-0.0039	-1.1912
sample27	EUR	NA	0	0	0.0127	0	0.9873	-0.25	13.9053	3.9637	8.5623	2.2453	-2.5755	-4.9283	5.5366	-2.0363	-2.1318
sample28	AFR	NA	0	0.9997	3e-4	0	0	52.3928	-12.4197	0.2823	3.1739	0.4322	-2.0469	-3.8118	4.0787	-1.5773	-0.8119
sample29	EUR	NA	0	0	0.403	5e-4	0.5965	-0.787	6.167	7.326	1.7129	0.8812	-1.1855	-4.7147	5.851	-0.2597	-3.897
sample30	EUR	NA	0	0	0.0229	0	0.9771	3.361	13.0987	6.006	8.3615	1.5163	-1.6558	-4.0178	4.6023	-0.7527	-2.7409
sample31	EUR	NA	0	0	0.0192	0	0.9808	0.3439	12.6128	6.9362	8.3563	1.5622	0.4095	-4.4022	5.532	-1.7371	-3.3182
sample32	EUR	NA	0	0	0.0277	0	0.9723	1.0537	12.3954	6.1746	7.9261	0.6572	-2.6682	-3.6368	4.8529	-1.5482	-2.9924
sample33	AMR	NA	0	0.0029	0.9971	0	0	1.9752	-5.8449	11.5294	-13.3988	3.3682	-1.9764	-2.1551	4.0992	0.0664	-1.8364
sample34	EUR	NA	0	0	0.0439	0	0.9561	-1.0175	10.5023	6.2811	7.5058	1.632	-0.3803	-4.022	6.0101	1.1071	-2.9507
sample35	EUR	NA	0	0	0.0307	0	0.9693	-0.791	10.8097	3.5559	7.7725	4.5264	-1.3112	-5.6877	4.2454	1.2172	-2.3153
sample36	EUR	NA	0	0	0.0245	0	0.9755	-0.5123	12.1415	4.9166	8.6388	2.0229	-4.718	-3.0357	5.7686	-0.4715	-2.3873
sample37	EUR	NA	0	0	0.0225	0	0.9775	-0.9058	13.1715	4.3633	7.5604	1.3796	-0.8062	-2.8462	5.7122	-1.7902	1.2467
sample38	EUR	NA	0	0	0.0209	0	0.9791	0.9549	13.447	6.3789	8.6558	1.615	-3.9342	-1.5675	4.5086	-1.0429	-1.5925
sample39	EUR	NA	0	0	0.0187	0	0.9813	4.1458	12.2804	2.5266	9.4105	3.2403	-6.5479	-4.7237	3.0936	-2.0821	-2.1913
sample40	AMR	NA	0	0.001	0.999	0	0	-8.1322	-24.8491	19.2966	-34.9709	1.7714	-1.5935	-4.6112	3.148	0.8889	-1.7885
sample41	EUR	NA	0	0	0.0334	0	0.9666	-0.882	10.4522	5.8227	9.0091	1.8941	-2.3048	-4.6652	5.4155	0.1586	-1.4278
sample42	EUR	NA	0	0	0.0181	0	0.9819	-0.4761	12.8708	6.0265	8.8057	0.7199	-1.5971	-2.328	4.7912	-2.1562	-1.6025
sample43	EUR	NA	0	0	0.03	0	0.97	0.456	11.0321	-0.353	6.73	2.0938	-3.5563	-3.9793	3.4815	-2.6065	-1.7854
sample44	EUR	NA	0	0	0.0217	0	0.9783	-0.4932	13.3803	4.7633	6.8906	1.0976	-0.7658	-4.1504	4.3773	-3.7171	-0.8512
sample45	EUR	NA	0	0	0.0128	0	0.9872	0.1873	13.3311	3.8418	8.9558	2.777	-2.9015	-5.8821	4.1064	0.8002	-2.7461
sample46	EUR	NA	0	0	0.0921	0	0.9079	5.855	7.5709	0.2848	7.6186	0.3657	-6.4162	-3.552	4.1291	-0.7232	-2.6604
sample47	AMR	NA	0	2e-4	0.987	0.0018	0.011	-0.678	2.6806	6.7825	-1.3795	1.2075	-3.7482	-3.7366	4.2214	-1.2058	-1.9356
sample48	AMR	NA	1e-4	1e-4	0.6245	0.0024	0.3729	0.5206	3.4285	8.6685	1.8424	0.3894	-2.9023	-4.9396	3.6675	-2.3461	-2.6359
sample49	EUR	NA	0	0	0.0416	0	0.9584	-0.482	11.0582	6.1914	7.5823	1.5501	-0.1925	-3.2544	4.7434	1.1518	-0.8585
sample50	EUR	NA	0	0	0.0707	0	0.9293	3.802	8.3538	2.65	8.0158	1.0488	-4.6319	-4.5984	2.4411	-2.6935	1.4932
sample51	EUR	NA	0	0	0.0169	0	0.9831	-0.5426	13.0191	3.9124	8.1695	2.0655	-1.7486	-4.0975	3.3638	-0.8318	-0.2784
sample52	EUR	NA	0	0	0.0285	0	0.9715	-1.1329	11.0262	4.3766	8.4943	1.3104	-3.1565	-2.8663	5.5841	-1.1979	-2.5541
sample53	EUR	NA	0	0	0.0599	0	0.9401	5.8663	9.2177	0.7275	8.0911	-0.8219	-9.7981	-3.4068	4.3217	-2.7591	-1.3469
sample54	AFR	NA	0	0.9999	1e-4	0	0	55.5391	-14.1164	-0.2416	1.7809	2.3459	-2.3055	-3.6331	4.1962	-1.1631	-1.322
sample55	EUR	NA	0	0	0.031	0	0.969	-1.0549	12.2263	6.7259	6.2714	1.0249	0.8099	-3.0058	3.5151	-2.2125	-2.8422
sample56	AMR	NA	2e-4	2e-4	0.6039	0.0028	0.3929	1.8838	4.0895	6.6013	1.9611	0.0516	-2.9438	-3.222	5.3428	1.9536	-3.3251
sample57	EUR	NA	0	0	0.0099	0	0.9901	1.01	14.7058	4.9381	9.4876	2.7637	-3.3383	-2.0569	3.5496	-1.2518	-2.2572
sample58	EUR	NA	0	0	0.0693	0	0.9307	4.7468	8.6035	0.3794	7.554	-0.4519	-5.3145	-3.9687	5.5724	-0.8698	-0.8737
sample59	EUR	NA	0	0	0.0159	0	0.9841	0.5706	12.2316	4.227	9.3841	1.9576	-1.3954	-3.9407	4.2093	-0.2518	-2.8186
sample60	EUR	NA	0	0	0.016	0	0.984	-1.8704	12.5716	6.1889	8.8504	0.5263	0.035	-4.5166	4.3908	-0.5964	-1.3563
sample61	EUR	NA	0	0	0.0361	0	0.9639	-1.1297	9.9528	3.5047	7.8368	0.8692	-1.4648	-3.6541	4.5224	-1.8639	-2.227
sample62	EUR	NA	0	0	0.0265	0	0.9735	-0.1177	11.3811	4.5552	8.8794	3.9336	-1.8372	-4.4513	4.6758	0.6751	-1.3856
sample63	EUR	NA	0	0	0.0245	0	0.9755	-0.1926	13.0722	6.3233	8.3282	2.8402	-3.7187	-4.4796	4.9948	-1.7157	0.7415
sample64	AMR	NA	0	0.002	0.998	0	0	-2.9381	-19.6581	17.8427	-26.3844	2.8212	-0.8201	-3.6125	4.3411	-1.681	-0.486
sample65	EUR	NA	0	0	0.0269	0	0.9731	0.8398	11.4564	6.9423	9.5469	0.3948	-2.9906	-1.9413	4.7057	-0.2686	-2.0756
sample66	EUR	NA	0	0	0.0512	0	0.9488	-1.0936	9.1259	4.4401	7.5791	1.7027	-1.7347	-5.8911	5.7527	0.4814	-3.2012
sample67	EUR	NA	0	0	0.024	0	0.976	-0.1379	13.1507	5.6802	7.6619	3.3606	-2.4425	-2.6059	2.8294	-1.3912	-0.9763
sample68	AMR	NA	0	2e-4	0.7187	9e-4	0.2801	6.7885	5.1697	9.2468	3.0539	2.0359	-6.2807	-3.1609	2.5737	-2.0242	-1.1998
sample69	AFR	NA	0	0.9596	0.0404	0	0	34.0646	-5.1027	1.7761	5.1523	3.591	-2.3598	-5.2836	2.8778	-2.779	-3.0832
sample70	EUR	NA	0	0	0.0133	0	0.9867	1.427	14.1085	4.864	8.8994	1.0848	-1.4966	-2.6904	4.9131	-0.3455	-1.7625
sample71	EUR	NA	0	0	0.021	0	0.979	0.6295	12.4601	5.4254	8.8638	1.2327	-2.5662	-2.9039	5.0288	-1.7822	-2.0862
sample72	EUR	NA	0	0	0.0287	0	0.9713	0.6249	13.1457	5.8089	6.988	1.5122	-2.6115	-3.7105	3.5976	-1.1438	-0.881
sample73	AMR	NA	0	0.0041	0.9959	0	0	-3.0143	-10.5677	13.5763	-16.7511	1.506	-3.9702	-1.8014	4.2196	-1.6265	-0.8692
sample74	EUR	NA	0	0	0.0219	0	0.9781	0.4485	12.5932	5.6769	7.7003	0.6452	0.452	-4.4068	5.114	0.2412	-3.1512
sample75	EUR	NA	0	0	0.0211	0	0.9789	-1.1564	11.9963	4.4513	8.0979	1.2727	-1.8515	-4.6814	3.6715	-2.3717	-1.132
sample76	EUR	NA	0	0	0.0261	0	0.9739	2.0828	14.7011	5.1734	6.4676	1.8178	-2.4649	-4.8332	7.4788	-1.4063	-1.4147
sample77	EUR	NA	0	0	0.0298	0	0.9702	-1.5889	12.5451	3.7854	6.4712	2.4799	-1.3132	-4.3855	5.1478	-1.8797	-0.3833
sample78	EUR	NA	0	0	0.0362	0	0.9638	0.9814	11.8372	5.2586	7.0324	0.6999	-4.2975	-3.7952	2.9271	-3.0517	-1.5481
sample79	EUR	NA	0	0	0.0301	0	0.9699	-0.1181	9.6097	4.1952	9.9437	2.7497	-2.3377	-2.4876	3.6415	0.5976	-1.393
sample80	AFR	NA	0	0.9995	5e-4	0	0	51.1675	-13.1719	1.8423	3.1402	2.4755	-2.8294	-4.2251	4.3223	-0.8109	-0.5759
sample81	EUR	NA	0	0	0.025	0	0.975	1.5981	11.1908	4.6335	9.2664	2.1532	-3.1357	-3.9398	3.678	-1.05	-2.2423
sample82	EUR	NA	0	0	0.0222	0	0.9778	1.0149	12.6264	3.5693	8.1874	2.0179	-1.7331	-1.1477	4.9385	1.4271	-2.9407
sample83	AFR	NA	0	0.9995	5e-4	0	0	50.2264	-12.2811	-0.7331	3.4118	2.2211	-3.1721	-2.6146	4.5374	-2.7806	-2.3429
sample84	EUR	NA	0	0	0.0557	0	0.9443	2.8497	10.4836	1.2561	6.7629	1.7212	-6.1785	-3.6052	4.9307	0.4229	-1.0381
sample85	EUR	NA	0	0	0.0334	0	0.9666	0.3958	12.2514	4.5383	7.106	2.3671	-2.0211	-2.448	4.2193	-1.7477	-0.9647
sample86	EUR	NA	0	0	0.0205	0	0.9795	-1.5725	13.3784	4.0848	7.0334	3.4826	-1.4258	-3.8611	3.8892	-0.3664	-1.3938
sample87	EUR	NA	0	0	0.0382	0	0.9618	-0.7428	10.97	4.1135	7.0533	1.6689	-0.4281	-5.7255	5.2578	-1.1803	-0.6571
sample88	EUR	NA	0	0	0.3833	3e-4	0.6164	-0.8429	7.3537	5.6001	1.3266	2.0599	-3.6223	-4.173	5.8358	-2.4087	-2.4021
sample89	EUR	NA	0	0	0.0215	0	0.9785	1.6227	12.5618	3.6417	8.0756	2.1768	-3.215	-2.8949	3.943	-1.961	-3.5811
sample90	AFR	NA	0	0.8982	0.1018	0	0	29.4608	-5.5332	0.9959	3.4352	2.1438	-3.1804	-4.0114	4.5053	-3.2271	-1.6074
sample91	AMR	NA	0	0.0083	0.9917	0	0	-2.3882	-2.1532	11.7294	-9.1701	1.6184	-2.262	-5.0092	4.0987	0.8266	-1.8024
sample92	EUR	NA	0	0	0.0227	0	0.9773	-0.2554	12.2171	4.7443	8.2073	1.4929	-1.2333	-2.0808	4.0985	1.2618	-2.9629
sample93	SAS	NA	0	0.0166	0.002	0.9791	0.0023	10.9762	1.3235	-5.7456	4.0523	0.2804	-5.8233	-2.79	5.5965	-0.8775	-0.9805
sample94	EUR	NA	0	0	0.0245	0	0.9755	1.4324	10.3546	3.5653	9.3911	2.7372	-3.7541	-5.1439	1.6686	-1.8136	-1.9452
sample95	EUR	NA	0	0	0.0422	0	0.9578	1.4028	11.3184	5.7191	7.3425	2.48	-3.5889	-4.2093	3.0449	-2.594	-2.1745
sample96	EUR	NA	0	0	0.0144	0	0.9856	-0.3176	13.4435	6.5832	9.0075	3.5102	-0.0915	-5.3044	3.9797	-1.9324	-0.8353
sample97	EUR	NA	0	0	0.0199	0	0.9801	-0.2506	11.9275	4.0968	9.0429	3.741	-2.6133	-3.6297	5.7269	-2.0626	-3.4431
sample98	EUR	NA	0	0	0.0187	0	0.9813	-0.2716	13.0865	5.9904	8.3406	2.403	-0.4205	-4.0688	7.0417	-0.5986	-3.1748
sample99	EUR	NA	0	0	0.0179	0	0.9821	1.1876	13.5341	3.388	7.9068	2.9343	-1.8409	-3.3545	5.0772	-0.9037	-2.6779
sample100	EUR	NA	0	0	0.0187	0	0.9813	-1.0438	12.7607	3.3406	8.1942	2.2433	-1.3999	-3.1604	5.3709	0.0833	-0.7232
sample101	EUR	NA	0	0	0.0381	0	0.9618	2.8725	9.8275	0.1177	8.2513	0.2825	-8.6718	-2.3596	3.0174	-1.8357	-1.4202
sample102	EUR	NA	0	0	0.0268	0	0.9732	-0.78	12.8826	5.6818	7.2947	1.96	-0.7742	-2.2132	3.8549	-0.1605	-0.7394
sample103	EUR	NA	0	0	0.0218	0	0.9782	0.059	13.0608	6.101	7.649	1.8935	-1.1649	-3.24	3.3619	-2.3715	-2.0469
sample104	EUR	NA	0	0	0.0168	0	0.9832	-0.7566	12.3382	5.1252	8.5314	2.2576	-1.5182	-4.7245	4.2554	-3.1772	-3.719
sample105	EUR	NA	0	0	0.0146	0	0.9854	-0.4553	12.1812	4.6967	9.1813	0.3505	-0.6826	-2.7427	3.8798	-1.6393	-3.0157
sample106	EUR	NA	0	0	0.0337	0	0.9663	1.6007	10.9445	5.7815	8.3093	1.9929	-0.8879	-3.311	4.8595	-1.2288	-2.8889
sample107	EUR	NA	0	0	0.0779	0	0.9221	0.5442	8.3584	2.0519	6.6361	1.2513	-3.067	-3.8382	4.7634	-1.5608	-1.8287
sample108	EUR	NA	0	0	0.0124	0	0.9876	-1.5636	13.5332	4.0356	8.5302	1.8721	-2.8878	-3.6456	4.1225	-2.7048	-2.4793
sample109	EAS	NA	1	0	0	0	0	-6.5703	-43.3222	2.0016	7.3619	2.0148	-2.2327	-3.2611	5.5739	-0.8852	0.19
sample110	AMR	NA	0	0.0021	0.9979	0	0	-1.7999	-15.9819	16.144	-24.1951	1.8144	-3.4246	-3.6277	5.2067	-1.9882	-0.5769
sample111	EUR	NA	0	0	0.0371	0	0.9629	-0.4578	10.3018	3.4944	8.0887	0.7014	-2.1713	-3.5933	5.8882	1.25	-1.607
sample112	EUR	NA	0	0	0.0151	0	0.9849	1.0539	12.6478	5.6602	10.051	1.5688	-2.2429	-2.5985	4.4849	-1.9964	-1.9224
sample113	EUR	NA	0	0	0.0191	0	0.9809	0.7076	11.6147	2.777	8.5535	-0.4484	-3.5664	-4.2578	3.8535	-0.7357	-2.8845
sample114	EUR	NA	0	0	0.0709	0	0.9291	0.7112	7.6444	1.443	7.6458	1.6055	-4.9503	-3.9387	3.6848	-1.6995	-1.3627
sample115	EUR	NA	0	0	0.019	0	0.981	1.17	13.5614	5.0049	7.9929	3.8117	-2.8742	-4.6633	4.2257	-2.188	-3.3306
sample116	EUR	NA	0	2e-4	0.3324	0	0.6673	9.7209	8.4953	4.6019	7.3497	3.7618	-4.3434	-3.0306	4.5632	-1.1139	-2.7229
sample117	EUR	NA	0	0	0.0189	0	0.9811	0.9634	13.9317	5.5245	7.9882	2.4354	-2.7233	-2.4648	4.369	-0.4521	-2.8361
sample118	EUR	NA	0	0	0.0604	0	0.9395	1.2224	9.5905	4.1396	6.4772	0.1628	-3.2913	-6.0896	3.0717	-1.0043	-2.69
sample119	EUR	NA	0	0	0.0204	0	0.9796	1.2538	12.4975	5.8156	8.7668	1.9854	-2.0597	-4.5551	2.9814	-1.3599	-1.662
sample120	EUR	NA	0	0	0.0391	0	0.9609	-1.4312	10.1314	5.998	8.2945	1.0375	-0.5858	-2.7872	3.5196	0.2828	-0.7109
sample121	EUR	NA	0	0	0.0237	0	0.9763	0.3366	12.3277	6.599	8.9314	2.1836	-1.1757	-4.1846	4.676	-0.7285	-0.36
sample122	EUR	NA	0	0	0.0303	0	0.9697	-1.4031	10.2801	5.1048	8.5388	1.0111	-2.5755	-3.8805	4.2191	-0.9179	-3.96
sample123	EUR	NA	0	0	0.0337	0	0.9663	1.1894	12.7769	6.9178	6.9732	1.5562	-2.1348	-4.2461	2.9227	-1.5972	-1.1392
sample124	EUR	NA	0	0	0.0322	0	0.9678	1.5371	10.7008	1.9604	8.0824	1.861	-5.0562	-3.8762	3.2571	-0.0875	-1.4093
sample125	EUR	NA	0	0	0.0121	0	0.9879	2.4259	13.7383	5.0325	9.8984	1.463	-4.9663	-4.3769	3.664	-1.5204	-1.4237
sample126	AMR	NA	0	0.006	0.994	0	0	2.4249	-9.8294	13.6352	-13.6484	2.3116	-2.4296	-2.6315	2.7807	0.2129	-0.589
sample127	EAS	NA	1	0	0	0	0	-7.4525	-40.9315	1.2171	6.9034	4.0405	-2.6054	-4.5426	3.4975	-0.9568	-1.4489
sample128	EUR	NA	0	0	0.0638	0	0.9361	1.0597	8.6288	4.5015	7.7132	-0.1917	-2.5747	-5.4047	4.6167	0.0134	-1.9217
sample129	EUR	NA	0	0	0.1261	0	0.8739	1.4693	9.1075	4.1293	4.8502	2.3758	-1.2381	-3.3864	3.426	0.7592	-1.0697
sample130	EUR	NA	0	0	0.0211	0	0.9789	-0.1701	11.9039	2.9028	8.6513	2.0917	-5.6372	-5.8384	4.3323	-0.2606	0.0085
sample131	EUR	NA	0	0	0.0359	0	0.9641	-0.3266	10.9863	5.6197	8.329	2.9539	-4.1461	-2.9966	3.5385	-0.5035	-2.1149
sample132	SAS	NA	0	0	0	0.9997	3e-4	-0.2621	0.9368	-5.0363	1.6322	2.1807	-2.9651	-2.9341	3.6198	1.3301	-2.5896
sample133	AMR	NA	0	0.0063	0.9937	0	0	-2.0407	-5.2773	12.6706	-10.9341	1.7083	0.0011	-4.1269	4.41	-0.0247	-1.2797
sample134	AFR	NA	0	0.9997	3e-4	0	0	53.1148	-13.2077	1.542	3.161	3.2655	-2.7763	-3.7179	4.8899	-0.5774	-1.7332
sample135	EUR	NA	0	0	0.0128	0	0.9872	0.5315	13.5496	3.3222	8.6192	1.5309	-0.7082	-4.2128	4.3728	0.75	-1.6065
sample136	EUR	NA	0	0	0.0264	0	0.9736	1.4645	12.0091	5.6264	8.1493	2.1809	-0.6207	-3.9334	3.6677	-2.439	-1.2238
sample137	EUR	NA	0	0	0.1849	0	0.8151	-0.7127	7.9511	7.3855	5.0305	2.4254	-2.4505	-1.8681	3.9879	-0.3635	-1.7375
sample138	EUR	NA	0	0	0.4695	7e-4	0.5298	0.1228	4.8048	5.4563	2.1732	1.6033	-4.735	-3.8408	4.3949	0.3419	-4.3994
sample139	EUR	NA	0	0	0.0295	0	0.9705	0.5748	11.798	4.1536	7.3799	-0.8169	-2.0354	-4.77	5.1723	2.3941	-2.2054
sample140	EUR	NA	0	0	0.0214	0	0.9786	0.2058	11.8109	2.9543	8.6958	1.4358	-0.2363	-2.5359	5.9693	1.0435	-1.4385
sample141	EUR	NA	0	0	0.069	0	0.931	0.8038	10.1212	6.7738	7.1879	2.5423	-1.8845	-4.7025	5.2897	-1.0467	-1.0186
sample142	EUR	NA	0	0	0.0315	0	0.9685	-1.1182	11.619	3.8611	7.179	2.0129	-1.1738	-1.0141	3.3408	2.2053	-1.7442
sample143	EUR	NA	0	0	0.0275	0	0.9725	-1.2814	9.5376	4.3567	9.0192	1.1459	0.439	-5.7164	5.5816	1.7794	-3.4639
sample144	EUR	NA	0	0	0.0395	0	0.9605	0.5369	11.863	5.3232	5.8607	2.1187	1.4182	-3.6515	4.0843	-1.6744	-2.1133
sample145	EUR	NA	0	0	0.0131	0	0.9869	0.7379	11.9989	6.0065	11.0029	0.7623	-2.2568	-3.1443	4.2071	-1.0241	-2.55
sample146	EUR	NA	0	0	0.0137	0	0.9863	0.1981	12.046	4.1595	10.2547	2.6553	-1.7098	-3.3977	4.2158	0.371	-2.7694
sample147	AFR	NA	0	0.9998	2e-4	0	0	55.1206	-13.1331	0.7499	1.6441	1.237	-2.7311	-2.5206	2.73	-1.4428	-0.909
sample148	EAS	NA	1	0	0	0	0	-7.4194	-42.3531	1.9325	6.7738	-6.8455	-1.6453	-4.1383	5.8487	-0.4406	-0.6355
sample149	EUR	NA	0	0	0.0271	0	0.9729	2.1627	12.5217	2.3248	7.1861	2.4337	-3.5542	-4.7216	4.1516	-2.0937	-0.735
sample150	EUR	NA	0	0	0.0286	0	0.9714	1.1399	11.5767	5.6341	8.8852	1.9572	-2.511	-2.797	4.8117	-1.573	-1.8338
sample151	EUR	NA	0	0	0.0197	0	0.9803	-0.13	11.7954	4.0217	9.1229	0.9346	-3.5606	-3.7436	4.9736	0.5106	-2.2875
sample152	EUR	NA	0	0	0.0176	0	0.9824	1.31	12.485	5.7685	9.0209	0.5806	0.3035	-4.6442	4.417	-0.8044	-1.4243
sample153	EUR	NA	0	0	0.0766	0	0.9234	-0.5928	8.8801	5.2854	6.0571	1.161	-0.0615	-3.4632	3.8625	0.1399	-3.4534
sample154	EUR	NA	0	0	0.0463	0	0.9537	-1.1498	10.9203	3.2213	6.3317	2.8499	-2.1812	-3.3127	4.3086	-1.121	-1.3674
sample155	AFR	NA	0	0.8645	0.1355	0	0	27.7501	-4.3697	-0.2126	4.2226	1.4687	-7.1794	-5.6207	2.0895	-1.3006	-1.2683
sample156	EUR	NA	0	0	0.0273	0	0.9727	-0.3495	12.7686	5.1741	7.3543	3.4977	-0.7541	-3.9353	5.5241	-0.8535	-1.4627
sample157	EUR	NA	0	0	0.0161	0	0.9839	1.6648	13.5161	3.6694	8.5554	1.3394	-3.167	-3.3093	5.1531	-1.0465	-1.761
sample158	EUR	NA	0	0	0.0208	0	0.9792	2.5557	12.4103	3.4763	8.3989	-0.4057	-5.5882	-4.0321	2.8911	-0.9532	-1.2686
sample159	EUR	NA	0	0	0.0359	0	0.9641	0.1144	10.3808	4.9579	8.4121	2.7575	-0.6885	-3.7343	3.1777	0.9072	-1.3384
sample160	EUR	NA	0	0	0.0248	0	0.9752	-0.623	12.6302	5.3624	7.3889	0.6137	-1.9729	-5.0359	4.5572	-1.5699	-0.9759
sample161	EUR	NA	0	0	0.0144	0	0.9856	1.0445	13.291	5.5228	9.2932	1.4197	-1.9916	-4.1598	3.8947	0.4193	-1.9986
sample162	EUR	NA	0	0	0.0293	0	0.9707	0.0126	12.2833	5.5291	7.5382	2.6848	-2.2357	-3.7715	3.7037	-1.6696	-1.7803
sample163	SAS	NA	0	0	0	1	0	1.305	-8.1653	-15.501	-4.6043	3.632	-1.2898	-3.9945	5.2262	-0.665	-1.5482
sample164	EUR	NA	0	0	0.0116	0	0.9884	0.6083	14.9873	4.3246	7.7038	0.8899	-1.4784	-3.0758	3.2465	-1.497	-1.5495
sample165	AFR	NA	0	0.9995	5e-4	0	0	51.6147	-11.9525	-0.2447	1.6146	1.9227	-2.2243	-5.0074	4.4747	-0.8383	-3.5066
sample166	EUR	NA	0	0	0.0127	0	0.9873	1.1753	14.0369	4.0051	8.7214	2.5129	-2.5243	-4.2985	4.057	-1.0084	-1.8426
sample167	EUR	NA	0	0	0.0518	0	0.9482	1.7878	10.9083	1.9667	6.4373	3.2363	-0.1661	-2.1133	4.8948	0.6611	-0.8097
sample168	AFR	NA	1e-4	0.5365	0.4632	0	2e-4	21.9723	2.2469	3.4335	5.9504	1.9066	-0.5911	-3.8775	4.907	-0.8457	-1.4774
sample169	EAS	NA	1	0	0	0	0	-7.7549	-43.0603	1.7164	5.8805	0.7185	-3.2933	-5.0982	4.1246	-0.4907	-1.3271
sample170	EUR	NA	0	0	0.0244	0	0.9756	0.9554	11.8082	4.8344	8.6338	1.9168	-1.3835	-6.1748	5.1774	-1.6283	-0.6349
sample171	EUR	NA	0	0	0.125	0	0.875	4.2654	10.345	2.2872	4.4372	3.2951	-6.942	-3.5482	4.3422	-0.7736	-1.4511
sample172	AMR	NA	0	3e-4	0.9991	4e-4	1e-4	0.4229	2.1329	11.1572	-2.9772	1.5314	-2.8973	-3.4362	3.3015	-2.3252	-1.4698
sample173	AMR	NA	0	4e-4	0.9984	7e-4	5e-4	4.9273	2.5165	8.6197	-1.9318	3.5374	-4.9258	-4.2444	4.104	-1.7529	-0.3011
sample174	EUR	NA	0	0	0.0257	0	0.9743	-0.6492	12.0808	4.5373	8.0105	0.8745	-1.9021	-3.0669	6.6455	1.8245	-3.4148
sample175	EAS	NA	1	0	0	0	0	-6.7708	-42.1232	0.4946	6.8585	3.229	-2.8849	-2.9645	4.4212	-1.4739	-1.6732
sample176	AFR	NA	0	0.999	0.001	0	0	48.9586	-11.5119	1.2151	2.581	2.3202	-1.703	-4.0856	4.7125	-0.2013	-0.9339
sample177	SAS	NA	0	0	0	1	0	1.6233	-9.0624	-19.2097	-5.0051	1.0984	-3.9624	-3.4657	3.0303	-1.4496	-2.6126
sample178	AMR	NA	0	7e-4	0.9993	0	0	-7.0424	-18.6048	19.9792	-30.5327	5.1751	-2.5993	-3.1635	5.7198	-1.1466	-0.5461
sample179	EUR	NA	0	0	0.0277	0	0.9723	-0.314	10.7227	4.4665	8.5732	2.8861	-0.9279	-3.6923	4.1595	-0.6546	-2.6999
sample180	EUR	NA	0	0	0.0183	0	0.9817	-0.6267	10.4031	5.8715	10.3448	2.6554	-1.0404	-5.7198	4.1202	-1.2403	-3.4467
sample181	EUR	NA	0	0	0.2395	1e-4	0.7604	1.7105	7.8846	7.2894	4.8067	2.0765	-3.6809	-2.7022	5.5764	-1.0592	-1.7212
sample182	EUR	NA	0	0	0.026	0	0.974	1.794	9.931	2.8057	10.2974	1.5077	-6.6752	-3.8398	3.8841	-0.7731	-0.8535
sample183	EUR	NA	0	0	0.0372	0	0.9628	1.8763	11.2197	7.5143	8.8112	1.1213	-2.313	-2.523	5.349	-2.2075	-1.7159
sample184	EUR	NA	0	0	0.046	0	0.954	0.1155	10.3545	4.6303	7.6555	2.4253	-2.1211	-4.0353	4.571	-0.5593	-1.2895
sample185	AMR	NA	0	0.0074	0.9926	0	0	0.6806	-6.5719	12.5027	-10.2437	2.2455	-4.4742	-2.0472	5.4447	-0.2409	-0.63
sample186	EUR	NA	0	0	0.0333	0	0.9667	-0.6335	10.91	3.4517	7.4948	1.1727	-0.75	-3.2783	4.6359	0.9593	-1.9881
sample187	EUR	NA	0	0	0.141	0	0.8589	-0.7839	4.5539	5.2919	7.907	2.5718	-1.3971	-2.7717	4.0931	-1.4633	-3.6566
sample188	EAS	NA	1	0	0	0	0	-6.7593	-41.6593	-1.1835	4.9165	7.268	-3.8807	-2.3847	3.614	-1.2194	-2.428
sample189	EUR	NA	0	0	0.0225	0	0.9775	-0.398	10.8196	2.3594	8.4868	0.6405	-3.0428	-5.7519	4.9992	-2.7116	-2.1112
sample190	EUR	NA	0	0	0.0292	0	0.9708	0.5576	11.14	4.352	8.1638	1.7598	-1.8811	-5.5873	4.6305	-1.1509	-2.2608
sample191	EUR	NA	0	0	0.0227	0	0.9773	-0.9729	10.7951	4.8172	8.5317	2.2672	0.065	-5.1366	4.5026	-1.9668	-3.3222
sample192	EUR	NA	0	0	0.0291	0	0.9709	2.1965	11.3144	5.0796	8.7457	2.0639	-1.5246	-4.0069	3.838	-0.5228	-2.0224
sample193	EUR	NA	0	0	0.0575	0	0.9425	0.9081	9.3873	5.2658	8.2934	2.5704	-3.656	-2.3367	5.6712	-1.6958	-3.3614
sample194	EUR	NA	0	0	0.0198	0	0.9802	-0.3872	13.8707	3.1823	6.7815	1.5436	-3.23	-5.0316	4.7732	0.007	-0.229
sample195	EUR	NA	0	0	0.0159	0	0.9841	0.72	12.2474	4.1407	9.0574	0.5792	-0.4456	-4.0066	3.9506	-0.0025	-2.5912
sample196	EUR	NA	0	0	0.0388	0	0.9612	4.2356	10.9587	2.009	7.6091	-0.3111	-6.6061	-2.387	2.8912	-1.7708	-1.5077
sample197	AFR	NA	0	0.9878	0.0122	0	0	39.884	-9.9412	2.6046	1.4633	2.8951	-1.1649	-3.4268	3.8286	-0.0614	-1.9097
sample198	EUR	NA	0	0	0.0492	0	0.9508	2.4213	10.7137	4.1273	7.0091	-0.0544	-4.7625	-4.6766	3.2608	-0.5552	-1.0344
sample199	AMR	NA	0	0.0049	0.9951	0	0	1.2676	-9.6075	12.0411	-15.9584	1.1698	-3.0092	-5.7934	5.3803	0.4105	-2.7505
sample200	AFR	NA	0	0.9966	0.0034	0	0	44.083	-9.9484	0.7577	3.383	3.2768	-1.4001	-5.5484	3.9657	-1.7792	-1.3815
sample201	EUR	NA	0	0	0.0171	0	0.9829	-0.2121	12.6076	3.2146	7.9179	2.2295	-1.29	-7.16	4.0763	-1.4645	-1.5506
sample202	EAS	NA	1	0	0	0	0	-7.0607	-40.7857	-1.7736	7.549	7.9596	-1.7698	-4.9518	4.1646	0.5902	0.2749
sample203	AMR	NA	2e-4	0.0091	0.9903	3e-4	2e-4	9.9155	0.6056	7.0432	-0.3492	2.3131	-3.7831	-3.5747	5.2087	0.926	-0.3136
sample204	EUR	NA	0	0	0.022	0	0.978	1.6592	11.8722	5.3776	8.9922	2.3908	-2.0608	-5.732	3.5029	-2.4393	-1.9237
sample205	EUR	NA	0	0	0.0268	0	0.9732	0.6084	11.6569	5.1998	8.644	3.1234	-2.1941	-4.0447	3.688	-0.1823	-1.7396
sample206	EAS	NA	0.9999	0	1e-4	0	0	-2.9941	-15.8348	2.4976	5.2257	0.1026	-3.3447	-4.7877	4.8442	-0.3722	-0.226
sample207	EUR	NA	0	0	0.0265	0	0.9735	-0.296	12.484	5.4755	7.7014	2.568	-0.5565	-3.2339	4.7198	-1.2974	-0.8984
sample208	EUR	NA	0	0	0.0219	0	0.9781	4.4004	11.1325	2.6974	9.8214	-1.4804	-6.7373	-2.428	3.5579	-1.9728	-1.8972
sample209	EUR	NA	0	0	0.0284	0	0.9716	-1.187	11.1506	4.0206	8.197	0.9425	-3.6355	-3.6447	5.5409	-0.5908	-2.3057
sample210	EUR	NA	0	0	0.0251	0	0.9749	-0.1043	12.5716	4.0423	7.5662	1.7448	-0.3478	-2.3841	5.4269	-1.0849	-0.8063
sample211	EUR	NA	0	0	0.0431	0	0.9569	1.9794	11.5018	4.9953	7.3379	1.4007	-4.5966	-3.1856	4.6793	0.4279	-3.2014
sample212	AFR	NA	0	0.8591	0.1409	0	0	30.5744	-5.2108	4.1121	1.9208	3.304	-4.0261	-2.2535	4.474	-1.5728	-1.1725
sample213	EUR	NA	0	0	0.029	0	0.971	-1.0757	11.154	3.9046	7.7217	1.2611	-1.9264	-4.2287	4.6322	-1.0117	-2.2285
sample214	AMR	NA	0	0.0036	0.9964	0	0	-1.2836	-18.3126	16.9408	-24.3433	1.5357	-3.4879	-2.9397	4.1273	-2.2735	-1.672
sample215	EUR	NA	0	0	0.0861	0	0.9139	3.0063	9.9725	3.321	6.4291	3.7037	-5.5246	-2.8554	5.0467	-0.5454	-2.4077
sample216	AFR	NA	0	0.9925	0.0075	0	0	41.1496	-7.1782	-0.0276	2.4093	1.7061	-2.9751	-5.3874	3.7428	-0.798	-1.0053
sample217	AMR	NA	0	0.0186	0.9814	0	0	6.2775	-6.1211	10.6696	-11.3356	1.7594	-1.1445	-3.3797	2.7881	-1.7884	-1.5219
sample218	EAS	NA	1	0	0	0	0	-2.9151	-39.282	0.0113	7.4766	2.7952	-3.2177	-3.2717	4.1412	-1.0823	-1.0684
sample219	EUR	NA	0	0	0.0369	0	0.9631	2.0206	10.9659	5.8515	8.683	1.8435	-3.6581	-4.5419	4.1094	-1.4693	-1.0699
sample220	EUR	NA	0	0	0.0205	0	0.9795	0.6077	11.8322	4.4436	8.7152	1.5166	-1.6734	-6.7698	4.7639	-0.0562	-2.3017
sample221	EUR	NA	0	0	0.0386	0	0.9614	0.8407	9.0288	1.7587	8.6203	2.67	-5.2267	-7.0988	3.9063	0.4891	-2.2794
sample222	EUR	NA	0	0	0.0355	0	0.9645	-0.0304	9.5766	3.3142	8.9034	2.487	-0.3536	-1.9894	4.9712	0.4047	-1.5481
sample223	EUR	NA	0	0	0.0216	0	0.9784	0.168	13.2692	2.6933	6.5267	0.9483	-3.1081	-5.7106	4.7066	-2.1031	-1.6039
sample224	EAS	NA	0.9798	0	0.0202	0	0	-4.0077	-14.0212	2.1658	7.8614	4.3489	-2.7266	-3.9776	6.2129	-1.9725	-1.9193
sample225	EUR	NA	0	0	0.0268	0	0.9732	0.0413	11.8524	3.783	8.0255	2.8979	-1.8632	-4.6156	4.3982	-1.5071	0.2834
sample226	AMR	NA	0	0.0018	0.9982	0	0	-3.6442	-15.1943	17.8575	-25.248	1.7569	-3.9787	-3.3838	3.9656	-0.0931	-1.0824
sample227	EUR	NA	0	0	0.0294	0	0.9706	-0.5718	11.0371	4.7912	7.9891	3.7882	-1.2725	-6.7378	4.2649	-1.857	-2.4714
sample228	EUR	NA	0	0	0.0241	0	0.9759	-0.1475	11.7607	3.181	7.7592	0.4812	-1.0471	-4.3406	5.0091	0.7997	-1.8816
sample229	EUR	NA	0	0	0.0127	0	0.9873	-0.0686	15.1851	5.188	8.1849	2.9479	-0.996	-3.0062	5.0992	-0.36870000000000003	-0.1211
sample230	EUR	NA	0	0	0.0662	0	0.9338	2.4163	8.7069	1.2586	7.0773	0.2972	-6.3514	-4.1404	3.3822	-0.7423	-1.5828
sample231	EUR	NA	0	0	0.05	0	0.9499	3.3551	10.4275	2.2669	7.3159	1.8499	-7.4004	-4.1571	2.8606	-3.1356	-0.4325
sample232	EUR	NA	0	0	0.0209	0	0.9791	0.0126	11.4134	3.1923	8.8303	1.9329	-3.2582	-4.2042	3.9023	-1.455	-2.0135
sample233	AFR	NA	0	0.9997	3e-4	0	0	52.3729	-12.7628	-0.5755	1.984	1.9575	-1.1842	-3.8	5.3909	-0.8535	-2.0087
sample234	EUR	NA	0	0	0.0636	0	0.9363	3.7518	9.1468	3.126	7.7959	-0.3132	-5.9658	-1.9433	3.2717	-0.7029	-2.1587
sample235	EUR	NA	0	0	0.0239	0	0.9761	0.264	9.9983	3.8224	10.2444	1.5651	-1.3293	-3.742	5.5857	0.8457	-2.0597
sample236	EUR	NA	0	0	0.0187	0	0.9813	0.2912	12.9101	5.2305	8.9083	3.731	-1.4979	-4.4698	5.0522	0.5239	-2.0358
sample237	AFR	NA	0	1	0	0	0	59.9715	-16.415	1.4022	1.9728	0.3726	-3.2506	-3.4083	4.6899	-1.5108	0.1989
sample238	EUR	NA	0	0	0.0132	0	0.9868	0.2683	13.2745	3.0325	8.489	1.6101	-1.0664	-3.0288	5.4091	-2.1504	-3.7136
sample239	EUR	NA	0	0	0.0287	0	0.9713	3.0309	11.735900000000001	3.5303	8.5331	2.4943	-5.9808	-4.1535	3.9564	-2.4216	-1.6541
sample240	EUR	NA	0	0	0.0363	0	0.9637	-0.9274	10.5255	3.5297	7.4067	2.3787	-1.7172	-2.1931	5.4016	-0.8491	-4.7929
sample241	SAS	NA	0	0	0	1	0	1.2534	-1.25	-11.9954	-1.0954	3.1733	-2.7847	-1.9774	3.7796	-1.3459	-2.6026
sample242	EUR	NA	0	0	0.0161	0	0.9839	0.851	13.4596	2.9608	7.7003	2.1743	-3.8565	-3.324	3.0958	-4.7702	-2.6074
sample243	EUR	NA	0	0	0.0224	0	0.9776	1.1432	13.1036	6.4407	8.1233	1.232	-1.0853	-3.7757	5.1713	-0.8456	-2.1784
sample244	EUR	NA	0	0	0.0237	0	0.9763	-0.8046	11.1468	3.46	7.5417	1.6447	-2.5633	-5.2719	1.4084	1.2922	-4.074
sample245	EUR	NA	0	0	0.0137	0	0.9863	1.0272	13.6947	5.7528	9.4593	1.3723	-4.6771	-3.58	4.3144	-2.5876	-1.7601
sample246	EUR	NA	0	0	0.0435	0	0.9565	2.3393	10.9819	3.9349	7.4236	1.7609	-4.384	-4.1722	3.7352	-0.0333	-1.9654
sample247	EUR	NA	0	0	0.0148	0	0.9852	1.5291	13.3632	4.9145	9.4114	2.7344	-1.9562	-3.7233	4.3577	-0.0681	-1.4349
sample248	AFR	NA	0	0.9912	0.0088	0	0	40.4696	-6.9942	0.4236	2.9716	2.2603	-2.1097	-3.6988	5.0468	-0.403	-1.6979
sample249	EUR	NA	0	0	0.0296	0	0.9704	0.8453	13.4649	4.056	6.7322	3.0092	-5.3565	-2.8105	5.2063	-1.5774	-2.0941
sample250	EAS	NA	1	0	0	0	0	-5.9294	-45.7465	1.2688	6.986	4.5339	-2.9384	-4.3088	4.8903	-1.3966	-0.3708
sample251	EUR	NA	0	0	0.0186	0	0.9814	1.747	13.1008	5.6331	9.086	2.6666	-4.2536	-5.0313	5.4714	-1.8956	-3.1718
sample252	EUR	NA	0	0	0.0234	0	0.9766	1.2496	11.9821	4.9998	8.9848	2.8038	-2.149	-4.255	4.3223	-0.451	-1.4147
sample253	EUR	NA	0	0	0.0289	0	0.9711	2.5313	10.2204	1.7439	9.0696	-0.325	-7.3096	-4.2403	3.1477	-1.5219	-0.139
sample254	EUR	NA	0	0	0.0136	0	0.9864	0.5447	12.6146	4.9013	9.6462	3.4913	-0.7066	-3.2292	2.8657	-1.816	-1.8271
sample255	EUR	NA	0	0	0.0205	0	0.9795	0.1088	14.202	5.0413	6.4058	2.5185	-0.3761	-4.0284	4.1819	-1.5087	-2.5976
sample256	EUR	NA	0	0	0.0212	0	0.9788	1.0085	8.2842	-1.3867	7.4527	0.6736	-6.1127	-4.0703	4.5455	-0.5923	-0.7724
sample257	SAS	NA	0	0	0	1	0	0.2709	-1.5246	-12.5684	-1.212	0.7885	-4.1769	-3.7517	2.6897	-4.4744	-0.0552
sample258	EUR	NA	0	0	0.0563	0	0.9437	-0.4489	10.0073	5.51	6.9573	2.6501	-1.6268	-5.4203	5.6674	-0.412	-3.3371
sample259	EUR	NA	0	0	0.043	0	0.957	-0.3695	9.0129	2.7993	8.0808	2.2206	-1.926	-4.307	3.9293	2.0022	-2.5156
sample260	EUR	NA	0	0	0.0267	0	0.9733	-0.3151	11.0791	3.3553	8.7227	0.7617	-2.0473	-2.4501	5.4734	1.2421	-0.7378
sample261	EUR	NA	0	0	0.0485	0	0.9515	0.84	9.7519	3.4755	7.5847	3.2574	-1.3771	-1.6814	2.069	-0.7028	-1.5913
sample262	EUR	NA	0	0	0.0637	0	0.9363	1.5261	10.4893	4.4385	7.06	0.3077	-4.7074	-4.3903	6.4256	1.1212	0.2862
sample263	EUR	NA	0	0	0.0576	0	0.9424	0.7428	9.9641	3.6657	6.9458	2.5985	-2.4127	-4.1468	5.3473	0.4239	-3.3358
sample264	EUR	NA	0	0	0.0455	0	0.9545	2.1874	11.4338	3.2722	6.9081	1.903	-5.3751	-4.9784	5.1596	-0.3115	-1.2625
sample265	EUR	NA	0	0	0.0249	0	0.9751	0.2952	11.5777	5.1999	9.5352	3.1649	-4.3153	-3.0099	5.3297	-3.1904	-1.0626
sample266	EUR	NA	0	0	0.0095	0	0.9905	-2.0116	12.2626	3.6573	10.8675	1.7496	-2.2558	-3.6592	6.4913	0.7173	-1.9584
sample267	EAS	NA	1	0	0	0	0	-7.3723	-41.7771	1.3194	8.2714	7.5463	-2.8294	-3.766	4.9457	-0.5348	-2.8436
sample268	EUR	NA	0	0	0.0253	0	0.9747	-1.3466	11.6249	2.878	7.7565	1.1405	-2.1434	-3.0509	5.1622	-1.3541	-0.8895
sample269	EUR	NA	0	0	0.0238	0	0.9762	0.1944	11.6533	4.3041	8.3933	1.9826	-3.3483	-3.547	3.4464	0.551	-3.8044
sample270	AMR	NA	0	0.006	0.994	0	0	1.2573	-3.6368	10.901	-7.9813	-0.3308	-1.4664	-3.8513	3.5716	-0.4853	-2.6261
sample271	EUR	NA	0	0	0.0262	0	0.9738	1.7968	12.4431	5.6114	7.662	1.0511	-1.3199	-3.9259	3.3382	-2.7878	-2.0128
sample272	EUR	NA	0	0	0.028	0	0.972	-0.2254	13.0304	4.2872	7.1856	1.0408	-2.7475	-3.1819	6.4304	-1.1918	0.4622
sample273	EUR	NA	0	0	0.0409	0	0.9591	-0.7438	10.862	6.4239	8.0495	3.6333	-1.9832	-2.7754	4.2597	-0.9036	-1.6458
sample274	EUR	NA	0	0	0.03	0	0.97	3.603	9.7095	-1.4269	5.6334	0.5972	-7.7085	-5.6138	5.2234	-0.9211	-0.8425
sample275	EUR	NA	0	0	0.0487	0	0.9513	1.1913	10.9268	3.4957	6.2783	1.1961	-6.0294	-3.8076	2.505	-1.4902	-3.1021
sample276	EUR	NA	0	0	0.0535	0	0.9465	2.3531	9.4395	4.2937	8.2143	1.1283	-7.7023	-4.8931	3.0981	-2.7575	-1.8952
sample277	EUR	NA	0	0	0.026	0	0.974	0.2032	12.8259	4.7571	7.5937	4.9058	-1.1557	-4.1705	3.4651	0.1745	-0.7292
sample278	EAS	NA	1	0	0	0	0	-8.8195	-43.1482	3.4959	6.4653	-1.878	-2.0628	-4.6424	5.4355	-2.5493	-1.289
sample279	EUR	NA	0	0	0.0234	0	0.9766	1.7478	12.5728	6.7565	9.166	1.8177	-2.1681	-2.6522	5.0663	0.2293	-2.3492
sample280	EUR	NA	0	0	0.0234	0	0.9766	-0.3254	11.6537	5.3583	9.0848	2.1338	-2.481	-3.5472	4.5871	-0.3133	-1.8268
sample281	EUR	NA	0	0	0.0148	0	0.9852	1.4454	13.2706	6.5611	9.8743	1.391	-3.2215	-4.0512	3.6743	-0.6629	-0.902
sample282	EUR	NA	0	0	0.03	0	0.97	-0.4214	11.2792	4.5979	8.6008	2.2722	-3.8128	-4.6973	6.6554	-0.2965	-2.0899
sample283	EUR	NA	0	0	0.0192	0	0.9808	1.0009	10.9069	3.7565	9.0606	1.0095	-0.2568	-3.7913	3.9362	-1.7031	-4.3247
sample284	EUR	NA	0	0	0.0184	0	0.9816	-1.4912	12.7406	4.4035	8.0677	1.4603	-1.9087	-2.3738	4.1281	-1.8651	-2.0799
sample285	EUR	NA	0	0	0.0242	0	0.9758	-0.1326	12.5126	5.6567	8.2187	3.2097	0.1003	-3.9005	4.896	1.1387	-0.8975
sample286	AFR	NA	0	0.9974	0.0026	0	0	45.7003	-10.6257	1.5253	3.8689	0.7992	-1.6953	-6.0515	3.3478	-1.2353	-1.887
sample287	EUR	NA	0	0	0.0187	0	0.9813	1.1915	12.506	5.219	8.7899	0.2804	-1.3161	-3.1635	4.5445	0.0221	-3.4479
sample288	EUR	NA	0	0	0.0258	0	0.9742	0.8287	10.9372	4.5978	8.5496	2.8197	-0.1376	-2.3332	3.5667	-2.04	-2.5949
sample289	EUR	NA	1e-4	0	0.3719	3e-4	0.6277	-0.2564	5.3724	6.9234	3.1295	2.9339	-1.1513	-5.1288	3.3988	1.0792	-1.8435
sample290	EUR	NA	0	0	0.0471	0	0.9529	0.1501	11.2474	4.4691	6.4054	1.7414	-1.2838	-2.9409	4.1114	-1.6633	-1.3699
sample291	EUR	NA	0	0	0.0377	0	0.9623	0.5247	10.1515	4.8324	8.8242	4.5464	-1.3625	-3.8053	4.6261	-1.3306	-1.1482
sample292	EUR	NA	0	0	0.0608	0	0.9392	0.4622	7.7389	2.8525	8.5135	1.6036	-4.3947	-4.7394	3.3979	0.9358	-1.3429
sample293	EAS	NA	0.9972	0	0.0028	0	0	-1.4327	-14.5395	2.0195	8.4988	2.4072	-3.2172	-1.9062	3.5077	-0.6218	-2.718
sample294	AMR	NA	0	0.0071	0.9929	0	0	3.3578	-11.5051	11.1103	-14.7551	0.8151	-3.4446	-3.9148	5.4765	-0.2056	-1.6144
sample295	AMR	NA	0	0.0556	0.9444	0	0	16.7662	-0.6216	6.1764	-1.0524	3.6746	-3.7631	-3.1454	4.7413	0.6903	-2.5211
sample296	AFR	NA	0	0.9992	8e-4	0	0	51.0806	-12.4741	2.4654	1.8332	1.4989	-1.3803	-4.6492000000000004	3.8212	-1.6871	-1.8106
sample297	EUR	NA	0	0	0.0399	0	0.9601	-0.1472	10.1813	2.5846	7.5368	1.7515	-0.3641	-3.1971	4.9481	-0.2769	-0.9705
sample298	EUR	NA	0	0	0.0255	0	0.9744	3.7821	8.4035	-1.8534	6.2994	1.1742	-6.6132	-3.5544	4.0477	0.8219	-3.772
sample299	AMR	NA	0	0.0042	0.9958	0	0	1.3247	-1.8406	10.1477	-7.1894	0.5655	-4.1444	-3.1363	4.9611	-1.1519	-2.2718
sample300	AMR	NA	0.0016	1e-4	0.9982	0	1e-4	-3.3441	-5.4317	4.7604	6.8347	4.1416	-2.1469	-3.4095	5.2556	-1.1219	-1.3356
sample301	EUR	NA	0	0	0.018	0	0.982	1.5975	12.5443	4.1199	9.2843	1.9635	-3.5826	-3.344	5.14	-0.4281	-2.805
sample302	EAS	NA	1	0	0	0	0	-6.2379	-43.1181	1.5626	5.6193	3.1016	-3.5368	-2.2623	3.3762	-1.0763	-2.9314
sample303	EUR	NA	0	0	0.0695	0	0.9305	2.5297	9.8935	6.4912	7.4722	0.7066	-2.3089	-3.96	4.6403	-0.7735	-1.4622
sample304	EUR	NA	0	0	0.0918	0	0.9082	4.3085	10.0354	3.8486	6.5269	1.294	-6.412	-4.2608	5.7859	-1.8356	-0.2285
sample305	EUR	NA	0	0	0.0235	0	0.9765	1.3191	11.7598	4.3902	9.0086	1.492	-5.2602	-2.3835	4.5552	-0.7481	-4.1293
sample306	EUR	NA	0	0	0.0186	0	0.9814	-1.9149	12.1705	4.991	7.8797	2.0043	0.9948	-4.8387	3.3252	-1.3758	-1.5236
sample307	EUR	NA	0	0	0.022	0	0.978	2.6111	12.9319	4.0531	8.1666	3.6068	-3.2609	-4.3719	4.3364	-2.2733	-3.2271
sample308	EUR	NA	0	0	0.0411	0	0.9589	0.5275	11.9513	4.226	6.7324	1.8545	-3.0865	-2.3833	3.7473	-2.0235	0.9996
sample309	EUR	NA	0	0	0.0289	0	0.9711	0.3043	12.1967	5.1669	7.7878	2.0389	-3.246	-4.1326	5.845	-1.0919	-3.4687
sample310	EUR	NA	0	0	0.0619	0	0.9381	0.5929	9.4472	3.47	7.0868	2.7702	-4.2078	-3.4519	2.889	0.7959	-2.1178
sample311	EUR	NA	0	0	0.0322	0	0.9678	-0.3221	10.5385	3.1938	7.7831	0.6933	-1.6651	-2.9139	3.0173	1.0846	-1.649
sample312	EUR	NA	0	0	0.0144	0	0.9856	0.9427	13.3374	3.8888	8.1995	-0.276	-0.6651	-3.5357	3.5832	-0.7947	-2.094
sample313	EAS	NA	1	0	0	0	0	-7.3523	-42.6281	2.6186	6.8353	-3.2504	-2.2214	-4.3734	3.7016	-0.6093	-3.0466
sample314	EUR	NA	0	0	0.0267	0	0.9733	0.5577	12.2527	4.1359	8.3786	3.6111	-1.527	-2.6187	5.76	-1.2503	-0.3224
sample315	EUR	NA	0	0	0.031	0	0.969	1.8172	10.5632	3.8365	8.3227	0.0608	-3.7725	-2.9616	2.5606	-1.5679	-3.5734
sample316	EUR	NA	0	0	0.0197	0	0.9803	-0.1306	11.4982	2.6511	8.9065	3.3724	-1.4953	-4.0246	3.6792	-2.5693	-0.6198
sample317	AMR	NA	0	0.0017	0.9983	0	0	-1.2813	-2.4504	8.4683	-2.8199	1.725	-3.4694	-2.6344	4.9395	-1.0141	-3.9979
sample318	EAS	NA	0.9981	0	0.0019	0	0	-4.6215	-15.6728	5.3724	6.6574	1.9424	-1.7061	-3.2868	4.8644	-0.0413	-1.8346
sample319	EUR	NA	0	0	0.0231	0	0.9769	0.0252	13.3269	6.2296	7.4808	1.977	-2.609	-4.6854	5.1235	-2.5496	-3.303
sample320	EUR	NA	0	0	0.0144	0	0.9856	0.6902	13.246	5.3139	9.013	2.3817	1.0757	-3.0619	5.7894	0.477	-2.1452
sample321	AMR	NA	1e-4	1e-4	0.7069	0.0032	0.2897	0.6686	3.914	8.0382	0.7765	-1.0297	-3.4586	-4.4113	6.1522	-0.0559	-1.5007
sample322	EUR	NA	0	0	0.0395	0	0.9605	1.4487	10.2306	2.3308	7.38	-0.7061	-5.116	-2.465	2.7546	0.7638	-3.5926
sample323	EUR	NA	0	0	0.0265	0	0.9735	0.4141	11.2746	4.9331	8.7965	2.9439	-1.4602	-4.0295	4.4061	-0.5702	-2.2272
sample324	EUR	NA	0	0	0.0212	0	0.9788	1.1306	12.7714	5.8662	8.2528	2.8668	-0.3588	-2.9231	5.6062	-1.2077	-3.1978
sample325	AFR	NA	2e-4	0.679	0.3208	0	0	22.1187	0.0106	1.9591	4.9605	3.6543	-2.1162	-2.3824	5.0475	-1.1582	-0.9402
sample326	EAS	NA	1	0	0	0	0	-8.9475	-45.0077	2.0832	7.5995	4.0637	-2.9612	-3.875	4.649	-2.7975	0.1587
sample327	EUR	NA	0	0	0.0294	0	0.9706	0.7181	10.2617	4.1186	9.8055	2.2061	-2.6552	-3.7698	4.7679	-0.5512	0.6638
sample328	SAS	NA	0	0	0	1	0	0.2758	-6.724	-19.0264	-4.2268	2.0363	-2.0269	-3.4408	5.5028	1.4866	-1.9096
sample329	SAS	NA	0	0	0	1	0	0.8245	-8.3288	-14.2569	-4.7059	0.8622	-1.5604	-4.2883	6.9187	1.5531	-1.7594
sample330	AMR	NA	0	0.0031	0.9099	4e-4	0.0866	10.9844	5.4677	2.9077	3.3625	2.3985	-6.1946	-4.7469	3.5736	-2.5435	-1.3325
sample331	EUR	NA	0	0	0.0081	0	0.9919	1.3847	14.6662	5.1066	9.97	0.397	-2.9791	-3.627	5.0454	-1.7371	-3.2703
sample332	EUR	NA	0	0	0.0248	0	0.9752	0.7061	13.0684	5.2308	7.186	1.3518	-1.1296	-2.6203	3.2661	-0.2878	-2.2534
sample333	EUR	NA	0	0	0.0293	0	0.9707	0.5796	11.2084	6.1762	9.0231	1.9068	-1.9037	-3.8008	5.8419	-0.0663	-2.8111
sample334	AMR	NA	6e-4	4e-4	0.7568	0.0014	0.2408	-1.7219	-0.4573	4.7281	5.096	-0.0705	1.0648	-3.3619	4.9266	-0.6492	-2.7451
sample335	EUR	NA	0	0	0.0229	0	0.9771	-0.9519	12.8485	5.6988	8.1633	2.0096	-1.6557	-4.0182	5.3058	-0.1973	0.015
sample336	EUR	NA	0	0	0.0369	0	0.9631	0.8391	12.3252	5.6828	6.9096	0.7065	-1.2194	-3.3852	5.0735	0.2942	-1.3711
sample337	EUR	NA	0	0	0.0414	0	0.9586	0.987	12.441	5.1697	6.3724	1.4277	-2.7017	-3.4795	4.2129	1.2285	-1.1048
sample338	EUR	NA	0	0	0.0332	0	0.9668	-0.1941	11.3219	4.9682	7.6648	1.5732	-2.4927	-4.0318	3.3125	-0.1878	-1.2909
sample339	AMR	NA	0	0.0068	0.9932	0	0	-0.2254	-7.0604	12.2293	-12.5606	-0.138	-2.7056	-4.2951	5.1434	-0.4672	-0.984
sample340	EUR	NA	0	0	0.0123	0	0.9877	0.8227	14.4083	5.8775	8.838	1.5411	-1.1067	-2.0009	4.5264	-2.4882	-1.9694
sample341	EUR	NA	0	0	0.059	0	0.941	-0.2797	10.0407	5.5255	6.8431	0.8835	-3.3925	-3.8234	3.0771	-0.0401	-1.5215
sample342	AMR	NA	0	0.0056	0.9944	0	0	3.4199	-7.8027	13.3995	-13.9105	1.7929	-3.8152	-5.3263	4.1495	0.5239	-2.3125
sample343	AMR	NA	0	0.0066	0.9934	0	0	-0.7363	-11.2417	14.1678	-16.645	-0.0196	-3.1333	-3.4116	4.6023	-1.9411	-1.7665
sample344	EUR	NA	0	0	0.0445	0	0.9555	0.3063	13.0872	6.2989	6.4415	5.3408	-2.5016	-3.8697	5.9375	-0.5634	-1.2129
sample345	EUR	NA	0	0	0.0304	0	0.9696	-1.1818	12.0479	7.1219	7.762	0.3397	0.3804	-4.7132	5.6225	1.3603	-0.8007
sample346	EUR	NA	0	0	0.0413	0	0.9587	0.4667	10.0688	4.7442	8.2171	2.6631	-2.3839	-5.1091	3.5609	-0.2261	-1.471
sample347	EUR	NA	0	0	0.0234	0	0.9766	0.9061	12.2046	6.0038	8.4407	0.8446	-1.3509	-3.6763	2.6855	-0.0844	-1.2362
sample348	EUR	NA	0	0	0.0193	0	0.9807	-0.9397	11.4387	4.0807	8.7158	1.6045	-0.203	-4.5345	3.9513	-2.2253	-1.5572
sample349	EUR	NA	0	0	0.0192	0	0.9808	-1.111	11.2203	4.1106	9.2805	1.5164	-1.7037	-3.6831	4.1253	-2.0232	-1.7562
sample350	EUR	NA	0	0	0.0193	0	0.9807	0.122	11.3453	3.7034	9.7159	2.4486	-2.2595	-3.3006	4.529	-1.173	-1.3436
sample351	EUR	NA	0	0	0.0428	0	0.9572	0.1469	10.1148	5.014	8.2928	1.8275	-2.609	-4.7182	4.7449	-0.4804	-0.7849
sample352	AMR	NA	0.0021	2e-4	0.9936	4e-4	0.0037	-2.0389	-2.4955	2.1816	7.6991	2.1194	-3.348	-4.4961	4.2805	-2.13	-1.4823
sample353	EUR	NA	0	0	0.0779	0	0.9221	0.5003	9.1455	5.7205	7.8275	3.7703	-4.0888	-4.4369	6.5139	-1.0867	-2.413
sample354	EUR	NA	0	0	0.09	0	0.91	0.354	8.3868	6.5869	7.5135	2.9117	-3.5818	-4.7859	3.7086	-1.8926	-2.0972
sample355	EUR	NA	0	0	0.0202	0	0.9798	-0.2431	11.9538	4.7595	8.8648	2.691	-1.503	-3.6996000000000002	2.1193	0.3837	-0.3514
sample356	EUR	NA	0	0	0.0591	0	0.9409	4.0922	10.1946	2.8312	7.2695	2.2188	-6.6811	-2.4137	3.5692	-0.3364	-3.9708
sample357	AMR	NA	0	0.0079	0.9921	0	0	-2.0689	-2.2179	9.7698	-7.2751	2.4468	-3.6778	-2.4953	4.835	1.199	-2.4862
sample358	EUR	NA	0	0	0.0158	0	0.9842	1.9214	12.2064	4.2999	9.6773	2.4003	-4.6008	-4.0063	1.8766	-2.1828	-2.6474
sample359	EUR	NA	0	0	0.046	0	0.954	2.049	10.6726	2.41	7.3558	2.0671	-6.4884	-4.0345	3.9574	-1.8362	-0.4349
sample360	EUR	NA	0	0	0.0398	0	0.9602	1.091	10.8839	5.375	8.1446	1.0792	-3.893	-4.8163	4.7718	-0.7619	-0.8619
sample361	AMR	NA	2e-4	0.0024	0.8891	0.0017	0.1066	8.2555	4.0093	6.1162	1.9786	2.6481	-4.1564	-5.0215	1.769	-2.0628	-2.5407
sample362	EUR	NA	0	0	0.0646	0	0.9354	2.7437	9.0228	2.8794	8.1417	2.437	-7.6076	-4.6777	4.1445	0.3573	-1.269
sample363	AMR	NA	0	0.0039	0.9961	0	0	-3.1072	-15.657	17.0357	-21.752	2.7006	-2.5854	-1.3098	3.8363	-1.152	-2.792
sample364	EUR	NA	0	0	0.0405	0	0.9595	3.0235	10.55	5.1793	8.4747	1.2877	-7.1618	-5.2069	2.9872	-2.4056	-2.6639
sample365	AMR	NA	0.0016	0.0407	0.9568	2e-4	7e-4	12.4539	0.2512	4.6255	2.3595	3.0878	-5.6872	-3.3909	3.0511	-1.3236	-0.2768
sample366	EUR	NA	0	0	0.0137	0	0.9863	-0.4896	12.1036	4.8073	10.3857	2.0156	-3.6764	-4.0823	3.4301	-0.0912	-0.6987
sample367	EUR	NA	0	0	0.0249	0	0.9751	0.5137	10.6929	3.2771	7.963	2.6091	1.0097	-5.0943	3.2109	-0.685	-3.1097
sample368	EUR	NA	0	0	0.0117	0	0.9883	0.1635	14.4134	3.5477	8.4622	1.9747	-2.3313	-4.1247	4.7109	-1.8807	-0.229
sample369	EUR	NA	0	0	0.0173	0	0.9827	2.1906	13.5862	5.7717	8.7541	2.1345	-2.626	-3.589	3.6287	-0.4902	-2.4685
sample370	EUR	NA	0	0	0.0251	0	0.9749	0.7229	11.4122	3.624	8.2141	1.0344	-3.238	-4.5326	4.0094	-1.8628	-2.5346
sample371	EUR	NA	0	0	0.0325	0	0.9675	-0.203	12.1068	5.7124	7.8707	3.627	-2.5736	-2.3588	3.6275	-0.9057	-0.5821
sample372	EUR	NA	0	0	0.0234	0	0.9766	0.9826	11.7947	4.9308	9.2142	2.4778	-1.2623	-2.5368	4.5743	0.0488	-1.3164
sample373	EUR	NA	0	0	0.0292	0	0.9708	1.0099	12.678	4.9344	7.2191	1.9874	-4.0231	-1.9776	2.5196	-2.3902	-1.7727
sample374	EUR	NA	0	0	0.0353	0	0.9647	0.8825	11.5271	4.0138	7.1058	1.3391	-0.9085	-3.5013	4.0399	-0.6772	-1.4401
sample375	EUR	NA	0	0	0.0249	0	0.9751	-0.3563	12.2581	4.61	7.4683	1.3838	-0.9629	-4.3819	4.9181	0.3526	-3.4167
sample376	EUR	NA	0	0	0.0228	0	0.9772	0.1682	12.8088	5.0054	7.9475	3.6922	-1.1451	-3.6243	3.6874	-0.5995	-1.53
sample377	EUR	NA	0	0	0.0678	0	0.9321	-0.2756	9.6147	2.0329	5.8945	1.8491	-3.7637	-4.6057	4.9909	0.273	-1.5468
sample378	EUR	NA	0	0	0.023	0	0.977	0.3914	13.0661	4.8024	7.663	2.6788	-2.7521	-4.9823	4.39	-2.5471	-0.5819
sample379	EUR	NA	0	0	0.0205	0	0.9795	2.3791	12.2555	1.7207	8.2301	0.6433	-6.2549	-3.8538	3.642	-1.6352	-1.8693
sample380	EUR	NA	0	0	0.0342	0	0.9658	1.4418	11.4946	5.9462	8.6322	2.6184	-4.1093	-2.3711	3.4623	0.2005	-1.7238
sample381	EUR	NA	0	0	0.0891	0	0.9109	7.3982	7.7359	0.187	8.2722	-0.7033	-9.5512	-3.6111	4.6935	-1.5674	-1.4369
sample382	EUR	NA	0	0	0.0134	0	0.9866	-1.2085	12.5836	6.0161	9.6734000000000009	1.7264	-1.124	-2.2469	3.2463	-1.1894	-2.4422
sample383	EUR	NA	0	0	0.0187	0	0.9813	0.1575	13.6243	3.9906	7.6064	1.0418	-1.2482	-1.619	5.4558	-1.0148	-2.1288
sample384	EUR	NA	0	0	0.0474	0	0.9526	0.3988	10.8122	5.7821	7.2012	1.6579	-0.8165	-4.8737	5.2142	0.3404	-1.9305
sample385	EUR	NA	0	0	0.0253	0	0.9747	1.32	12.24	6.2829	8.6282	1.8784	-1.3122	-3.8178	4.2211	-1.5085	-1.1017
sample386	AMR	NA	3e-4	0.002	0.9823	9e-4	0.0144	8.6441	2.0887	7.6744	1.5199	1.0726	-4.8354	-2.6484	4.5641	-3.5608	-1.5827
sample387	AFR	NA	0	0.9998	2e-4	0	0	55.4437	-13.8109	0.9872	0.3893	2.05	-3.1406	-4.3655	3.7429	-2.7876	-3.0753
sample388	EUR	NA	0	0	0.0793	0	0.9207	0.4018	9.3465	-0.4043	4.6608	0.3571	-4.8663	-5.1281	6.3074	-1.4714	0.6165
sample389	EUR	NA	0	0	0.0167	0	0.9833	0.892	13.5153	3.0818	7.9981	1.9818	-0.7525	-3.7416	6.1855	-0.7777	-2.1121
sample390	EUR	NA	0	0	0.0181	0	0.9819	-0.0981	12.9103	6.3084	8.361	1.2476	-0.6892	-4.232	4.622	-2.6556	-2.225
sample391	AFR	NA	0	0.9998	2e-4	0	0	55.2262	-12.9607	-0.5704	1.4061	1.6584	-1.816	-4.1733	5.154	0.6637	-2.372
sample392	EUR	NA	0	1e-4	0.1451	0	0.8547	7.9619	6.7299	-1.4636	7.5505	3.9214	-7.5839	-3.886	3.0687	-1.0447	-1.8687
sample393	EUR	NA	0	0	0.03	0	0.97	-0.2694	9.8041	5.228	9.0768	1.1563	-0.6159	-4.4957	3.3084	0.9052	-2.8825
sample394	AFR	NA	0	0.9999	1e-4	0	0	57.5613	-15.873	0.814	1.6642	1.1349	-3.7351	-5.3508	4.1966	-0.6503	-2.7045
sample395	EUR	NA	0	0	0.0206	0	0.9794	-0.9152	12.1474	4.9703	8.7589	3.1158	-1.7818	-2.9803	3.998	0.4924	-2.6296
sample396	EUR	NA	0	0	0.0163	5e-4	0.9832	2.2643	6.6853	-2.6394	6.2031	2.5372	-5.8788	-4.1165	5.815	-2.1464	-2.4487
sample397	EAS	NA	1	0	0	0	0	-5.1973	-43.1619	-0.7541	6.9882	8.381	-4.3292	-3.0387	6.9677	-0.5237	-1.9557
sample398	EUR	NA	0	0	0.0149	0	0.9851	1.4625	13.315	5.7335	8.9662	2.4425	-0.2523	-4.3365	4.5497	-0.575	-2.715
sample399	EUR	NA	0	0	0.0186	0	0.9814	-0.8516	12.8177	7.0644	8.4424	1.6333	-1.1852	-5.1788	4.3181	-2.6352	-2.3005
sample400	EUR	NA	0	0	0.0394	0	0.9606	2.6775	10.0749	2.2027	8.3965	1.6761	-6.607	-2.1076	2.5498	-1.1643	-1.7811
sample401	EUR	NA	0	0	0.029	0	0.971	0.2847	11.727	4.7181	8.0727	1.8086	-2.2923	-3.9737	4.3712	0.1156	-1.0463
sample402	EUR	NA	0	0	0.0393	0	0.9607	-0.4601	10.7361	5.2576	7.6815	3.005	-2.5267	-4.6778	3.9938	2.2983	-1.9542
sample403	EUR	NA	0	0	0.0202	0	0.9798	-0.6525	13.1546	3.8399	7.5539	2.3357	-2.001	-4.4715	4.486	0.0383	-0.6207
sample404	AFR	NA	0	0.9994	6e-4	0	0	50.7025	-12.4565	0.7993	2.6658	1.3855	-1.2817	-3.2048	4.4945	-0.4418	-2.3675
sample405	EUR	NA	0	0	0.0187	0	0.9813	1.8872	13.0587	4.4908	8.8118	2.1211	-2.8694	-3.8295	4.6581	-1.3121	-1.1825
sample406	EUR	NA	0	0	0.037	0	0.963	0.7569	10.8966	5.3943	7.638	2.5326	-0.9712	-4.9035	4.2726	-3.5166	-1.6177
sample407	EUR	NA	0	0	0.0143	0	0.9857	0.6002	12.5447	5.0645	10.1406	2.105	-3.0278	-4.0918	5.5337	-1.9756	-2.5982
sample408	EUR	NA	0	0	0.0431	0	0.9569	-0.188	9.106	5.2656	8.6315	2.5187	-1.3384	-4.4871	5.7111	-3.2434	-2.6237
sample409	EUR	NA	0	0	0.056	6e-4	0.9433	1.8282	6.9331	-1.4428	4.1027	1.1266	-3.5209	-4.5631	3.7572	-2.5229	-0.9219
sample410	EUR	NA	0	0	0.0226	0	0.9774	0.2205	13.5386	4.7248	7.026	3.0376	0.0445	-3.8542	4.9323	-0.9477	-1.2774
sample411	SAS	NA	0	0.0014	0.0073	0.5748	0.4164	-10.2849	3.7017	-1.8758	-1.1313	-2.0308	2.8004	3.6144	-3.9221	1.8033	1.2433
sample412	AMR	NA	0	0.0094	0.9906	0	0	-0.5879	-8.9042	12.0419	-11.8466	1.0248	-3.1174	-2.0004	3.562	-0.4931	-1.671
sample413	EUR	NA	0	0	0.0277	0	0.9723	0.0141	12.6566	4.6119	6.9974	3.2643	-0.0334	-3.6939	5.5469	-2.4678	-1.2181
sample414	EUR	NA	0	0	0.0429	0	0.9571	0.2965	10.6499	6.128	8.3436	2.1929	-3.8988	-3.2531	5.5038	-1.1568	-3.0733
sample415	EUR	NA	0	0	0.0258	0	0.9742	0.6512	12.0957	3.9315	7.954	1.6667	-3.4034	-2.2001	2.5916	0.0137	-0.8114
sample416	EUR	NA	0	0	0.0172	0	0.9828	0.1456	12.3846	5.9886	9.0383	2.5796	0.8345	-4.1337	2.7131	1.5313	-1.6577
sample417	EUR	NA	0	0	0.0459	0	0.9541	0.6544	11.8629	5.562	6.6719	0.2352	-3.5226	-1.2621	5.6308	-1.33	-3.0287
sample418	EUR	NA	0	0	0.0412	0	0.9588	0.1702	11.3837	5.1552	6.8101	1.5258	-1.7518	-4.0664	5.1822	-1.2397	-3.2045
sample419	EUR	NA	0	0	0.0171	0	0.9829	-0.6487	13.1978	3.2628	7.9121	1.6776	-6.3553	-4.4916	4.1187	-2.3727	-1.9346
sample420	AMR	NA	4e-4	0.0649	0.903	1e-4	0.0316	14.5476	4.9648	3.8423	7.3277	2.1212	-1.4099	-3.0348	5.0177	0.9413	-1.9245
sample421	EUR	NA	0	0	0.0407	0	0.9593	3.3936	10.8047	2.1546	7.6107	2.8561	-5.2793	-3.9033	2.4723	-1.5458	-0.935
sample422	EUR	NA	0	0	0.0202	0	0.9798	1.4441	12.4298	4.5448	9.0809	1.6183	-2.2199	-3.1624	4.8793	-0.6604	-0.9854
sample423	EUR	NA	0	0	0.0261	0	0.9739	0.8237	12.4107	3.3472	7.5898	1.4499	-2.3725	-1.6125	3.752	0.876	-1.1031
sample424	AFR	NA	0	0.9945	0.0055	0	0	43.6642	-8.7192	2.1474	2.1722	2.3437	-2.9454	-4.15	3.2249	-1.3633	-2.0266
sample425	EUR	NA	0	0	0.0222	0	0.9778	-0.2397	13.1996	4.4762	6.9264	2.3133	-1.1893	-3.808	4.1003	-2.5572	-2.5861
sample426	EUR	NA	0	0	0.026	0	0.974	0.5056	12.9871	5.8707	7.2873	1.3557	-1.3523	-3.6335	5.0401	-2.137	-2.2977
sample427	EUR	NA	0	0	0.03	0	0.97	-0.214	10.5919	4.9072	8.5754	1.4734	-0.2363	-4.4721	4.5699	-0.5181	-1.3426
sample428	EUR	NA	0	0	0.0399	0	0.9601	1.6767	11.1743	6.3939	7.9986	1.315	-4.4034	-4.721	4.0425	-1.7536	-2.8123
sample429	EUR	NA	0	0	0.0261	0	0.9739	-0.7078	12.0736	6.1904	8.5254	2.802	-2.8274	-3.0251	3.884	-0.4544	-1.6381
sample430	EUR	NA	0	0	0.0235	0	0.9765	0.5508	12.3683	5.7839	8.5463	1.1193	-1.1723	-3.6431	4.2714	-0.8889	-0.1196
sample431	EUR	NA	0	0	0.0139	0	0.9861	-1.7154	11.8951	6.3994	10.3227	0.5381	-0.4279	-3.2453	4.9835	-2.1544	-0.9085
sample432	EUR	NA	0	0	0.0255	0	0.9745	0.7629	13.7505	6.362	7.4176	2.3249	-2.5115	-2.1053	4.5229	-1.3037	-1.7449
sample433	EUR	NA	0	0	0.0489	0	0.9511	0.2869	11.8596	5.7544	6.587	2.3781	-3.7929	-2.4983	4.7127	-0.068	-2.4271
sample434	EUR	NA	0	0	0.0193	0	0.9807	1.2968	13.2328	6.1804	8.8986	1.2308	-2.3855	-2.7419	4.871	-0.6026	-1.7718
sample435	EUR	NA	0	0	0.015	0	0.985	-0.8857	10.8221	4.3039	10.3282	0.3135	-0.4729	-4.9032	5.2139	0.094	-3.1711
sample436	EUR	NA	0	0	0.0262	0	0.9738	0.6927	12.4746	5.7501	8.4654	1.8088	-4.1611	-3.2654	4.6607	0.8674	-1.6004
sample437	EUR	NA	0	0	0.0157	0	0.9843	-0.2996	13.5144	4.2156	8.545	3.7946	-1.0131	-3.2803	5.6203	-1.3577	-1.5334
sample438	EUR	NA	0	0	0.1759	0	0.8241	2.1548	9.2044	5.5226	3.9546	-0.7876	-4.1282	-4.632	5.2561	-0.6574	-0.6419
sample439	EUR	NA	0	0	0.0205	0	0.9795	-0.4533	12.5573	4.1591	8.2327	3.7976	-0.0366	-3.4755	5.2563	-1.1747	-0.9356
sample440	AFR	NA	0	0.9981	0.0019	0	0	46.2682	-10.1642	0.5647	2.1369	1.4813	-3.4534	-4.0792	4.0248	-0.9442	-2.1019
sample441	EUR	NA	0	0	0.0324	0	0.9676	4.4241	11.0814	1.5888	8.801	0.4042	-8.6409	-1.5818	4.0112	0.2056	-1.549
sample442	EUR	NA	0	0	0.0214	0	0.9786	1.0115	13.0014	6.8859	8.6124	1.5103	-3.8361	-3.5861	2.532	-0.2229	-1.5935
sample443	AMR	NA	0	0	0.6891	0.0011	0.3098	-1.4258	5.4974	6.8275	0.1283	0.6699	-1.2583	-4.464	5.0306	-1.2512	-3.2824
sample444	EUR	NA	0	0	0.015	0	0.985	0.9265	12.3712	4.5736	9.5553	1.3527	-0.9932	-5.2867	3.9336	-0.3486	-1.0664
sample445	AFR	NA	0	0.9998	2e-4	0	0	55.7508	-16.012	1.9239	-0.1914	1.2442	-2.5932	-3.367	4.9452	-2.3654	-3.3431
sample446	SAS	NA	0	0	0	1	0	1.3968	-2.3938	-14.9355	-3.6736	1.0441	-4.183	-2.7684	3.7399	-2.2233	-0.7909
sample447	EUR	NA	0	0	0.0232	0	0.9768	0.3682	11.533	3.9617	8.4189	-0.1055	-1.0695	-4.1505	5.7888	-1.0504	-2.7178
sample448	EUR	NA	0	0	0.0315	0	0.9685	0.7959	11.8966	6.3751	7.9047	2.0546	-1.5975	-3.239	2.7925	-0.2798	-1.9467
sample449	EUR	NA	0	0	0.012	0	0.988	-0.1569	12.4149	3.5313	10.3511	2.5634	-1.7192	-2.7654	3.6991	-1.4697	0.147
sample450	EUR	NA	0	0	0.0189	0	0.9811	1.3022	12.5867	4.7399	9.2051	2.2142	-2.2625	-2.9159	5.4236	-0.6296	-2.7894
sample451	AFR	NA	0	0.9993	7e-4	0	0	50.3248	-11.8628	1.4834	2.3483	1.7954	-4.1397	-3.4921	5.0858	-1.6921	-2.3066
sample452	EUR	NA	0	0	0.0169	0	0.9831	-0.3823	13.5443	3.4517	7.7013	2.8326	-0.9302	-3.6696	4.4047	-1.7944	-0.7274
sample453	EAS	NA	1	0	0	0	0	-4.8191	-38.6252	-0.8917	7.8741	5.9731	-1.8447	-2.6601	4.6022	1.3226	-2.9159
sample454	EUR	NA	0	0	0.0334	0	0.9666	-0.5551	11.3223	5.2587	8.04	3.2652	-2.6285	-3.3785	4.285	0.618	-2.7775
sample455	EUR	NA	0	0	0.0176	0	0.9824	0.7719	11.9863	2.2199	9.0542	3.2435	-4.5871	-3.3817	2.9651	-3.0646	-1.1204
sample456	EUR	NA	0	0	0.0919	0	0.9081	6.1085	8.0199	3.5558	8.3	-0.0774	-7.0109	-3.8981	4.4698	-2.2778	-1.7072
sample457	EUR	NA	0	0	0.0335	0	0.9665	0.6765	10.3203	6.0561	9.0799	-0.138	-1.6686	-3.5578	5.52	-0.1817	-2.769
sample458	EUR	NA	0	0	0.0202	0	0.9798	-0.1277	12.1988	4.0887	8.3586	-0.1559	-2.2603	-3.1209	4.095	0.044	-1.3175
sample459	EUR	NA	0	0	0.0232	0	0.9768	-2.0588	10.9072	4.1496	8.6766	2.5571	-1.8846	-3.1114	5.158	-0.2	-3.2171
sample460	AMR	NA	0	0.0057	0.9942	0	0	0.4076	-0.8039	8.5023	-6.1257	-0.1492	-3.2717	-4.4039	2.3895	0.5298	-1.3769
sample461	EUR	NA	0	0	0.0579	0	0.9421	3.6627	8.3054	-0.6439	7.6133	-1.1972	-7.4867	-4.6027	4.3217	-3.1367	0.3601
sample462	EUR	NA	0	0	0.167	1e-4	0.8329	-2.1691	7.084	5.2468	4.6258	1.1938	-0.7283	-3.6631	4.3144	-2.0791	-0.9374
sample463	EUR	NA	0	0	0.0238	0	0.9762	0.8797	12.1331	5.8484	8.9828	2.3396	-2.3517	-2.8179	4.1698	-0.2365	-2.1628
sample464	EUR	NA	0	1e-4	0.2831	2e-4	0.7166	2.9278	7.6767	5.6485	2.914	-0.8498	-3.0592	-4.9289	3.1841	-0.7341	-0.4381
sample465	AMR	NA	0	0.0041	0.9959	0	0	-0.062	-7.1962	12.3483	-12.3786	3.8656	-4.6849	-1.742	5.2161	0.4739	-0.6046
sample466	EUR	NA	0	0	0.0154	0	0.9846	-0.5624	11.6793	4.2561	10.3203	1.8198	-3.353	-4.7647	6.0921	-0.4564	-2.1699
sample467	EUR	NA	0	0	0.0126	0	0.98740000000000006	-0.226	14.2475	6.6532	8.6529	1.4955	-2.5663	-4.1989	3.054	-0.8015	-2.9888
sample468	EUR	NA	0	0	0.0168	0	0.9832	0.7469	13.5774	4.1756	8.2407	2.277	-1.8856	-2.9108	4.8145	-2.1694	-1.7767
sample469	EUR	NA	0	0	0.0335	0	0.9665	0.0643	9.3496	4.3429	9.5185	1.7115	-4.0379	-4.0461	4.3897	-1.0843	-3.3954
sample470	EUR	NA	0	0	0.0229	0	0.9771	-1.527	12.9806	4.4384	7.4483	2.5999	-2.035	-2.2605	4.5417	-0.0013	-1.4079
sample471	EUR	NA	0	0	0.05	0	0.9499	0.6412	10.2781	3.9837	6.7481	0.3905	-1.6866	-2.8532	4.0695	-1.0312	-2.8889
sample472	EUR	NA	0	0	0.022	0	0.978	-1.3527	12.5316	7.7145	8.7099	3.6029	-3.2563	-3.2487	3.1877	-1.0463	-3.6795
sample473	EUR	NA	0	0	0.021	0	0.979	-0.9355	11.4029	3.1803	8.2513	2.4453	-0.0211	-5.1192	3.447	-0.2232	-1.6742
sample474	EUR	NA	0	0	0.0153	0	0.9847	0.7425	12.5489	4.2275	9.409	1.7837	-4.8514	-4.6868	1.5653	-1.223	0.5181
sample475	EUR	NA	0	0	0.0648	0	0.9352	2.43	9.7143	4.9345	8.0687	2.7638	-5.1468	-2.918	3.7022	1.4444	-1.1263
sample476	EUR	NA	0	0	0.0148	0	0.9852	-1.1256	11.5274	4.1517	9.5826	1.9757	0.5774	-4.3306	4.8388	-1.4858	-1.7722
sample477	EAS	NA	0.9978	0	0.0022	0	0	-3.7241	-15.1243	5.3012	7.6018	-0.2159	-1.6534	-3.9375	2.3278	0.082	-2.5748
sample478	EUR	NA	0	0	0.0094	0	0.9906	0.8925	14.7394	5.0164	9.7303	2.2855	-1.7846	-4.5421	5.3282	-0.7712	-0.2868
sample479	EUR	NA	0	0	0.025	0	0.975	1.9834	12.3523	4.8171	8.3387	2.6921	-2.4925	-2.9592	3.5872	-1.8388	-2.2247
sample480	AMR	NA	5e-4	0.1763	0.8189	1e-4	0.0043	16.4669	2.8644	3.1006	6.3778	1.4181	-2.4878	-3.7956	4.1835	0.5854	-0.4571
sample481	EUR	NA	0	0	0.0163	0	0.9837	1.5556	13.4785	3.5756	8.2012	0.1918	-1.6241	-4.0891	5.5226	-0.4495	-1.5497
sample482	EUR	NA	0	0	0.0265	0	0.9735	0.8475	12.2039	6.7346	8.3099	2.3074	-0.7129	-5.3882	4.3796	-0.9155	-1.3173
sample483	EUR	NA	0	0	0.023	0	0.977	-0.1738	12.3325	5.2004	8.6153	2.5372	-2.4838	-4.8108	6.0795	-0.8276	-1.7937
sample484	EUR	NA	0	0	0.018	0	0.982	0.0135	12.3238	3.886	8.5261	3.142	-0.0947	-2.5314	3.9755	-0.4457	-2.4247
sample485	AMR	NA	0.0054	0.1298	0.8649	0	0	-3.9668	-26.5235	8.4581	-5.4631	4.4996	-2.0338	-3.1459	5.4087	-1.1515	-0.9331
sample486	AFR	NA	0	0.9572	0.0428	0	0	34.4979	-4.6668	2.1672	5.1094	2.8684	-3.0224	-2.5245	4.8963	-1.3453	-0.9346
sample487	AFR	NA	1e-4	0.8119	0.188	0	0	24.2054	1.1346	2.2756	5.8821	2.741	-2.4005	-2.7263	4.4285	-1.6372	-1.712
sample488	EUR	NA	0	0	0.0187	0	0.9813	2.9289	13.2297	2.9348	8.4507	1.1037	-6.03	-5.0073	5.1673	-1.4619	-1.2259
sample489	EUR	NA	0	0	0.0301	0	0.9699	-1.4597	11.2241	3.6873	7.373	1.7412	-1.9593	-4.1036	4.935	0.7581	-2.1442
sample490	AMR	NA	0	0.0026	0.9974	0	0	-5.9048	-19.2503	16.1662	-25.3412	3.1763	-2.0824	-3.2779	4.8496	-2.2434	-1.5661
sample491	EUR	NA	0	0	0.0297	0	0.9703	0.9745	11.8195	3.7787	8.076	1.8647	-3.1747	-3.7958	5.5814	-2.378	-0.1855
sample492	EUR	NA	0	0	0.1516	0	0.8484	5.3402	8.212	5.897	6.779	1.6625	-3.9355	-3.3385	5.3599	-2.2218	-1.8205
sample493	EUR	NA	0	0	0.0191	0	0.9809	0.583	12.611	4.9021	9.0098	1.8565	-2.321	-2.9138	4.2615	0.5966	-1.3818
sample494	EUR	NA	0	0	0.0226	0	0.9774	0.2422	11.1373	4.8919	9.8072	2.8412	-2.9696	-2.8264	4.0558	0.0579	-2.2754
sample495	AMR	NA	1e-4	2e-4	0.5691	0.001	0.4296	5.6623	4.9955	5.8901	3.5265	1.6717	-4.7755	-2.7316	4.768	-0.0342	-1.0986
sample496	EUR	NA	0	0	0.0181	0	0.9819	0.7221	13.1897	3.9777	8.0649	2.644	-2.4944	-5.0476	4.5045	-1.2283	-2.1573
sample497	EUR	NA	0	0	0.0265	0	0.9735	1.1552	11.6212	4.005	8.3198	2.6284	-1.9456	-3.376	4.2603	-0.8389	-2.9383
sample498	EUR	NA	0	0	0.2525	2e-4	0.7473	1.5582	3.122	0.7111	6.8804	-0.3257	-4.086	-2.7647	5.8925	-1.9591	-3.4899
sample499	EUR	NA	0	0	0.0214	0	0.9786	2.0676	12.0496	2.4349	8.5947	1.0052	-5.6101	-4.2179	4.5101	-0.7015	-1.9373
sample500	AFR	NA	0	0.9999	1e-4	0	0	55.6405	-17.6112	0.4236	0.4184	1.9581	-1.501	-4.0383	4.8402	-1.436	-0.6628
